"treatment","health_status","test_score"
0,74.4,61.7
0,73.6,65.9
0,64.9,56.6
1,67.3,62.4
0,36,40.8
0,63.2,58.7
1,54.8,54.4
1,59.3,56.3
0,23.6,27
0,62.4,61.1
1,60.3,55.6
0,39.2,50.7
0,49.3,50.4
1,44.6,53.3
0,44.3,49.8
1,65.2,68.5
0,53.7,55.6
1,65,60.4
0,46.2,51.3
1,77.5,68.1
1,46.9,51.8
0,59.6,54.4
0,55.4,58.6
1,52.7,49.1
1,65.1,65.2
0,74,69
0,45,50.2
1,45.8,54
0,39.6,47.9
0,51,47.6
0,41.6,46
0,39,48.4
1,50.7,39.3
1,67.8,52.3
1,61.2,52
1,31,48.1
0,48.8,44.3
1,54.2,48.8
1,53.5,45.7
1,49.7,39.8
1,71.8,67.1
1,48.2,51.6
1,58.8,56.6
0,60.8,56.3
1,62.8,57
1,57.9,57.5
1,46.8,43.4
1,40.6,38.4
0,42.6,46.7
1,66.3,58.2
1,53,48.6
1,55.9,54
1,58,54.7
1,70.2,52.1
0,43.1,49.3
0,43.6,45.5
1,67.4,53.3
1,55.9,52
0,56.7,50.5
0,52.4,52.5
1,77.5,63.4
1,65,57.7
0,44.5,44.7
1,55.9,54.3
1,67.4,61
1,60.1,51.8
1,41.1,34
1,59.4,54
0,59.6,57.7
1,47.7,60.9
0,57.9,58.7
0,39.7,35.1
0,52.9,58.9
0,55.2,64.3
1,39.9,52.5
1,56.4,55.6
0,49.8,44.6
0,38.3,41
0,48.5,47.9
0,50.2,54.9
0,39.8,41.1
0,55.2,49.8
1,50.4,45.6
0,38.3,41.5
1,68.5,53.8
0,48.1,58.8
1,72.5,59.8
0,36.5,43.5
1,58.9,53
1,55.7,61.6
1,41.9,51.9
0,57.3,49.8
0,54.5,61.2
0,53,49.9
1,55,60.5
1,70.2,58.8
1,55.3,49.5
1,49.9,50.2
1,60.7,51
1,51.3,53.7
1,31.7,39.7
1,60.8,54.8
1,55.8,51.8
1,64.5,66.2
1,63.4,63.3
0,52.5,51.5
0,46.4,53.2
0,42.3,49.4
0,56.7,56.4
1,75.9,52.3
1,49.1,56.9
0,62.3,54.4
0,68.7,64
1,73.7,71
0,45.8,45.2
0,51.2,43
1,42.4,55
1,55.4,57.1
1,52.8,45.5
0,58.9,52
0,42.4,41.8
1,51.5,48.6
1,58.9,59.7
0,41.1,53.4
0,32.9,45.1
0,54.4,42.2
0,32.8,36.7
1,54.7,52.1
0,61.4,52.1
1,61.9,50
1,63.8,59
1,48,50.6
0,37.3,45.8
0,58.2,58.6
0,37.8,51.5
1,71.3,56.4
0,53.6,53.3
0,50.5,57
1,61.1,54.5
0,37.5,41.3
0,54.8,53.1
1,68.3,52.5
0,40.5,40.4
0,48.2,48.9
0,41.5,46.4
0,51,49.2
1,53.6,54
0,59.8,50.7
0,38.2,46.1
0,49,42.4
0,50.4,50.9
0,31.9,38
0,47.5,49.4
0,40.8,47.2
0,43.3,41.4
1,65.1,59
1,66,60.9
0,37.2,46
0,49,58.5
0,34.2,48.2
0,58.4,55.9
1,52.4,55.9
1,67.9,69.1
1,45.4,46.3
1,70.8,54.3
1,51.9,48
1,50,46.8
1,53.5,61.8
0,39.1,50.1
0,28,39.4
0,50.1,45.2
0,68.1,59
0,50.9,55.6
1,60.7,49.9
0,67,48.4
1,55.5,57.1
0,41.2,38.4
0,53.4,57.9
1,57.4,57.6
1,54.9,44.4
1,60.3,54.7
0,47.1,42.1
0,42.1,36.8
0,32.9,37.9
1,48.3,46.4
1,50.9,56.5
0,52.8,51.4
0,47.6,49.8
1,50.5,46.3
0,36.7,42.6
1,58.4,52.9
0,61.4,54.6
1,50.3,51.9
1,69.8,61
0,43.6,31.1
1,83.1,67.2
0,45.9,48.9
1,67.6,56.5
0,54.7,58.3
1,56.5,49.6
0,39.2,46
1,60.7,59.5
1,68.2,60.2
1,56.7,52.4
1,55.7,46.9
1,76.8,68.8
0,41.8,42.1
0,47,53.4
1,52.1,54.8
1,76.3,66.7
0,59.9,53.6
0,53.5,40.3
0,46.6,51.5
1,70.1,57.8
1,65.6,52.6
1,61.8,50.2
0,48.8,46.6
0,52.2,49.2
1,40.1,50
0,24.5,38.7
0,56.1,50.4
1,72.3,61.9
1,51.8,55.6
1,73.4,58.5
1,65,63.9
1,72.5,58.3
1,72.4,60
0,47.1,49.4
0,55.2,57.5
1,59.6,63.4
0,41.2,49.8
0,53,42.1
0,45.9,43.4
0,58.8,53.8
0,54.3,49
1,59,52.1
1,72,61.3
0,54.9,48
1,74.2,59.3
1,34.8,45.6
1,65.7,41.7
0,35,43.2
1,63.3,52.2
0,40.9,47.1
0,48.9,45.8
0,52.6,49.8
1,71.9,64.3
1,58.1,58.8
1,70.9,62.8
0,57.2,46.2
1,48.8,54
1,53,46.8
0,18.9,47.6
1,51.1,56.2
0,53,57.7
0,49.3,58.8
1,49.3,49.3
1,51.3,46.8
1,59.7,53.1
0,50.7,53.2
0,28,42.5
0,40.8,45.6
1,57.3,55.6
1,66.7,63.7
1,37.5,40.6
0,49.3,51.7
0,37,34
1,65.9,59.4
1,53.5,57
1,54.1,55.4
0,41.6,45.4
1,42.5,49.8
1,45.2,56.4
0,45.5,47.4
1,63.3,44.8
0,53.5,53.9
1,75.6,66.6
1,60.7,57.6
1,53.1,59.7
1,63.4,53.7
1,54.6,53.3
1,71.4,69.2
0,50.7,46.6
0,73.5,58.1
0,27.3,36.4
1,45.3,39
0,57.5,53.5
1,64.2,50.9
0,49.9,40.9
0,28.8,43.2
1,49.4,44.9
1,68.6,65.8
1,68,57.9
0,44.6,48.1
0,45.8,56.5
0,34.3,44.4
1,56.9,51.4
0,54,49.8
0,56,53.5
0,70,60.3
0,64.1,55.6
0,58.5,53
1,45.6,48.5
1,58.4,56.7
1,65.7,53
1,49.4,45.6
1,47.8,47.4
1,42.6,44
1,57.8,52.3
1,48,49.1
1,49.1,58
1,52.9,48.9
0,49.6,45.9
0,53.1,58.5
1,49.5,47.1
1,56.3,45.7
0,60,46.1
0,55.9,47.2
0,75.3,56.7
0,41.7,45.2
1,59.1,47
1,57.4,55.6
1,77.5,59.7
0,44.7,46
1,50.7,52.9
0,59.1,56.6
1,70,53.4
1,67.7,55
1,48.3,48.6
0,46.6,48
0,74.4,52.1
1,39.4,38.2
0,68.2,61.5
0,58.1,50.6
0,43.8,38.6
0,47.1,46.6
1,48.1,41.5
0,46.3,52.8
1,61.9,66
0,56.5,53.8
1,38.3,43.1
1,54.4,51.3
1,54.8,53.2
1,50.8,48.9
0,58.1,47.4
1,69.1,62.6
1,64.1,46
1,49.1,46.5
0,50.6,48.9
0,55.7,51.4
1,62.2,60.3
1,45.4,39.6
1,55.3,46.2
0,43,44.1
0,50.4,56
1,57.7,46.1
0,40.9,49.7
0,73.2,60.8
1,72.1,64
1,70.8,66.1
0,35.2,40.2
0,60,54.6
0,45.4,43.9
0,50.8,41.3
0,24.3,39.7
0,47,48.6
1,63.2,53.2
0,29.3,49.1
1,57.7,54.3
1,53.1,52.5
1,76.5,57.1
0,48.7,54.1
0,46.1,42.6
0,53.1,47
1,48.3,47.4
0,53.9,59.9
1,61,53.6
1,38.1,46.8
1,55.3,47.7
0,44.3,49.3
1,53.4,57.8
1,51.4,53
1,71.2,60.4
0,43.9,51.4
1,64.2,54.8
1,69.3,57.8
0,43.4,42.8
0,48.1,50.7
1,37.1,42.7
0,53.1,51.8
1,48,58.8
0,58.7,51.2
1,61,50.4
0,55.6,44.1
0,58.7,44.5
1,57,45.6
1,59.9,64.7
0,55.7,57.1
1,55.2,57.4
0,44.4,38.9
1,66.4,61.5
1,58.3,48.4
1,65.5,53.4
0,53.8,51.9
0,45.5,50.7
0,48.9,48.1
1,61.5,54.1
1,57.1,50.3
1,52.7,50.1
1,41.8,32.6
0,58.6,48.5
0,41.3,44.8
1,53.7,62.6
1,54.6,47.9
1,62.2,51.1
1,57.1,51.7
0,46.3,35.5
1,50.3,52.4
1,65.3,66.6
0,51,59.4
1,82.9,62.5
1,37.9,44.9
1,74.1,66.6
1,49.6,56
0,47.3,53
0,57.2,46.8
1,64.4,48.7
1,60.8,57.2
0,46.1,49.4
1,51.7,42.9
0,77.9,68.2
0,19.9,38.8
0,53.8,45.4
0,54.2,52.5
0,49.3,50.2
0,51.6,48.8
1,62,61.5
1,61.2,50.4
0,54.5,52.5
1,76.8,59.2
0,37.4,41
1,57.1,57.7
0,46.7,50.5
1,59.5,53.3
1,57.5,48.2
0,38.8,44.8
0,46.3,43.6
0,52.5,48.3
0,49.3,42.8
1,64,50
0,57.2,44.3
1,53,49.7
1,49.2,41.1
1,53.7,64.5
1,55.5,53.2
1,44.8,42.3
1,44,52.8
0,38.8,43.4
1,68.5,58.3
1,64.7,54.1
0,59,52.1
0,45.8,41.4
0,39.8,43.9
1,59.9,49.4
1,70.1,61.3
0,47.6,57
0,53.4,53.9
0,52.7,52.2
0,58.8,60
0,47.1,49.8
0,52.9,43.7
1,52.6,55.7
0,55.3,48.7
0,42.5,43.6
0,51.1,47.6
0,62.3,53.7
0,48.7,44.3
0,71.6,64.6
1,54.9,55.7
0,55.3,51.3
0,37.1,39.7
0,48.7,51.3
1,44.3,48.3
0,42.5,48.7
0,37.7,47.2
0,32.9,40.5
0,46.7,49.9
0,31.6,36
1,55.1,59.5
1,68.3,62.9
0,51.8,60.5
1,48.3,41.7
1,48.3,57.7
1,65.6,54.1
0,30.9,36.2
1,57.3,52.4
1,42.8,35.7
1,59,55.4
1,41.6,44.5
1,61.5,60.7
1,46.8,47.1
0,54,59.5
1,70.3,55.7
0,34.4,47
0,41.5,56.1
0,38.3,47.3
0,51.8,51.9
1,67.7,58.7
1,59.6,52.5
1,91,71
1,57,47.8
0,51.5,64.9
1,56.5,53
1,64.2,53.5
1,56.6,49.3
1,55.5,57.4
0,45.1,46
1,50.2,57.4
0,63.4,63.2
0,56.2,57.5
1,71.7,61.9
1,53,47
1,60.9,57.1
0,53.7,49.1
0,33.6,35.9
0,59.8,61.2
1,58.5,44.5
1,62.9,70.3
1,64.4,55.3
0,51.8,50.9
0,35.5,54.9
1,64.7,61
1,64.9,56.6
0,48.1,43.2
0,57.5,49.5
0,50.5,51.4
1,41.3,47.7
1,64.3,50.5
1,61.3,58.3
1,68.9,57.6
1,45.9,47.2
0,42.6,48.8
1,44.7,43
0,42.6,41.9
1,64.4,59
1,66.5,67
1,55.1,57.2
0,43.6,36.6
1,47,41.6
1,76.3,67.4
0,59.8,50.2
0,38.9,53.5
0,51.5,48
1,55.7,53.4
1,58.2,58
1,61.7,54.9
1,79.9,67.3
1,68.7,59.8
0,54,48.5
1,48.7,46.8
1,73.8,57.6
1,64.3,57.6
1,61.1,55.2
1,54.5,48.6
0,35.2,41.8
1,67.1,61.8
1,56.5,54.6
0,61.3,58.7
1,68.8,59.6
1,57.3,57
0,45.6,39.8
1,72.3,59.1
1,64.1,55.8
0,52.2,51.2
1,71,52.5
1,77.8,70.9
0,35.8,47.7
0,53.7,52.6
1,68.7,64.2
0,43.5,46
1,52.8,55
1,44.7,51.7
1,57.3,58.6
0,43.6,45.7
1,46.2,47.3
0,67.3,66.3
1,45.9,41.3
1,58.5,57.8
1,58.9,58.8
0,55.6,43.6
0,38.9,43.2
1,61.2,63.3
0,73.3,62.1
0,64.9,55.6
1,50.8,46.7
0,47.2,46.7
0,53,54.8
0,57.2,55
1,62.1,59
0,48,47.2
0,57.9,51.6
0,44.5,42.6
0,51.2,52.8
0,53.3,57.2
0,50.7,49.3
1,66.5,63.1
1,50.6,50.3
1,51.9,48.7
1,60.6,58.4
1,53.4,45
0,56.1,49.1
1,45.7,53.7
1,55,55.5
1,39.2,45.5
1,76.8,62.2
0,52.9,52.6
0,51.9,39.6
1,53.9,48.4
0,47.4,45
1,40.1,45.3
0,49.2,53.2
0,46.5,41.1
0,54.3,49.8
1,52.2,47.3
0,53.4,51.9
0,52.6,51.4
0,66.7,53
0,55,46.2
0,59.7,54.8
0,55.9,57.8
1,50.7,47.3
0,44.5,55.3
0,48.1,47.9
0,37.7,38.6
0,60.2,51.9
0,49.3,49.3
0,50.6,50.3
1,60.5,59.2
0,62.2,57.9
0,46.7,46.3
0,40,51.6
0,55.9,56.7
0,39,43.1
1,56.3,49.7
0,50.7,55.7
0,33.4,43.8
1,57.5,57.2
1,69.1,59.6
0,56.2,61.4
0,55.7,52.3
0,49.4,50.9
0,54.4,47.5
1,53.3,49.4
1,72.5,61.7
0,48.1,46.4
0,67.2,65
0,29.9,42.2
0,45.3,52.4
0,52.7,42.2
1,77.8,57
1,48.9,40
1,60.5,57.9
1,51.1,58.3
0,42.8,36.1
1,68.3,60.2
1,57,58.8
1,46.5,53.7
1,59.5,60.8
1,62.1,57
1,50.9,45.9
0,47,51.5
1,71.7,59.6
1,56.1,46.6
1,31.4,40.7
0,58.2,53
1,51.5,48.5
0,50.6,57.3
1,63.7,46.9
0,26.9,40
1,75.1,77
0,69.4,62.9
0,41.5,53
1,67.6,58
0,77.4,64.8
0,39.3,44.3
0,58,51
1,48.1,61.5
0,43.9,39.7
0,46.3,43.3
1,56.2,50.6
0,65.4,58.5
0,61.6,64.9
1,68.6,63.5
0,54.5,49.5
0,59.3,50
1,56.2,50.1
1,52.9,52.9
0,40.7,48.7
0,40.8,43.7
1,66.9,45.4
0,45.1,39.3
1,46.1,46.1
1,74.2,62.9
0,65.9,63.7
0,61.6,56.3
1,57.1,58.9
0,33.4,45.8
0,59.3,58.3
0,51.5,54.1
1,51.6,49
1,58.7,52.2
1,54.3,54.9
1,68.4,52.9
1,44.7,53.3
0,62.3,59.8
0,46.4,49.3
1,64.5,55.5
1,50.5,54.2
0,56.6,51.7
1,42,47.8
1,47.4,45.5
1,71.2,57.3
0,24.1,39.2
1,64.9,59.4
1,58.1,57.3
1,45.7,46.7
0,44.5,46.1
0,52.6,58.2
1,56.3,52.6
0,54.5,54.9
1,62.1,52.5
0,72.6,52.4
1,53.2,55.6
0,55.7,51
1,55.8,55.2
0,36.6,47.2
0,54,50
0,33.4,36.9
1,65.6,59.2
0,50.8,47.8
1,64.3,54.4
0,41,47
0,46.6,47.7
1,47.8,54
1,68.4,55.3
0,35.5,41.9
1,66.3,68.3
1,60.9,48.4
1,67,51.5
0,52.5,48.2
1,66.4,56.7
0,48.5,51.6
0,40.3,37.5
0,29.4,44.6
0,65.8,61
1,70.8,60.7
1,40.4,43.3
1,68.9,56.3
1,52.3,50.8
0,55.2,62.2
1,52.8,52.6
0,66.1,59.1
1,71.4,49.9
1,69.4,62.6
1,53.5,48.8
1,54.5,52.1
0,51.6,50.2
0,44.9,44.4
0,38.4,49.8
1,56.1,59
0,39.3,43.7
1,61.3,49.3
0,45.4,43.9
1,54.8,62.1
1,41.4,39.5
1,75.1,62.8
0,48.7,45.8
0,47.2,43.1
0,61.7,59
1,47.9,51.2
0,42.7,46
0,57.2,60.2
0,58.2,55.8
0,32.9,42.9
0,51.1,58.2
1,59.8,62.4
1,59.7,43.6
1,68.7,55.1
1,44,51.9
1,54,58.2
0,36.1,41.7
0,47.9,58
0,38.3,48.4
0,47.5,50.3
1,60.8,55.6
1,64.2,61
1,56.2,46.3
1,58.2,52.5
0,49.5,42.6
1,54,48.1
1,58.1,54.3
1,42.5,52.3
0,36,39.9
1,54.9,55.4
0,32.5,39.2
0,55.8,57.6
0,36.2,45.3
1,57,52.9
1,57,47.7
0,68.3,60.7
1,48.3,54
1,45.3,37.1
0,66.3,51.6
1,40.1,42.9
0,45.8,58
0,60.2,52.6
0,49.9,48.2
1,59.4,54.5
0,62.7,60.1
1,63.5,52.9
1,45,47.4
1,59.8,49.3
1,50,57.7
0,56.9,58.6
1,59.4,56.9
0,50,50.2
1,39,43.3
0,55.6,51.3
1,61.1,59
0,34.7,39.3
0,42.6,48.1
1,52.4,55.3
0,56.1,59
0,34.3,44.4
1,45.2,47.5
1,62.2,52.9
0,50.2,49.5
1,54.6,48.8
1,60.7,62.2
0,47.5,50
0,31.8,42.1
0,38,52
0,54.9,61.5
0,38.4,41.8
0,64.5,57
1,72.8,65
0,35.3,40.2
0,60.5,58.7
1,59.3,58.1
0,52.5,41.2
1,58.8,53.7
0,53.6,45
1,54,57.9
0,44.3,52.5
0,67.5,59.4
0,41.3,48.1
0,43,41.5
0,38.8,42.9
1,60.8,54
0,43.7,47.8
1,58.9,53.2
0,53.1,56.8
1,82.7,64.9
1,45.1,53.8
1,70.1,60.6
0,51.3,48.4
0,37.8,45
1,77.5,62.9
0,63.9,55.4
0,55,46.6
1,76.5,56.7
0,53.4,46.2
1,55.1,52.1
1,67.8,66.1
1,70.7,59.5
0,31.7,42.1
1,61.8,54.5
0,60.7,58.2
0,55.4,54.4
0,47.1,52.4
0,44.5,46
1,54.6,59
1,59.8,50.9
1,54.8,57.1
0,51,51.5
1,63.9,63.5
0,57.5,50.6
0,48.5,44
1,48.5,47.7
0,49.2,55.9
0,51,55.8
0,29.2,37.9
1,39,49.8
0,47.1,52.6
1,50.1,47.8
0,45.3,42.9
1,51.2,49.4
0,28.5,43.1
1,55.2,54.5
0,45.7,55.7
1,54.6,47.9
1,50.4,53.1
1,71.9,62.7
1,53.9,56.9
1,51,49.3
1,59,59.3
1,59.5,51.8
1,62.1,53.9
0,32.8,47
0,58.9,56.7
1,56.6,52.9
1,59.9,58.5
1,54.2,58.3
0,45.5,48.6
1,61.7,51.2
0,52.9,51.2
1,56.9,45.1
1,63.8,44.9
1,69.6,58.8
1,48.8,53
0,45.6,52.3
0,48.4,43.7
1,45.3,45.4
0,59.1,43.6
1,57.4,52.2
1,46.1,51.1
1,60.1,59.9
0,47.7,45.6
1,52.9,61.3
0,42.6,45.2
1,76.9,68.7
1,70.3,69.8
1,52.3,54.6
1,60.5,52.6
1,59.8,46.7
1,65.4,54
0,45.2,40.3
1,74.9,61.7
1,65.1,55.8
1,64.3,67.3
1,53.7,54.6
0,60.1,56.8
0,56.9,51.2
1,64.3,61
1,50.6,37.1
0,53.3,52.7
1,56.6,45.3
0,50.6,43
1,59.1,59.7
0,37.2,39.8
0,52.7,49.4
0,36.8,41.1
0,52.2,51
1,73.9,71.3
1,69.7,63.1
1,61.8,53.3
1,47.4,46.7
1,52.8,55.5
1,58.3,45.9
0,43.3,48.1
1,58.6,59.5
1,48.3,43.7
0,55.3,51.5
1,56.8,53.9
0,42.7,35.7
1,50.6,55
1,54,53.8
1,60.1,46.3
0,51.5,44.3
0,48.7,48.5
1,49.5,48.2
0,62.4,52
1,60.8,48.4
1,53.2,57.3
1,56.8,54.3
0,55.1,59.7
1,40,40.3
0,37.5,42.7
1,48.6,51.8
0,58.6,56.2
1,56,54.9
1,64.7,58.2
0,45.7,45.5
0,62.6,54
1,69.2,60.8
1,61.3,52.9
1,45.4,49.3
0,47.7,39
1,44.3,43.4
1,42.2,46.4
1,49.7,45.9
1,66.6,59.2
1,69.4,69
0,52.4,59.1
1,64.6,53.6
1,50.4,50
0,48.2,47.7
0,37.5,39.9
1,56.3,53.9
1,80.3,65.5
1,60.9,53.1
1,59.3,51.6
0,64.8,58.2
0,68.2,57
1,58.6,45.4
1,67.2,57.7
1,50.8,49.1
0,28.5,38
1,57,51.8
1,52.4,46.9
1,68.8,55.2
0,59.7,46.7
1,63,60.3
0,55.3,46.4
1,62.3,55.2
0,51.5,38.6
1,57.1,51.6
0,45.5,49.4
1,56.2,47.9
1,55.9,50
1,54.1,56
0,53.4,47.9
1,62.4,60.6
1,82.5,70.8
0,55.1,56.6
0,53.8,53.5
0,53.9,55.8
1,45.3,47.5
1,56.6,60.9
1,51.2,53.1
0,39.3,43.5
0,34.7,48.7
0,58,54.5
0,55.4,55.7
1,57.7,47.5
1,40.5,47.7
1,54.3,57.1
1,61.9,55.8
1,60,62.8
1,48.2,44.8
0,61.1,58.1
0,33.1,44.2
0,51.2,54.7
1,54.3,61.3
1,49.8,50.3
0,34.6,45.5
1,64.8,58.9
1,52.8,41.8
0,42,43.5
0,35.7,38.2
1,71.6,57.6
1,63.6,52.3
1,61.1,54.9
1,59.3,55.1
0,46.8,43.7
1,55.4,54.6
0,59.9,60.4
1,49.8,45.7
1,78,65.5
1,49.8,52.2
1,72,55.9
0,44.3,44.5
1,63.1,55.2
1,47.8,48.3
1,53.3,54.3
0,38.7,43.1
0,47.9,49.2
1,64,54.4
1,71.7,62.8
1,41.5,40.2
1,66.4,67.2
0,62.7,46.4
0,51,48.3
1,51.5,43.6
1,65.4,62.2
1,67.7,57.3
1,61.2,50.2
1,66.4,52.3
1,53.3,51.9
0,71,52.3
0,33.2,38.9
1,54.8,54.7
0,46,60.1
0,38.1,41.7
0,53.2,50.2
1,47.8,60.4
0,53.3,55.2
1,59,63
1,57,47.8
1,50.7,50.2
0,51.6,52.5
0,52.7,50.8
0,51.8,46.1
0,51.3,49.2
0,51.4,38.1
1,57.6,52.2
0,36.6,49.8
0,31.7,43.2
1,66.6,59
0,42.9,43.3
0,47.5,42.9
1,55.2,56.2
1,74.9,73.1
0,64,54.7
0,47.5,45.3
1,54.7,52.4
1,44.8,45.5
0,58.5,56.8
1,33.4,39.2
1,54.4,60.4
0,51.8,47.3
0,40.9,50.5
0,62.4,58.3
1,60,52.8
0,68.5,62.4
1,88.3,70.6
0,46.5,55.7
0,42,47.6
1,80.8,69.6
1,37.2,42.8
0,52.8,47.7
1,63.6,62
0,67.7,57.7
1,50.9,49.4
0,39.3,39.4
1,59.3,56.4
1,65.8,59.3
0,63.7,56.9
1,73.7,62.6
1,53.8,48.5
0,34.4,42.2
1,67.5,63.5
1,53.8,46.8
1,45.2,49.2
0,57.9,43.2
0,58.2,65.1
1,54.8,48.9
0,22.2,25.5
1,57.9,55.2
0,53.1,53.6
1,54.6,52.1
0,55.6,59
0,57.6,59.6
1,58.8,54.6
0,56.5,57.3
0,41.2,55.2
1,38,38.8
1,44.9,52.2
0,41.1,42.5
0,34.1,45.3
1,77.8,64.3
0,42.1,47.1
0,51.2,52
1,52.2,52.2
1,74.6,65.3
0,51.5,54.2
1,75,63.1
0,39.2,48.2
0,55.3,56.6
0,35.9,40.6
0,49.5,61.1
1,45.8,42
1,55.8,52
1,62.9,54.4
0,64.5,48.2
0,40.5,54.4
1,66.2,55.8
0,58.7,50.9
1,49.8,40.8
1,91.4,77.2
0,45.5,43.6
0,47,52.3
1,59.8,54.8
0,21.2,43.1
0,66.1,48.5
1,64.7,55.2
1,56.5,48.3
0,68.5,64.9
0,57.2,57.7
1,61,51.4
1,45.1,56.3
1,73.5,64.6
0,50,44.8
1,60.6,52.2
0,70.2,63.1
0,54.8,56.8
0,51.2,43.1
1,47.6,44.8
1,56.6,46.8
1,51.7,44.8
1,51.6,55.4
0,47.2,48
1,65.5,61.2
0,62.8,48.3
0,50.1,43.2
0,46.6,56.8
0,57.9,54.3
0,41.8,51.2
0,33.4,39.2
0,55.9,54.2
0,49,49.1
0,26,40.5
0,27.9,45.9
1,60.8,52.6
1,68.3,64.5
1,63.7,61.5
1,54.7,50.9
1,74,57
1,48.3,56.3
0,46,42.2
0,42.2,43.9
0,54.4,44.8
0,32.9,42.5
0,33.7,38.5
1,37.1,43.8
1,57.1,48.1
0,63.2,65.4
1,74.4,60.4
1,48.5,45.7
0,44.9,48.6
0,40.3,46.3
0,53.1,50.4
1,61.4,44.6
0,57.6,53.8
0,31.2,37.8
1,43.5,39.3
1,52.6,61.1
0,42.5,49.6
1,63.1,67.5
0,48.2,52.5
0,33.5,43.5
0,61.7,49.1
0,54.3,48.7
0,41.9,43.7
1,45.1,46
1,53,48.8
0,39.1,52.6
0,64.5,62.1
1,54.8,52.3
1,58,52.1
0,57.7,61.7
1,63,63
1,75.4,56
0,54.9,51.7
1,77.5,60.1
0,44.3,46
0,35.2,43.5
0,47,45.9
0,52.1,58.5
1,65.7,57.9
1,69.6,55
0,48.1,41.1
0,47.1,54.5
0,46,45.2
1,65.1,51.1
0,33.8,42.8
1,65.7,62.4
1,45.1,46.1
0,58.9,59.4
1,56.2,51.3
0,67,58.2
0,37.1,48.4
1,53,47.6
0,52.2,48.6
1,60.9,46.7
1,43.8,45.9
1,57.1,46.2
1,42.5,47.9
1,63.4,59.6
0,44.9,48.5
1,61.6,56.7
0,61.1,64.5
0,51.8,47.6
1,66.1,62.7
0,49.1,41.1
0,50.4,55.8
0,55.6,52.8
0,50.3,47.3
1,54.8,60.8
0,39.9,43.9
1,68,62.4
1,77.7,67.2
1,67.6,56.2
1,68.4,60.2
0,43.8,44.1
0,51.1,40
0,51,46.5
0,56,41.4
1,54.8,51.6
0,42,47.7
1,56.6,53.9
1,86.1,60.7
1,54.5,57.9
0,59.9,52.3
0,33.2,33.8
1,87.7,66.6
0,35.3,46.7
1,59.4,58.8
1,58.4,56.8
1,56.2,44
1,41.6,55.1
1,48.1,55.5
0,61.1,53.1
1,59.6,58.8
1,57.5,45.5
0,53.2,51.5
1,59.8,62.6
0,51.7,53.7
0,57.8,61.4
0,56.2,40.5
1,71,60.3
1,57.2,57.8
1,61.5,54.1
0,28.4,40.5
1,71.4,60.5
0,58.9,56.7
0,48,48.8
1,76.9,63.2
0,47.6,47.3
1,61.5,55
1,43.2,47.5
0,52.1,46
0,42.3,44.1
0,43.7,49.2
0,69,57.1
1,69.8,60.9
1,51.1,63.4
0,59.6,57.7
1,68.2,51.7
0,56,54.3
1,58.1,58.1
1,60.7,45.4
0,58.6,54.6
0,46.2,49.3
1,73.6,73.2
1,56.8,61.2
0,61.4,48.6
1,60.7,55.7
0,43.4,45.8
0,49.4,45.9
0,55.4,56
1,52.3,52.4
0,44,39.6
0,55.9,42.6
1,63.9,56.8
1,68.9,71.5
0,55.5,46.7
0,59.2,58
1,52.9,47.9
1,74.6,56.9
1,64.6,57
1,55.4,60.7
0,45.4,47
0,36.3,43.8
1,65.8,46
0,34.4,40
1,71.7,67.2
1,55.2,48.9
1,61.9,53.1
1,48.5,45.2
1,66.3,51
1,72.2,60.3
0,47.7,44.6
0,63.8,59.1
1,63.3,51
0,54.8,47.5
1,64.1,55
0,42.9,50
1,54.3,52.3
1,43.3,51.7
1,42.4,44.5
1,59.9,51.2
0,36.8,34
1,56.4,56.5
1,41.4,52.7
1,69.6,59
0,54.9,55.2
0,41.2,42.2
0,53.8,52.3
0,58.6,60.1
0,33.6,41.2
1,56.2,48.4
0,48.9,45.5
1,62.1,47.1
1,50.7,44.9
1,64.8,52.5
0,47.3,52.7
0,44.2,43.3
0,36.4,46.7
0,25.4,42.2
0,45.3,51.7
0,67.8,58.9
0,56.7,64.1
0,41.5,48.1
0,52.8,59.8
1,39.4,50.5
1,65.6,64.2
0,45.1,42.1
1,46,43.2
0,36.1,43.2
0,65.9,56.2
0,46.3,49.1
0,49.8,42.6
0,37.7,45.7
0,47.2,46.6
1,70.9,56.8
0,38.7,39.1
1,56.1,50.2
0,68.4,65.7
0,44.3,49.3
1,73.7,58.2
0,47.7,48.6
0,43.2,54.3
0,51.2,44.3
0,48.2,54.2
1,63,58.1
1,58.2,49.6
0,37.8,36.1
0,40.9,52.8
1,55,44.5
1,51.3,47.2
1,46.1,47.6
1,61.3,50.4
1,59.1,58.1
1,57.1,56.5
0,65,55.1
0,53.7,53.9
1,70.2,64.9
1,48.4,46.6
0,32.9,41.6
1,53.7,53.6
0,53.3,46.2
1,75.4,60.2
0,49.3,52.3
1,59.9,54.3
1,42.1,38.3
1,74.6,63
0,25.3,41.8
0,51.7,51.2
0,36.7,49.4
0,63.6,56
1,61.4,52.3
1,60,54.2
0,54.8,58.3
1,58.4,50.5
0,42.6,49.7
1,73.7,67.2
1,71.2,73.8
0,58.7,42.9
1,62,52.3
1,70.1,60.6
1,56.1,49.4
1,38.9,50.9
0,45,55.4
0,40.4,45
0,53.1,49
1,44.2,52.4
0,54.6,43.2
0,54.6,50.3
1,69.2,60
1,70.4,70.9
1,49.9,42.3
0,67.2,58.2
1,60.3,49.5
1,50.6,46.6
0,35.8,43.4
1,78.9,67.2
1,65.9,56.5
1,71,65.2
1,52.2,49.9
0,58.4,48.9
0,32.7,45.7
0,41.8,39.6
1,53.9,48.9
1,23.5,32.5
0,39,42
0,56.2,58.7
0,35.8,51.2
0,45.9,47.8
1,56.4,58.4
1,49.2,54.2
0,49.6,44.3
1,61.4,55.5
0,41.6,50.6
1,50.6,49.6
1,62.1,54.3
1,44.1,38.3
1,74.5,59.3
0,65.2,63
0,52.9,56
1,58.2,54.6
0,35.5,41.9
1,34.7,38.9
0,68.2,59.3
1,39.5,41.8
1,78.2,60.5
0,53.8,47.7
1,49.8,58.5
0,51,47.3
1,43.4,46.6
