"education","ability","ability_proxy","wage"
14.3,1.371,1.492,2.947
10.6,-0.565,-1.456,1.959
7.7,0.363,-0.244,2.109
7.2,0.633,1.071,2.351
8.9,0.404,0.33,1.717
12.9,-0.106,-0.286,2.204
13.4,1.512,1.008,3.035
9.9,-0.095,-1.509,1.935
12.3,2.018,2.291,3.281
13.4,-0.063,-1.737,2.255
9.1,1.305,2.049,2.298
16.8,2.287,2.405,3.348
11.6,-1.389,-1.32,1.997
9.3,-0.279,-0.611,2.096
11.6,-0.133,-1.627,2.517
15.2,0.636,0.973,3.048
15.4,-0.284,-0.07,2.113
12.9,-2.656,-2.93,2.154
10.1,-2.44,-2.246,2.1
13,1.32,1.886,2.643
12.9,-0.307,0.026,1.888
9.2,-1.781,-1.323,1.295
9,-0.172,0.171,1.606
15.8,1.215,0.779,3.159
16.2,1.895,3.25,3.459
15,-0.43,-0.039,3.031
16.3,-0.257,0.007,2.835
13.9,-1.763,-1.995,2.451
14.7,0.46,-0.738,2.626
11.1,-0.64,-0.808,1.933
12.3,0.455,0.125,2.678
11.7,0.705,-0.706,2.714
11.1,1.035,1.59,2.024
10.2,-0.609,-0.659,2.445
14.3,0.505,1.462,2.586
11,-1.717,-1.819,1.917
7.7,-0.784,0.273,1.619
14.3,-0.851,-1.663,2.62
12.7,-2.414,-3.181,1.797
16.1,0.036,-0.191,2.372
8.9,0.206,0.982,2.349
10.4,-0.361,-1.412,1.75
11.8,0.758,1.994,2.575
9.9,-0.727,-0.327,2.115
8.8,-1.368,-0.973,2.673
11,0.433,-0.138,2.64
8.4,-0.811,-0.691,1.584
12.2,1.444,0.938,2.949
10.6,-0.431,-0.566,2.208
13.3,0.656,0.43,2.796
14.1,0.322,0.918,2.22
13.7,-0.784,-1.06,2.904
11.7,1.576,1.141,2.997
12.9,0.643,0.633,2.579
18.5,0.09,0.513,2.397
11.1,0.277,0.87,2.573
14.9,0.679,1.133,2.439
10.2,0.09,1.003,1.983
11.3,-2.993,-2.422,1.821
13.8,0.285,-0.891,2.899
9,-0.367,0.629,2.017
15,0.185,0.873,2.257
15.8,0.582,0.222,2.203
16.1,1.4,2.334,2.718
3.5,-0.727,-1.85,1.39
14,1.303,1.324,2.65
16.6,0.336,1.508,3.007
12.8,1.039,1.491,2.536
11.3,0.921,1.283,2.776
12.4,0.721,-0.611,3.034
4.2,-1.043,-1.931,1.441
8.8,-0.09,-0.699,1.772
12.5,0.624,0.224,2.301
13.2,-0.954,0.203,2.542
11.9,-0.543,-0.641,1.852
14.5,0.581,0.107,3.283
10.1,0.768,0.674,2.583
16.6,0.464,1.344,3.235
14.2,-0.886,-0.615,2.194
12.4,-1.1,-1.356,2.023
13.3,1.513,-0.027,3.079
14.7,0.258,0.753,2.682
10.4,0.088,-0.159,2.531
9.4,-0.121,0.053,2.169
4.4,-1.194,-1.289,1.502
13.3,0.612,0.456,3.242
5.4,-0.217,0.098,2.024
11.7,-0.183,-0.012,1.693
14.3,0.933,0.944,3.095
15.2,0.822,2.07,2.713
16.5,1.392,0.707,3.178
13.1,-0.476,-0.128,2.837
10.4,0.65,0.906,3.003
16.1,1.391,0.924,2.544
10.8,-1.111,-2.261,1.632
5.8,-0.861,-0.563,1.883
10.3,-1.132,-0.668,1.851
5.3,-1.459,-0.952,1.42
9.2,0.08,0.246,2.625
11.1,0.653,0.911,2.411
11.8,1.201,1.176,2.396
15.8,1.045,0.837,2.935
10.6,-1.003,-0.486,2.329
11.6,1.848,2.148,2.966
9.5,-0.667,0.751,2.316
10.5,0.106,-0.072,1.839
12,-0.422,-1.299,2.39
13.3,-0.122,-0.455,2.744
11.1,0.188,0.391,2.846
11.2,0.119,0.642,1.606
13.4,-0.025,0.048,2.331
9.7,0.108,0.393,2.549
11,-0.485,-0.274,2.414
11,-0.504,0.106,2.361
7.9,-1.661,-0.33,1.235
9.7,-0.382,0.458,2.086
10.5,-0.513,-0.164,1.567
12.8,2.702,2.931,3.207
10.1,-1.362,-2.088,1.67
8.7,0.137,0.577,1.795
11.2,-1.494,-2.466,2.077
8.9,-1.47,-1.818,2.395
14.3,0.125,1.57,2.204
12,-0.997,-1.347,1.947
10.6,-0.002,0.363,2.288
10.5,-0.428,-0.048,2.023
12.9,-0.614,-0.934,2.069
11.6,-2.025,-2.467,2.104
11.8,-1.225,-0.603,1.839
13.1,0.18,1.478,2.546
7.8,0.568,0.692,2.559
11.7,-0.493,-1.093,2.424
8.1,0,-0.002,1.666
13.6,1.123,-0.408,3.259
11.9,1.44,0.926,2.975
10.4,-1.097,-0.29,2.123
8.6,-0.117,-1.138,2.121
13,1.201,1.257,2.58
15.6,-0.47,0.997,2.384
17,-0.052,-0.82,2.557
5.1,-0.086,-0.521,1.465
6.4,-0.888,-0.982,1.949
7.6,-0.445,0.344,1.586
8.5,-0.029,-0.374,2.294
17.2,-0.414,-1.089,2.519
16.1,1.113,0.925,3.329
11.1,-0.481,-0.877,2.58
14.2,-0.433,-0.197,2.532
19.1,0.697,0.603,3.317
12.5,-1.056,-1.22,2.318
16.8,-0.041,-0.872,2.414
7,-1.552,-0.34,1.912
10.4,1.167,0.514,2.859
14.6,-0.274,-1.549,2.328
13.9,-0.468,-0.849,2.195
12.9,-1.238,-1.958,2.332
13.3,-0.008,0.914,2.238
9.7,-0.8,-0.876,2.132
14,-0.533,-1.097,2.675
18.6,1.288,1.488,3.231
15.2,-0.176,0.088,2.629
6.9,-1.072,-0.359,1.58
13.5,0.163,-0.249,2.528
11.6,-0.363,-1.213,2.166
12.9,0.59,1.278,3.444
13.2,1.432,1.469,3.096
7.3,-0.993,-1.217,2.176
13.5,0.455,0.678,2.549
15.8,0.085,0.052,2.724
17.6,0.896,0.556,3.954
13,-0.23,-0.592,2.237
11,0.837,0.695,2.395
8.3,-1.745,-1.993,1.685
12.3,1.689,1.784,3.241
14.7,0.865,1.578,1.992
11.2,-0.151,-0.802,2.972
18.2,-1.449,-0.686,2.269
12,0.643,0.964,2.255
13,0.483,-0.126,2.557
11.4,-0.006,-0.247,2.61
10.4,0.151,0.922,2.116
13.6,-0.584,0.382,1.882
11,0.369,0.569,2.325
12.4,0.295,0.163,2.661
10.9,-0.279,-1.575,2.561
2.6,-1.336,-2.618,1.717
14.6,0.701,1.121,2.715
13.1,0.554,0.744,3.125
8.6,-0.836,-0.192,2.342
13.8,-1.595,-0.514,2.069
8.8,0.205,0.999,2.527
6.7,-0.345,-0.64,2.266
10.4,0.253,0.924,1.982
7.2,-1.294,-1.659,2.208
13,-0.959,-0.399,2.278
13.5,1.086,2.093,3.005
11.5,0.404,0.443,2.492
12.7,0.586,1.172,2.458
11.6,1.815,1.157,3.337
12.7,0.129,0.136,2.939
10.1,-2.001,-2.607,1.489
12.2,0.334,0.447,2.555
13.4,1.171,0.75,3.026
11.4,2.06,1.814,2.393
12.9,-1.377,-1.712,2.054
6.5,-1.151,-1.37,1.879
17.3,-0.706,-1.251,2.602
15.2,-1.054,-1.516,1.839
12.7,-0.646,-0.826,1.906
8.1,-0.185,0.632,1.822
11.7,-1.201,-0.315,2.19
9.9,2.037,2.016,2.254
11.4,0.108,0.546,2.588
14.1,-0.084,0.716,2.924
14.9,0.496,-0.029,2.647
12.1,0.037,-0.15,2.763
11.2,-0.132,0.191,2.654
14.5,1.477,1.924,3.024
7.4,-0.217,-0.384,1.927
9.4,-1.284,-1.097,1.876
17.4,0.386,0.443,2.429
6.8,-0.352,-0.679,2.124
15.9,-0.522,-2.069,2.738
12.2,-1.068,-0.623,2.161
11.5,0.428,0.911,1.713
17.9,-0.174,0.416,2.98
12.5,0.516,0.361,2.799
16.9,-0.234,0.978,2.533
11.3,-0.659,-0.067,2.54
15,1.25,2.121,3.187
10.1,-0.272,-0.233,1.883
10.6,0.948,-1.11,2.296
5.1,-1.202,-0.5,1.538
9.7,-0.466,-0.946,1.865
13.7,-0.269,-0.964,2.213
8.5,-0.391,-0.686,2.49
10.4,1.349,2.61,2.325
10.8,-0.023,-1.58,2.434
12.7,0.244,-0.187,2.112
9.5,-0.942,-0.069,2.023
14.5,-0.729,-1.043,2.645
14,0.998,1.85,3.203
13.4,1.258,2.124,2.552
10.5,1.249,2.622,2.426
7.8,-1.381,-0.772,2.045
15.7,2.05,0.857,3.448
12.3,1.017,-0.382,2.652
15,-0.027,-1.597,2.709
8.4,0.704,-0.132,2.197
11.8,-0.971,-2.481,2.412
9.2,-1.096,-1.353,2.07
16.1,0.049,-0.846,2.771
11.7,-1.198,-2.586,1.886
9.4,0.19,-0.676,2.384
10,1.298,0.919,2.535
11.4,-1.034,-1.187,1.597
10.3,-0.738,-1.648,1.85
11.8,0.047,1.061,1.952
10.3,-1.018,-1.155,2.351
13.3,-0.383,0.241,2.926
10.1,0.873,1.356,3.232
22.7,0.97,1.591,4.2
13.3,0.384,0.309,2.432
8.3,-1.852,-1.844,1.325
11.5,-0.054,-0.892,2.222
14.8,1.065,1.577,3.329
14.7,0.813,0.006,2.583
6.9,-0.191,0.184,1.791
3.1,-2.7,-2.913,0.847
11.8,0.061,-1.122,2.378
15,0.574,0.191,3.041
12.5,0.046,0.364,2.059
15,0.157,-0.297,2.734
13.6,0.432,0.954,2.172
12.7,-0.397,-1.09,2.724
18.2,1.31,1.256,3.542
9.6,0.47,-0.693,2.469
8.3,-1.243,-1.698,1.787
14.7,1.382,0.778,3.331
14.1,1.204,0.802,3.118
7,0.824,0.645,1.913
11.5,-1.663,-1.45,2.759
7.8,-0.569,-1.001,1.789
9.4,0.636,1.122,2.103
16.8,0.044,-0.59,2.986
15.6,0.348,0.668,2.916
12.9,2.46,2.095,3.192
15.6,-0.818,0.508,2.115
8,-2.113,-2.166,1.64
15.2,0.274,0.775,2.897
15,-0.688,-0.1,3.198
16.2,0.446,0.096,2.673
14.5,-0.812,-0.41,2.677
13.9,2.212,1.597,2.905
10.3,-0.124,0.671,2.388
14.9,-0.477,0.129,2.282
11.6,-0.166,-0.2,1.787
11.2,0.863,0.639,1.916
9.3,0.097,-0.931,2.528
13.6,-1.626,-1.41,2.207
14.1,-0.005,0.557,2.741
17,0.76,0.027,2.43
10.3,0.039,0.501,2.294
13.6,0.735,1.252,2.801
8.8,-0.146,1.126,2.666
12.2,-0.058,-0.637,2.25
10.3,0.482,0.752,2.681
14.3,0.993,-0.517,2.881
10.4,-1.246,-1.163,2.299
15.9,-0.033,0.456,2.816
12.8,-0.071,0.824,2.552
10,-0.759,-1.545,2.059
6,-1.034,-0.654,1.746
10,-0.631,-0.658,2.168
11.1,0.587,0.867,2.483
14.7,-0.416,0.344,2.524
12.3,-0.785,-0.745,2.544
10.6,0.163,1.343,2.331
11.1,-1.237,-1.801,1.832
13.6,1.046,1.98,2.823
12.3,-0.485,0.305,1.984
11.4,0.189,-0.948,2.976
15.3,0.051,-0.183,3.487
15.6,0,-0.848,2.74
11,1.809,2.523,2.831
13.7,-0.825,0.404,2.099
11.3,1.145,-0.981,2.784
12.6,0.032,1.561,2.814
13.7,-0.835,-0.736,2.625
13.3,-0.069,0.027,2.543
12.9,0.747,-0.23,3.094
11.8,-0.426,-0.335,2.864
17.3,-0.772,-1.193,2.594
16.1,0.153,0.857,2.957
13.2,0.989,0.036,3.151
11,-0.073,-0.808,2.278
15.4,-1.387,-1.038,2.425
10.7,-1.307,-1.37,1.696
12.2,-0.768,-0.979,2.019
15,-0.527,-1.267,1.849
10.3,-0.021,0.283,2.111
11.6,0.67,0.275,2.438
10.4,-0.435,-0.596,2.545
11.1,-1.114,-0.928,1.784
6.1,0.607,1.796,2.113
11.2,0.275,0.269,2.339
15.3,1.157,0.381,2.901
10.8,-1.682,-1.968,1.988
13.1,0.087,-0.625,3.018
9.3,1.353,1.723,2.232
13.5,0.724,0.172,2.961
10.7,-0.833,-1.108,1.939
12.9,0.733,0.752,2.379
13.4,-0.872,-1.32,2.609
15.4,-0.453,-0.539,2.236
12.7,1.188,0.666,2.53
10,-0.29,-0.139,2.532
12.3,0.829,2.047,2.66
13.8,-0.291,-0.529,3.004
9.8,-1.576,-1.172,2.701
9.8,-0.849,-1.717,2.134
10.5,-1.089,-1.206,2.3
15.1,-0.484,-0.793,2.624
9.1,-0.336,0.044,1.972
11,-0.153,-0.093,2.123
8.8,-0.243,-0.223,2.467
20.4,1.892,3.125,3.826
9,-1.386,-1.563,2.018
14,-0.415,-0.316,2.782
12.5,0.349,0.389,2.249
13.5,1.628,1.394,2.656
11.1,0.089,0.714,2.458
11.3,1.239,1.789,2.874
13.7,-1.645,-0.268,2.531
15.5,1.446,1.525,3.541
11.3,-0.691,-0.481,2.283
8.7,-0.276,-0.017,1.793
9.3,-1.109,0.185,1.608
14.8,0.134,-0.216,2.426
11.4,1.785,1.828,3.277
13.3,2.422,2.379,3.294
12.9,-1.077,-1.703,2.707
13.6,0.486,0.576,2.508
12,1.389,0.573,2.793
16.3,-0.196,-0.831,2.947
8.5,-0.218,-0.158,2.23
15.5,-0.305,0.724,2.313
15,0.598,1.055,2.4
7.9,1.397,2.604,1.749
13.7,0.688,0.088,2.963
14.6,0.32,1.193,2.926
9.5,-0.302,0.866,2.18
12.6,0.498,-0.196,3.241
6.9,-0.55,-1.932,1.996
9.2,-0.279,-0.468,2.015
13.7,1.097,1.524,3.221
13.3,0.442,0.683,2.974
12.1,0.241,0.734,2.315
9.6,-0.256,-1.223,2.222
14.7,0.931,0.479,3.179
17.3,1.335,2.213,3.499
9.3,-0.869,-0.804,1.987
12.2,0.055,0.008,2.106
10.6,0.049,0.248,2.859
11.1,-0.578,0.146,2.283
11.2,-0.999,-2.494,2.01
11.7,-0.002,-1.12,2.345
11.8,0.656,1.192,2.478
12.5,1.477,2.74,2.355
9.8,-1.909,-1.988,1.756
10.6,-0.702,-1.062,2.469
10.1,-0.311,-0.335,2.918
11,-1.663,-2.171,1.807
12.2,-0.751,-1.337,2.232
11.5,-0.777,-1.648,2.426
8.1,-0.723,-0.401,1.918
10.5,-2.189,-2.104,1.63
13.4,0.213,-0.494,2.527
10.5,-0.632,-0.754,2.246
15.3,1.52,1.85,2.435
16.4,0.796,0.221,2.821
11.2,-1.454,-2.236,2.068
14.2,0.098,0.193,2.813
14.8,-0.594,-0.238,2.242
17.6,0.888,0.231,2.953
10.7,0.053,-1.269,1.867
10.2,-0.557,-0.22,2.316
11.6,0.438,0.069,2.729
15.2,0.153,1.342,2.733
13.4,-0.165,-0.087,2.539
17.1,2.02,2.762,2.616
12.2,-0.529,-0.248,2.767
10.6,-0.471,-0.528,2.143
6.1,-1.546,-0.746,1.425
7.3,-0.041,0.414,2.077
18.6,0.89,0.856,3.391
9.5,-2.071,-1.248,2.216
13.2,-0.25,0.784,2.613
12.5,-1.182,-0.969,1.866
17.7,1.442,2.105,3.253
15.4,1.358,0.75,3.101
12.5,0.335,0.891,2.631
15.8,1.429,1.603,3.413
11.9,-0.867,0.081,2.21
11.4,0.951,1.022,2.416
13.9,-0.585,-0.578,2.886
12.8,0.321,-0.586,3.431
11.5,-0.299,0.266,2.259
9.1,-0.279,0.088,2.443
15.8,0.546,0.606,3.226
9.4,-1.304,-1.144,2.199
11.4,-0.251,-0.38,2.229
12.1,0.171,0.173,2.712
11.4,-0.403,0.22,2.676
13.7,0.105,0.762,3.515
14.1,-0.319,-0.907,2.668
15.4,1.618,0.814,3.159
8.8,0.714,1.093,2.099
8.9,2.966,2.154,2.96
10,-0.795,-0.83,2.316
12.5,0.814,1.063,2.902
14.1,2.098,2.444,2.881
8.5,0.301,0.536,2.259
8.8,-1.083,-1.028,1.611
5.8,-1.006,-0.645,1.834
19.2,-0.035,0.773,3.055
15.1,1.309,1.389,3.398
12.9,0.75,1.058,2.763
4.2,-2.138,-1.981,1.606
10.4,-0.7,0.209,2.336
14.2,-0.009,0.977,2.383
12.4,-1.458,-1.947,1.679
14.1,0.695,2.082,2.788
12.9,-2.461,-1.751,2.577
7.2,0.143,0,2.34
8.5,-0.391,-1.157,2.239
11.4,-0.491,-0.305,2.478
12.1,-0.284,1.096,2.782
10.9,0.315,0.525,2.958
15.8,0.396,-0.028,3.15
6.1,-0.226,0.066,2.32
6.9,-1.925,-2.324,1.881
14.7,-1.439,-1.76,2.736
12.7,-1.47,-1.675,2.495
8.7,0.762,1.695,1.91
14,-0.244,-0.822,2.331
13.3,0.27,-0.224,2.562
6.5,-1.559,-0.118,1.622
12.3,-0.536,-0.371,2.943
15.1,0.562,0.719,2.968
9,-0.178,-0.599,2.499
13.3,-0.115,-0.453,2.453
8.5,-0.072,-0.792,2.219
14.9,1.211,1.809,2.942
8.6,-0.615,0.183,1.984
11.8,0.676,0.789,3.148
10.2,0.899,1.705,2.634
12.5,-1.189,-0.944,2.312
11.7,0.121,-0.064,2.458
13.4,-0.011,-0.887,2.386
14.9,1.029,1.902,2.891
13.1,0.915,0.219,2.411
11.7,-0.002,0.465,2.433
13.3,0.136,0.047,2.369
12.8,-0.72,-0.913,2.697
11.7,-0.198,-0.807,2.841
11.9,-1.029,-1.754,1.845
13,-0.967,-1.185,1.913
12.4,-1.221,-1.547,2.042
16.6,0.836,1.191,3.019
8.1,1.115,1.698,2.468
12.5,-0.413,-0.467,2.632
11.1,-1.129,0.35,1.799
9.8,-0.088,-0.538,2.335
12.6,2.242,1.622,2.878
15.9,2.041,2.183,3.101
9,-1.72,-1.016,1.952
10.9,-0.357,-0.96,2.316
15.2,1.533,1.951,3.315
15.1,-0.038,0.246,2.451
19.6,1.597,1.086,3.493
13.7,-0.334,0.34,2.46
18.2,0.605,0.165,3.417
15.8,0.224,0.121,2.809
16.8,3.229,3.452,3.412
13.8,0.92,2.276,3.05
15.9,-1.207,-2.199,2.625
8.5,-0.604,-1.399,2.273
12.6,0.37,-0.724,2.653
10.2,-1.901,-2.587,1.593
3.4,-1.804,-1.886,0.875
9.7,-1.122,-1.726,2.325
12.5,-0.348,-0.878,2.696
5.7,1.239,2.229,2.278
12.7,-0.274,-0.489,1.728
11.4,0.162,0.272,2.425
13.1,-0.065,0.206,2.781
13.1,-0.705,-1.83,2.226
17.5,1.362,-0.616,3.338
6.1,-1.097,-0.576,1.399
11.8,-0.228,-1.425,2.544
9.8,-0.348,0.07,1.801
12.7,0.532,0.686,2.485
13.6,1.607,1.648,3.358
9.4,0.514,0.418,2.312
8.7,1.382,2.359,2.967
18.7,0.763,0.574,3.3
7.6,-0.625,-0.335,2.322
12.9,0.082,0.017,2.529
10.6,1.376,1.788,2.897
14.3,-1.561,-1.808,2.411
7.5,0.325,-0.149,2.069
9.4,-0.157,0.951,2.689
9.7,0.878,1.346,2.763
13,0.75,-0.197,2.483
11,0.301,-0.431,2.813
20.3,1.493,1.542,3.357
10.2,-1.525,-2.092,1.146
16.8,0.911,0.714,3.001
12.4,-1.58,-0.751,1.816
14.6,0.588,0.284,2.692
13.5,0.09,-0.092,2.424
13.9,0.967,1.096,2.122
10.1,0.079,-0.903,2.179
9.2,-1.569,-2.017,2.131
10.9,-2.008,-1.711,1.363
5.8,0.541,0.222,2.538
6.8,-0.073,-0.413,2.485
10.2,-0.571,-1.109,1.886
6.5,-0.311,-1.029,2.63
11.5,-0.671,-0.562,1.923
13.1,-0.157,-0.029,2.552
13.3,-0.931,-0.67,2.214
12.7,-1.983,-1.364,2.397
13.3,-0.22,-0.534,2.133
14.8,1.045,-0.322,2.803
14.9,1.877,2.269,2.716
12.1,0.003,0.108,2.72
9.7,-0.081,-0.272,2.426
19.3,0.963,1.667,3.244
9.9,0.054,-0.914,2.063
16.1,-0.435,-0.264,2.391
12.5,-1.737,-1.429,2.093
16.1,-1.264,-0.286,2.051
14.5,0.406,2.125,3.379
9.1,-1.46,-0.527,1.532
12.4,1.048,1.072,2.732
6.6,-1.346,-0.94,1.515
14.6,-0.194,1.042,2.544
12.1,-0.002,-0.371,2.445
11.8,-0.013,-0.208,2.605
12.4,0.152,-0.746,2.281
11,0.599,-0.257,2.236
10.7,-0.126,-0.685,2.56
13.8,-0.249,-1.252,3.148
15.8,0.16,0.295,3.02
11.6,-0.434,0.59,2.456
14.5,1.537,0.733,3.103
10,-2.17,-3.669,1.783
13.8,1.027,1.294,2.278
11,-0.248,-0.901,2.493
14.1,0.422,-0.528,2.581
15.1,0.988,0.863,3.046
13.6,0.836,1.45,3.245
12.7,-0.661,-1.502,2.311
12.3,1.564,1.266,3.05
10.6,-1.623,-1.467,1.728
14.7,0.864,1.072,3.318
11.1,-0.512,-1.032,2.688
9.4,-1.917,-2.149,2.001
8.5,-1.866,-1.508,1.951
13.9,0.245,0.814,2.76
15.4,2.224,1.718,3.399
19.7,0.273,-0.341,3.293
13,1.131,0.899,2.771
13.3,0.839,0.256,2.609
8.4,-0.655,0.842,1.92
15.6,0.954,3.095,3.144
11.6,0.353,0.288,2.399
12.6,0.207,-0.739,1.983
15.8,1.001,1.627,3.236
17.1,0.747,0.431,3.125
10.6,-0.627,-1.243,1.986
11.5,0.395,-0.343,2.448
11.5,-0.892,-0.353,2.318
16.1,0.631,-0.299,3.438
11.8,-0.433,-1.66,2.657
13.1,0.452,0.134,2.477
14.6,0.368,0.411,3.5
13.7,-0.27,0.269,2.918
15.5,0.466,1.529,3.007
7.3,0.574,0.692,2.343
8.5,-0.231,-1.195,1.972
10.2,1.172,1.438,2.769
14.7,1.393,2.132,3.224
7.5,-0.662,-1.212,1.896
10.4,-0.777,-1.395,2.279
13.8,0.514,0.501,2.472
16.2,-0.913,0.164,2.923
10.8,-0.449,-0.149,2.225
12.9,0.803,1.292,2.185
12,-0.573,-1.531,2.177
8,-1.928,-1.107,1.744
4,0.664,0.03,2.168
14.2,-1.603,-1.725,1.891
9.4,-1.355,-1.814,1.933
6.4,-3.018,-3.308,1.228
13.8,0.831,0.26,2.668
10.6,0.251,0.86,2.126
15.1,0.462,0.198,2.415
11.8,0.845,0.109,2.721
14.3,-0.042,1.947,2.301
10,-1.106,-0.782,1.788
10,0.564,0.836,2.673
15.6,1.303,0.221,2.919
16.9,-1.5,-1.025,2.571
8.5,-0.607,-0.009,2.34
10.4,-0.292,-0.275,2.324
7.2,-1.29,-2.544,1.78
17.2,0.694,1.479,2.87
11.6,-0.599,0.849,2.051
7.1,1.257,1.209,2.123
6,0.054,-0.253,2.102
15.5,0.728,0.752,2.36
14.7,1.561,2.765,3.192
6.8,0.266,-0.383,1.761
10,1.077,1.665,2.619
13.3,0.211,-1.042,3
10.3,-1.512,-2.163,2.101
6.9,0.022,-1.206,1.976
14.9,0.718,0.873,2.968
11.4,0.489,-0.185,2.039
15.2,-0.174,-0.907,2.508
11.8,-1.218,-1.847,2.057
16,0.646,0.267,2.14
5.5,-0.916,-1.038,2.24
12.6,-1.252,-0.095,2.29
15.6,0.595,1.477,3.212
12,-1.233,-1.502,2.143
9.2,0.244,0.747,2.444
11.9,0.003,0.081,3.023
5.1,-1.328,-1.621,1.587
11.8,1.18,1.5,2.836
9.2,-0.593,-0.507,2.254
14.4,1.2,1.689,3.065
17.4,-0.475,-0.701,2.964
12.2,-0.575,-0.871,2.264
10.8,-0.031,-0.372,2.264
14.1,-0.358,0.102,2.192
13.7,-0.357,-0.051,2.405
11.6,-0.878,-0.326,2.086
8.7,-1.213,-1.641,1.723
14.3,0.613,0.296,2.953
12.9,-0.806,-1.661,2.421
11.2,-1.376,-2.407,1.723
16.7,-0.508,-0.081,2.58
17.4,-0.801,-1.807,2.767
6.6,-2.193,-2.479,1.588
12.8,-0.291,-0.267,2.482
8.8,0.167,-0.625,2.065
10.9,0.295,1.694,2.945
11.3,0.393,0.501,2.638
10.4,-1.001,-0.856,1.9
16.4,-0.326,-0.056,3.107
8.5,-1.008,-1.143,1.803
12.7,-0.635,-1.74,2.86
12.7,-1.21,-1.069,2.224
11.3,-1.116,-2.133,1.81
14.3,0.63,0.99,2.934
9.9,-0.273,-0.348,2.593
10.4,-0.259,-0.028,2.028
12.2,1.73,1.088,2.597
5.9,-0.058,-0.003,2.042
13.1,-0.537,-0.822,1.86
11.8,0.747,1.072,2.529
10.9,-0.487,-0.648,2.08
15.5,1.373,1.374,3.279
11.7,-0.378,-0.712,1.787
11,-0.616,-1.53,1.765
9.1,-1.168,-1.173,1.86
16.8,0.329,0.322,2.662
14.1,1.467,1.472,3.111
11.9,-0.356,-1.158,2.282
15,0.261,0.947,2.595
13.4,0.333,0.764,3.094
11.3,1.422,1.254,2.137
11.7,0.664,1.091,3.319
8.6,-1.074,-2.083,1.987
6.5,-0.697,-2.301,1.63
10.6,-0.746,-0.532,1.834
13.8,0.142,1.252,2.32
10.6,-0.004,-0.418,2.559
13.7,0.368,0.431,2.989
13.3,-0.657,-0.199,2.189
11.2,-0.376,0.297,2.64
11.6,0.741,-0.28,2.68
9.9,-0.1,-0.098,2.083
10.4,-0.654,-1.372,2.571
17.5,0.971,0.798,3.367
12.3,0.013,-0.489,2.113
9.6,-0.917,-1.044,2.294
12.8,1.71,1.496,3.354
10.8,-1.168,-2.026,2.008
10.2,-1.781,-2.046,1.695
13,-2.253,-1.64,2.216
11.6,0.651,0.487,3.057
14,-0.533,-1.343,2.356
9.9,-0.276,-0.256,2.357
13,0.29,-0.754,3.151
10.5,-0.466,-1.049,2.15
12.8,-1.608,-1.773,2.016
13.5,-1.95,-2.589,1.891
15.8,-0.341,-0.555,2.355
14.1,0.175,0.994,2.264
7.9,-2.278,-3.588,1.739
12,0.291,-1.041,2.446
13.3,0.422,0.432,2.248
7.8,1.295,1.025,2.603
16.1,0.165,0.046,2.648
9.3,0.205,0.539,1.782
11.5,0.605,1.337,2.368
15.6,-0.019,-0.249,2.425
13,-0.08,0.595,2.499
13.4,0.116,1.284,2.829
10.8,0.744,-0.015,2.85
7.1,-0.431,0.34,2.105
9.2,-0.5,0.705,1.881
12.3,-0.865,-0.29,2.416
12.8,-0.958,-0.333,1.962
12.5,0.327,-0.382,2.796
12.8,1.547,1.675,2.859
11.9,-0.969,-0.707,2.086
10.1,-0.188,-0.341,2.442
12.2,-1.03,-1.596,2.323
10.1,0.908,1.056,1.955
16.7,-0.317,-0.931,2.164
4.8,0.179,1.078,2.546
16.3,0.348,1.481,2.948
8.9,-1.054,-0.929,2.357
15.3,-0.105,-1.185,3.126
7.7,-0.228,0.446,2.039
11.9,0.675,0.062,2.23
11.1,-1.233,-0.517,1.652
7.8,-1.2,0.003,1.1
11.4,0.766,0.998,3.079
12.7,-0.588,-0.174,2.343
12.7,-0.66,-0.698,2.614
8.8,0.113,-0.233,2.168
8.8,-0.32,-0.939,2.506
14.8,1.866,1.784,3.241
16.2,0.26,1.232,2.954
14.2,0.162,0.652,2.598
8.9,0.931,0.788,2.422
9.9,-0.06,-0.783,2.559
7,0.049,-0.181,1.262
12.9,-1.073,-1.685,2.005
6.9,-2.293,-1.807,1.144
10.5,-1.207,-2.144,1.922
13.8,0.114,0.232,2.332
10.4,-1.033,-0.232,2.278
10.5,0.689,1.086,2.893
13.2,0.725,0.54,3.014
8.6,0.217,0.941,2.568
18.3,-0.202,1.29,3.168
3.5,-1.366,-1.371,1.698
17.7,-0.309,-0.907,2.542
13,-0.453,-0.702,1.893
11.2,0.663,1.465,3.205
14.3,1.309,2.461,2.791
12.5,0.501,0.322,3.127
16.8,-1.128,-1.4,2.079
20.1,1.671,1.419,3.477
15.3,1.01,0.061,2.939
11.5,0.224,0.407,2.525
9.8,-2.206,-1.651,1.444
8.7,-0.955,-1.01,1.862
9.3,-0.069,0.724,2.469
12.1,0.761,1.061,2.639
14.8,-1.18,-0.936,2.218
14.5,3.211,3.669,3.327
9.7,-2.554,-2.292,2.386
15.3,-0.236,-0.74,2.458
12.9,-0.26,0.819,2.655
12.7,-0.663,-1.187,2.732
9.8,-0.319,-1.287,1.885
13.2,0.742,0.371,2.634
8.2,-0.874,-0.735,2.065
7.4,-2.083,-2.812,1.938
8.9,0.094,0.835,2.578
10.8,-0.002,0.15,2.342
12.9,-0.013,-0.751,2.638
12.5,0.668,2.024,2.727
9.3,-0.013,0,2.32
10.3,0.776,-0.044,2.458
5.9,-2.011,-1.904,0.912
11.8,-1.128,0.191,2.079
13.2,0.349,-0.234,2.727
7.7,-0.353,-1.387,2.141
8.5,0.945,0.573,2.408
10.6,-1.005,-0.704,2.22
11.6,0.724,0.515,2.536
7.9,-0.669,-0.397,1.444
13.5,-1.113,-1.603,2.248
11.4,-0.343,-0.041,2.288
12,0.05,0.369,1.76
12.2,-1.228,-1.314,2.444
12.2,-0.764,-0.581,1.957
9.6,-1.246,-1.06,2.14
10.1,1.017,1.31,2.635
16.1,0.724,1.682,2.679
6.1,-1.033,-0.254,1.799
16.5,0.557,2.009,3.339
10.2,-0.256,1.229,2.308
16.4,-1.113,-1.261,2.445
11.9,0.421,0.499,2.573
10.1,-0.323,-1.032,2.132
13.2,0.88,-0.346,2.298
15.4,-0.195,0.531,2.731
8.4,1.188,1.452,2.196
10.5,-0.51,1.827,1.743
13.1,0.22,0.262,2.018
12.9,0.37,0.221,2.507
12.7,0.279,0.841,2.772
11.4,0.202,-0.891,2.003
8.8,-0.013,-0.59,1.984
19.8,-0.091,0.667,3.192
9.6,1.365,1.538,2.227
15.8,0.908,1.136,3.442
8.2,-0.61,-0.531,1.761
8.2,1.396,0.54,2.363
12.6,0.145,-1.099,2.905
17,-0.641,-1.807,2.865
13.9,0.17,0.695,2.914
7.3,-0.157,-0.188,1.7
10.3,0.101,0.064,2.669
8.8,-0.973,-0.326,1.956
7.9,-0.82,0.014,2.069
16.5,1.363,0.407,3.165
20,0.961,1.299,3.284
6.9,-0.884,0.248,2.469
13.2,-0.9,0.284,1.927
11.1,1.723,1.726,3.25
17.3,1.909,2.559,3.26
11.7,-0.777,-0.265,2.018
9.7,-1.302,-0.068,2.155
17.1,2.623,3.856,3.4
18.4,0.23,-0.443,3.299
16.1,0.187,-0.365,2.548
11.6,0.076,1.53,2.122
15.8,1.405,1.717,3.494
8.8,-0.192,-0.484,2.375
14.9,1.459,1.862,3.009
14.4,-0.221,-0.468,2.746
13.9,0.505,0.991,2.752
9.1,-1.033,-1.508,1.994
12.1,0.17,0.583,2.363
11.8,1.201,2.199,2.828
13,-0.163,0.18,2.465
12.7,1.282,1.434,3.219
14.7,2.727,1.406,2.849
11.4,0.942,0.786,2.845
14.6,-0.249,-0.225,2.441
13,0.096,0.461,2.404
8.9,-0.434,-0.646,2.085
15.3,2.179,2.129,3.686
6.9,-2.959,-2.732,0.888
12.4,0.081,-0.394,2.238
17.3,0.11,0.231,2.842
9.4,0.213,0.257,2.357
10.7,-1.558,-2.536,2.027
8.3,0.216,-0.141,2.812
13.9,0.188,0.031,2.728
9.5,1.259,1.101,2.558
7.9,0.524,-0.35,2.321
14.9,1.115,1.662,2.699
8.8,-0.958,-0.133,2.185
6.4,-0.124,-0.24,1.76
8.6,0.192,-0.638,1.956
15.3,0.272,0.661,2.92
11.7,-0.694,-0.315,2.427
14.3,1.479,0.758,2.544
13.7,-0.612,-0.739,2.848
10.6,-1.614,-1.381,1.338
3.7,0.402,-0.487,2.205
12.9,0.665,0.614,2.714
9.3,0.944,-0.235,2.833
8.3,-0.946,-1.038,2.099
7.2,-0.248,-0.46,2.459
11.4,-1.328,-1.284,2.081
19.3,0.845,1.356,3.512
13.8,0.348,0.111,2.356
18.4,0.914,2.198,3.169
12.1,0.608,0.097,3.042
9.8,-0.608,-0.036,2.344
14.4,0.18,0.297,2.248
6.3,-1.908,-1.552,1.344
9,0.503,1.677,2.381
5,0.969,0.231,1.882
4.8,-0.876,-0.156,1.436
8.2,-2.136,-3.056,2.132
10.5,-1.523,-1.235,1.638
9.7,-1.113,-2.173,2.063
8.3,1.241,0.645,2.724
8.8,0.003,-0.449,2.269
8.3,-1.238,-2.697,1.805
15.1,0.556,0.297,3.05
10.2,-2.183,-3.131,1.629
9.4,-0.247,-3.077,2.667
8.9,1.113,0.997,2.315
11.1,-0.342,0.126,1.957
8.7,1.305,0.471,1.522
12.3,1.795,1.359,3.017
9.8,-1.168,-1.047,1.685
14,-1.152,-1.35,2.346
13.4,-0.914,-1.209,1.872
13.2,0.529,1.393,2.979
12.4,0.835,1.799,2.634
12.1,1.209,1.077,3.105
15.2,1.299,1.715,3.196
9.5,1.076,0.884,2.807
12.2,0.94,1.04,2.875
15.6,0.163,-0.283,2.851
8.7,-0.888,-1.534,2.429
6.9,-0.726,0.342,1.743
12.5,0.408,1.276,2.212
14.8,1.684,2.062,3.714
18.7,1.706,0.136,3.341
7.2,-1.926,-2.322,1.88
9.6,-0.834,-1.712,1.964
17.1,1.419,1.87,3.301
10,-1.064,-0.659,2.191
10.9,-1.614,-2.055,1.403
14,0.6,1.33,2.87
17.6,1.733,2.341,3.059
16.8,1.935,1.291,3.902
12.5,0.533,0.496,2.84
9.3,0.72,0.677,2.792
12.5,0.56,0.202,2.553
14,-0.018,-0.518,2.642
11.5,-3.372,-3.094,1.674
14.7,0.761,1.672,2.983
7.3,-0.391,-0.147,1.702
13.6,1.01,1.635,2.769
8.1,-0.627,-1.284,1.627
8.7,-1.635,-2.298,2.23
10.5,1.245,1.534,2.581
16.9,0.181,-0.445,3.11
15.7,3.495,3.61,3.585
18.2,0.916,0.176,3.417
8.5,1.049,0.778,2.549
10.8,0.764,-0.009,2.866
13.5,-0.603,-0.73,2.699
10.1,-0.37,-0.782,2.36
18.7,1.06,1.81,3.144
11.5,1.055,1.339,2.548
6.8,0.583,0.586,2.356
10.6,-0.987,-1.56,1.859
12.9,1.685,2.023,3.303
10,-1.367,-1.103,2.145
9.2,-0.433,-0.855,2.277
12.9,2.325,3.316,3.135
10.4,0.524,0.914,2.758
12,0.971,1.658,2.799
9.3,0.377,-0.033,2.296
13.9,-0.996,-0.339,2.263
8.9,-0.597,-0.643,2.024
15.7,0.165,-0.013,3.067
4.5,-2.928,-3.535,1.19
13.3,-0.848,-2.393,2.205
11.3,0.799,0.158,2.538
12,-0.298,-0.47,1.697
13.8,-0.284,0.47,2.613
10.5,0.87,1.094,2.851
12,-0.544,-0.454,1.983
12.6,0.629,0.704,2.697
7.2,-1.422,-1.235,1.576
12.1,-1.228,-1.145,1.926
3.7,-1.674,-2.32,1.401
16.3,0.084,1.011,2.606
15,-0.206,-0.44,2.629
13.2,1.442,2.501,3.312
10.8,-0.042,-0.932,1.84
14.6,1.354,0.946,2.803
13,1.945,1.156,2.897
10.9,-0.491,-0.494,2.622
13.1,0.388,0.344,2.91
10.7,-0.845,-0.44,2.129
17.6,0.738,1.155,2.723
9.8,-1.08,-1.015,2.095
8.4,-1.026,0.004,1.943
9.2,0.289,0.751,2.461
10.6,0.091,-0.685,2.368
9.6,0.263,0.378,1.916
14.7,0.069,0.677,2.606
12,-0.529,-0.796,2.782
11.6,-0.13,-0.92,1.891
14,1.62,2.559,3.072
9.5,-0.018,-0.255,2.731
16.9,-1.318,-1.706,2.385
13.2,-0.845,-0.929,2.497
12.8,-1.102,-1.315,2.107
11.4,-0.9,-0.384,2.309
10.9,-1.261,-0.949,1.659
10.7,-2.626,-1.758,1.514
14,0.669,0.584,3.108
14.9,0.66,0.754,3.546
10.5,-0.251,-0.628,2.148
14.6,-0.724,-0.282,2.602
7,-0.812,-1.627,2.219
17.5,0.399,0.391,2.932
12,0.227,0.499,2.564
13.1,0.422,0.921,2.878
11.8,0.005,-0.443,1.734
10.4,0.619,0.379,2.677
11.2,0.431,0.079,2.246
16.8,0.558,1.048,3.019
18.3,0.496,1.042,2.991
11.1,1.662,1.42,2.78
11.7,-1.055,-1.484,2.45
12.3,1.508,1.313,2.96
11.8,-0.334,-1.478,2.21
12.9,-0.065,-1.16,2.548
10.7,0.081,-0.819,2.643
12.3,-0.448,0.308,2.527
13.5,-2.554,-2.003,1.506
8.7,-0.313,-0.938,1.227
11,0.041,0.495,2.501
10.7,-1.738,-1.919,1.815
13.7,0.55,0.836,2.854
11.5,-0.597,0.248,2.362
14.7,1.448,1.604,2.897
11.9,0.265,0.823,2.627
11.6,-0.789,-0.242,2.402
12,0.168,1.049,2.792
14.8,0.258,0.933,2.781
15,0.912,1.646,2.67
11.8,-0.157,-0.527,2.342
13.2,-2.033,-2.194,1.674
10.9,-1.3,-0.81,2.089
12.6,-0.857,-0.966,1.861
13.1,0.426,0.995,3.292
10,-0.285,-0.448,1.663
13.3,-0.614,-0.139,2.372
5.9,-0.845,-2.014,2.368
9.5,0.154,-0.136,1.974
12.7,-0.851,-0.673,2.049
14.9,-0.398,1.215,1.978
6.7,-0.94,-1.339,1.347
13.6,-1.388,-0.992,1.926
9.5,0.955,1.878,2.021
8.8,-1.317,-1.852,1.986
8.4,0.073,-1.016,2.635
10.8,-0.568,-0.903,1.967
10.9,-1.058,-0.677,1.766
13.4,0.259,-0.391,2.991
11.3,0.373,-0.121,2.055
13.5,1.265,1.761,2.998
13.2,0.325,0.315,2.871
9.2,-0.138,0.725,2.814
13.2,2.602,1.315,3.347
15,-0.65,-0.598,2.289
2.7,-1.003,-0.993,1.867
14,-0.535,-0.026,1.999
14.8,-0.11,0.804,2.819
16.4,0.6,1.162,2.992
11.4,0.416,0.011,1.821
14.2,-0.106,0.152,2.588
11.6,-0.857,0.567,2.33
11.6,1.127,0.801,2.715
14.6,0.916,0.455,3.361
12.1,-0.724,-0.388,2.156
11.8,0.687,2.378,2.196
11.3,0.45,-0.865,2.43
12.5,1.045,0.219,2.815
13.6,0.15,-0.108,1.912
10.5,-1.141,-1.705,1.939
9.2,0.802,1.63,2.632
12,-0.729,-1.009,2.248
11.6,0.527,1.741,2.739
16.1,1.673,0.755,3.668
7,-1.419,-1.464,1.156
8.6,1.562,1.484,3.007
12.3,1.353,2.224,3.036
9.6,-0.529,-1.181,2.553
13.6,-0.251,-0.503,2.724
6,-0.686,-0.316,1.839
8.4,-0.57,-0.918,2.599
12.3,0.58,1.272,2.57
8.9,-0.899,-0.634,1.388
11.2,-0.19,0.172,2.368
8.5,-0.144,-0.086,1.565
9.6,-0.097,0.492,2.664
9.7,0.181,1.538,1.889
9.1,1.597,1.71,2.989
12.5,-0.451,-0.713,2.172
9.6,-0.795,-0.788,1.959
11.4,0.792,0.963,3.058
15.5,0.38,0.376,2.979
14.1,0.236,1.553,2.277
10.8,0.591,0.716,2.459
12.7,-1.412,-1.302,2.065
12.2,1.063,2.444,2.477
11.4,0.454,0.344,2.714
13.6,0.951,1.104,3.617
11.7,-0.599,0.1,1.954
9.5,-1.842,-1.772,1.737
10.7,-0.485,-0.628,3.04
12,-0.907,-1.218,2.297
17.4,2.223,1.686,3.344
10.4,-0.413,0.321,2.229
15.7,-0.216,-1.018,2.204
11,1.063,1.158,2.601
18.2,0.62,0.406,2.789
15.1,0.673,-0.327,2.499
14.2,2.634,2.53,3.358
6.4,0.166,0.881,1.827
13.2,1.905,2.186,3.184
11.3,0.254,-0.285,2.605
14.2,-1.459,-1.025,2.384
10.4,-2.227,-1.944,1.812
7.8,0.65,0.722,2.44
11.6,-0.999,-0.789,1.841
9.5,0.042,-0.335,1.883
9.5,1.777,1.288,2.464
14.9,0.347,-0.953,3.123
13.3,-0.287,-0.842,2.481
8.6,-1.925,-1.815,1.657
15,-0.801,-0.785,2.432
10.5,-0.576,-0.274,2.223
8.2,0.684,-0.262,2.483
15.1,0.483,0.271,2.837
10.2,0.014,0.03,2.61
12.6,0.18,-0.374,2.93
9.1,-0.288,0.446,2.48
8.4,0.03,-0.854,2.236
13.5,0.272,0.651,3.075
10.1,0.449,0.012,2.466
12.7,1.828,1.968,3.039
12.7,-1.112,-0.141,2.272
6.7,1.475,1.645,2.624
10.2,0.672,0.691,2.297
14.4,-1.545,-0.291,2.022
11.7,-0.277,-0.52,2.853
6.6,-0.629,-0.869,1.465
10.7,-0.933,-1.063,2.513
10.3,-1.538,-1.558,1.454
9.3,-0.494,-0.045,2.662
9.6,-0.435,-0.946,2.141
11.5,-0.324,0.181,3.064
11.8,-2.061,-2.448,2.034
10.2,0.442,-0.98,2.245
14.9,0.746,0.767,3.139
7.8,0.79,0.443,2.402
18.4,0.771,1.027,3.377
14.4,0.201,1.212,2.775
12.1,1.468,0.791,3.247
10.7,-0.876,-2.143,2.421
7.1,-1.227,-2.3,1.645
9.8,0.338,-1.573,2.443
13.3,0.441,-0.929,3.17
5.4,-0.747,-0.222,1.806
13.9,0.037,0.554,2.995
14.7,0.323,-0.066,3.088
12.8,0.38,-0.027,2.69
10.9,0.877,0.646,2.838
14.9,0.933,1.602,2.758
8.5,-2.429,-2.06,1.56
19,1.728,1.948,4.029
13.9,0.456,0.147,2.805
16.4,-0.57,-0.893,3.048
9,-1.115,-2.116,1.814
16.3,0.905,-1.279,2.313
15.1,0.328,0.404,2.516
15,1.078,-0.105,2.902
16.8,-0.06,-0.528,2.464
14.9,-0.244,-0.308,2.888
17.7,2.241,2.536,3.475
13.3,-2.036,-1.81,1.769
10.5,0.391,0.04,2.762
14.4,0.385,-0.056,2.647
16,0.439,1,2.543
7.5,0.558,1.142,2.208
15.1,-0.276,-0.938,2.686
10.4,1.166,0.508,3.342
5,-2.454,-2.517,1.366
10.8,-0.806,0.281,2.049
7.1,-0.119,-0.045,1.745
10.1,0.163,-0.303,2.395
14.8,0.406,-0.38,2.687
13,0.639,0.779,2.948
13.7,-1.509,-1.333,2.302
12.8,0.008,-1.424,2.96
7.9,0.524,1.024,2.332
10.4,1.326,1.509,2.248
12.3,-0.114,0.53,2.192
12.7,1.599,1.521,2.913
14.2,-0.282,-0.695,2.743
12.4,-0.05,0.035,3.21
9.1,0.16,-0.541,2.471
9.9,-0.502,0.323,2.341
15.7,0.716,-0.211,2.551
7.8,-1.346,-1.174,1.894
7.9,-0.006,0.27,1.734
12.9,-0.541,-0.793,2.223
11.8,-0.547,-0.336,2.57
11.2,1.151,0.606,2.969
13.1,1.052,2.205,2.689
14.3,1.598,2.452,2.879
9.6,-0.264,-0.637,2.119
13,0.032,0.916,3.119
8.2,-1.552,-1.427,0.962
10.6,-0.388,-2.138,2.211
16.2,1.764,2.272,3.566
10.7,-0.417,-0.157,2.204
6,-1.166,-1.965,1.335
11.3,0.042,-0.119,2.612
8.8,1.246,2.162,2.781
8.7,-1.578,-1.631,1.43
9.9,-0.254,0.263,2.138
21.3,0.468,0.935,3.518
15.7,1.978,1.256,3.02
12.5,-0.616,-0.365,2.332
14.4,1.519,1.865,2.958
10,-0.433,-0.12,2.142
3.4,-1.031,-2.023,1.463
15.6,-1.134,-1.377,2.852
10.3,-0.221,-1.835,2.6
9.6,-0.022,0.393,2.405
9.9,-0.323,-0.055,2.146
16.2,1.052,1.794,2.562
14.3,0.19,0.203,2.409
15.5,-0.106,-0.174,3.048
12,-0.603,-0.767,2.043
10.1,-1.296,-2.016,1.893
9,-1.959,-2.176,2.055
8,0.213,-0.552,1.8
12.7,0.025,1.814,3.049
12.7,1.365,1.321,2.825
11.3,0.291,-0.147,1.752
15.9,0.797,0.826,2.657
15.4,0.041,1.418,2.656
17.8,-0.818,-0.218,3.132
13.6,0.29,2.48,2.983
12.1,0.34,-0.461,2.771
8.5,-0.817,-0.574,2.099
11.9,-0.029,-0.26,2.413
19.1,2.001,2.162,3.378
10,-1.129,-0.761,1.687
18.5,1.472,1.943,3.649
11.1,-0.227,-0.605,2.365
14.4,1.482,1.032,3.313
17.8,-0.843,-1.068,3.406
12,-0.066,0.043,2.573
8.4,0.311,0.159,2.202
10,-0.113,1.997,2.576
9.9,0.659,1.269,2.322
12,-0.167,-0.909,2.554
11.9,1.209,-0.213,3.322
13.2,0.17,1.354,2.419
17.3,0.692,0.34,2.775
7.9,-1.186,-0.042,1.515
8.4,-0.658,-1.01,2.382
12.6,1.09,0.673,2.96
15,0.509,0.562,3.212
12.9,-0.136,-0.107,2.721
12.2,-0.109,-1.136,2.512
17.2,0.755,0.889,3.139
11,-0.224,0.101,2.348
17.2,0.075,0.447,2.688
5.9,-1.646,-1.559,1.596
14.9,1.774,1.021,3.044
15.4,0.766,1.444,3.135
16.1,0.832,0.466,2.679
5.7,-1.905,-2.8,1.14
10.3,-0.021,-0.614,2.785
6.2,-0.409,-0.996,1.844
9.7,-1.376,-0.861,2.323
11.5,0.727,2.335,2.911
16.2,1.234,1.578,2.863
12.5,-0.553,-0.564,2.079
10.9,-0.229,0.076,2.135
17.8,1.711,1.121,2.752
9.6,-1.65,-2,1.954
16.5,0.744,0.989,2.849
13.5,-0.314,-0.746,2.071
13.7,-0.115,-0.472,2.309
13.8,-0.611,-1.328,2.812
11.6,1.097,1.626,3.047
6.8,-1.127,-0.496,2.116
15.4,0.963,1.683,2.77
10.1,1.406,1.868,3.125
7.5,-1.642,-0.853,1.432
10,-1.127,0.463,2.218
14.3,0.592,0.493,2.736
12.5,-0.956,-1.144,2.689
6.1,-0.692,-1.134,2.025
12.1,-0.445,1.041,1.896
6.7,-0.344,-0.099,2.389
19,0.704,-0.171,3.096
8.7,-0.603,-0.437,1.834
16.7,0.089,-0.133,2.761
12,0.737,0.869,2.276
11.9,-1.54,-1.998,1.916
9,-0.69,-0.777,1.669
13.4,0.86,1.553,3.221
13.2,-0.377,-1.358,2.441
13.2,-2.535,-3.49,1.229
9.2,-0.858,-0.981,1.655
8.7,0.816,-0.025,2.303
8.1,-0.427,-0.448,1.204
11.9,-0.405,1.17,1.714
12.5,-0.146,-0.438,1.955
12.1,0.719,0.365,2.944
11.5,-0.491,-2.327,2.381
11.7,0.476,0.758,2.494
11.5,0.573,-0.538,2.14
17,-1.019,-1.063,2.458
12.2,-0.062,0.143,2.098
14.7,-0.538,-1.895,2.576
19.7,0.417,1.697,3.344
6.5,-1.508,-2.239,1.588
13.5,1.539,2.15,3.054
13.6,1.346,0.817,3.245
14.3,-0.843,-1.841,2.444
10.3,-0.67,-1.32,1.845
11.8,-0.908,-0.917,2.782
12.3,-0.137,-0.308,2.526
12.4,-0.501,-0.374,2.224
10.4,0.113,0.769,2.313
16.8,-1.875,-2.682,2.452
9.1,0.159,-0.97,2.22
11.2,0.016,-0.323,2.187
11.2,-1.601,-2.712,2.194
13.5,0.276,0.077,2.623
8.9,0.055,0.302,2.037
11.3,-0.231,-0.762,1.788
8.1,-0.013,-0.522,1.981
15,0.385,-1.132,2.907
9.9,0.347,0.343,2.572
8.4,-0.432,-0.767,1.681
13.4,1.15,1.609,3.31
8.5,-0.037,0.084,1.851
12.4,-0.136,0.927,2.277
11.6,0.945,-0.547,2.718
11.5,0.992,1.58,2.79
6.8,-0.701,-1.015,1.86
4,-0.991,-1.799,1.395
14.2,-0.706,-1.121,1.936
15.4,-1.176,-1.319,2.123
13.3,-1.781,-2.314,2.199
12.1,0.311,0.586,2.655
12.2,-0.145,-1.413,2.516
13.7,0.643,0.656,2.739
11.1,-0.002,0.215,2.381
13.8,0.409,1.906,2.741
13.7,-0.496,0.11,3.379
13.5,-0.96,-2.076,2.338
16.1,0.778,-0.134,2.678
11.8,0.761,0.599,2.948
10.8,-1.734,-1.473,2.372
12.8,0.877,1.481,2.992
6.3,-1.773,-1.184,1.527
9.4,-0.046,-0.192,1.774
10.7,-0.395,0.912,2.492
12.6,-0.128,-0.744,2.817
16.7,1.096,1.122,2.75
12.8,-1.255,-1.355,1.892
8.3,-0.265,-0.969,1.889
16.7,2.553,2.367,3.203
7.7,-1.478,-0.749,1.74
13.7,-0.627,0.005,1.857
9.3,-0.041,-0.947,2.279
8.8,0.2,0.377,2.148
11.6,-0.533,-0.219,2.69
9.4,-0.266,0.626,1.872
16.2,1.084,0.574,3.628
8.9,-0.181,0.082,2.115
13.7,0.252,0.267,2.692
15.2,0.37,-0.646,2.561
11.5,0.407,0.222,1.974
13.8,0.493,0.452,2.263
10.4,0.055,0.284,2.383
8,-0.709,0.777,1.957
5.5,-0.058,0.868,2.312
8.3,-0.963,-0.354,1.888
13.2,0.093,-0.248,2.965
11.8,-0.348,-0.479,2.866
9,-0.118,-0.159,2.268
10.5,-1.099,-0.818,2.358
5,-0.283,-1.04,1.712
12.9,-1.09,-0.767,1.791
9.1,-0.406,-1.134,2.067
12.3,0.527,2.131,2.561
13.4,0.24,0.094,2.276
10.7,0.898,0.586,2.55
16.6,0.488,0.527,3.406
13,0.112,-0.631,2.439
14.4,0.998,0.984,3.446
15.7,1.192,0.592,2.751
12.9,-1.399,-2.036,1.779
14.6,0.892,0.823,2.447
19.4,0.778,0.965,3.357
11.5,0.942,0.897,2.573
15.2,-0.909,-1.76,2.527
11.2,2.409,1.871,3.286
7.5,-2.594,-2.993,1.861
10.7,0.007,0.606,2.213
9.7,0.118,-0.102,2.799
12.1,-0.15,0.017,2.388
14.7,0.748,0.374,2.762
9.9,0.124,0.887,1.916
12.1,-0.778,-1.521,1.957
15.4,1.41,2.11,3.059
11.9,-0.294,-0.081,2.446
10.5,0.611,0.395,2.201
8.2,-0.667,-0.504,2.318
8.4,-1.06,-0.732,2.288
12.7,-0.606,-0.585,1.783
15.6,-1.057,-1.822,2.272
11,0.533,-0.115,2.728
14.2,-1.552,-1.963,2.537
8,-0.978,-1.837,1.952
10.5,0.027,0.061,2.31
9.7,-1.716,-2.553,1.868
10.2,-0.505,-1.131,2.326
12.1,-0.305,-1.172,2.451
15.9,1.346,1.618,4.099
14.6,-0.258,-0.653,2.375
13.5,-0.523,-0.546,2.243
7.1,-0.663,-0.687,2.102
10.9,0.447,0.406,2.82
10.6,-0.319,-0.899,2.302
13.3,-0.544,0.297,2.446
7.4,-0.28,-0.955,1.977
11.4,1.065,0.763,3.053
15.7,1.568,0.914,3.031
13.9,-0.643,-1.472,2.356
12.8,0.021,-0.313,2.88
16.2,-0.324,-0.296,3.075
7.6,1.857,0.232,2.476
13.3,0.591,0.316,2.608
9.7,-1.781,-0.764,2.287
8.7,-0.434,-0.583,2.491
7.7,-2.293,-3.201,1.893
12.5,-0.093,0.091,2.267
16.2,0.704,-0.652,2.562
11.6,-0.894,-1.282,2.492
12.3,-1.283,-1.734,2.201
11,1.256,-0.039,3.071
9.6,-0.965,-0.852,1.64
13,0.908,1.224,3.321
12.7,0.214,0.926,2.468
14.5,0.881,1.973,2.838
12.7,1.003,0.634,2.844
15.5,1.14,1.687,2.827
14.2,1.236,0.847,3.003
8.6,0.295,0.512,2.072
13.2,0.172,-0.419,2.665
6.2,-0.955,-1.009,1.488
8.8,-1.21,-0.343,1.663
12.1,-0.601,-0.396,2.557
8.3,-0.136,-0.419,2.785
10.5,-0.987,-2.513,2.009
12.7,0.832,0.97,2.518
10.7,-0.795,0.551,2.445
10,0.34,-0.309,2.303
14.7,0.87,0.64,3.099
12.6,-1.182,-0.516,1.72
12.2,1.023,2.174,2.882
10.6,-2.108,-2.643,2.46
10,0.23,-0.141,2.426
13.9,1.512,0.276,3.368
14.8,0.555,0.706,2.85
13.8,0.915,1.847,3.124
11.7,-0.553,-0.565,2.187
16,0.298,0.938,2.733
11.3,1.106,1.192,2.804
12.5,-1.329,-1.096,2.317
13.8,1.002,1.726,3.234
8.3,-1.409,-0.97,2.095
11.2,-0.499,-1.791,2.05
14.1,2.623,3.489,3.195
14.4,0.511,0.554,2.722
13,-0.091,1.528,2.713
8.1,0.979,2.777,1.971
16.2,-0.244,-0.862,3.036
6.9,0.622,1.96,2.218
13.5,-0.345,-0.158,2.53
7.1,-2.355,-2.602,1.706
15.5,0.472,0.558,2.84
12.5,-0.511,-0.142,2.16
15.1,-0.574,-0.642,2.35
11.5,0.004,-0.626,2.256
6.9,1.343,1.557,2.475
11.7,0.295,-0.449,2.084
13.3,0.842,0.78,2.396
16.1,0.629,1.476,3.209
8.9,0.102,-0.722,2.01
12.1,0.671,0.626,2.505
10.6,-0.138,0.402,2.979
14.6,-1.249,-1.169,2.237
8,0.348,0.098,2.109
12.2,-2.278,-2.857,2.064
14,-0.986,-1.037,2.625
11.6,-0.06,0.972,2.653
14.2,-0.161,-0.432,3.401
12.9,-0.42,-0.673,3.045
11.2,0.989,1.204,3.017
8.8,-1.07,-0.927,1.553
3.3,-2.614,-1.398,1.025
17.3,0.78,2.086,2.456
15.6,0.045,-0.768,2.342
15.4,-0.108,0.333,2.774
11.5,-0.391,-0.037,2.461
8.4,-1.687,-1.652,1.431
6.3,-0.953,-0.774,1.645
11,0.507,1.206,2.975
9.5,0.019,0.618,2.273
6.5,-1.419,-2.152,2.03
13.6,0.598,1.415,2.885
11.6,0.786,1.846,2.534
13.1,-0.135,0.219,2.278
9.8,-0.016,-1.874,2.429
19.4,1.409,2.411,3.21
19.6,0.395,-0.639,3.141
17.6,1.22,2.329,3.306
11.7,-0.045,-0.11,2.402
15.6,1.479,0.903,2.827
8,-0.076,-1.229,1.799
9.4,0.918,1.579,2.578
10.4,-0.345,-0.595,2.434
15.4,-1.077,-1.19,2.552
12.6,1.002,1.089,2.911
17.3,2.296,2.094,3.126
11.5,-0.326,-1.153,2.254
12.8,1.469,-0.206,3.117
12.3,-0.237,0.359,2.845
12.7,0.923,1.583,2.473
14.8,-0.989,-1.189,1.94
8.7,0.276,-0.171,2.299
11.4,-0.764,-0.053,2.329
10.3,-1.352,-1.886,2.256
12.4,0.655,1.057,3.093
12.2,1.61,0.658,2.859
13,-0.789,-0.157,1.942
6.9,-0.884,-0.675,1.351
12.8,-1.073,-1.074,1.757
5.4,-0.458,-0.62,1.81
17.1,0.666,1.489,3.152
14.8,0.712,1.537,2.668
12.7,0.443,1.353,3.022
6.2,0.76,2.433,2.359
11.2,-0.469,-0.924,2.208
9.8,-0.173,-0.84,2.444
16,0.682,2.133,3.088
7.2,-0.282,-0.151,1.899
6.4,-0.962,-0.069,1.913
9.7,-1.378,-1.214,2.323
15.1,2.698,1.748,3.626
8.2,-1.7,-0.939,1.917
11.5,0.029,0.448,2.278
13.6,1.934,1.099,3.123
11.6,0.838,0.521,2.318
9.9,-0.185,-0.413,2.353
12.2,0.533,0.553,2.485
16.8,1.785,1.4,3.042
17.4,0.19,-0.189,2.663
14.1,-0.569,-0.42,2.505
13.9,1.452,1.515,2.904
10.9,1.869,0.31,2.582
13.3,-0.985,-1.57,2.342
16.9,0.719,0.48,3.549
11.6,0.129,0.485,2.988
12.3,0.702,1.074,2.44
16.1,0.527,0.24,2.717
12.5,-0.021,-0.588,2.514
18.8,0.438,0.136,3.01
10.4,-1.211,-1.282,2.567
5.9,-1.404,-1.582,1.767
15.8,0.721,0.613,3.113
13.1,0.086,-0.022,2.74
11.1,-0.132,-1.743,2.268
6.5,-1.676,-0.65,1.854
13.7,-0.569,-1.472,2.045
13.9,0.192,-0.655,2.655
12.2,-0.486,-0.674,2.75
16.4,0.081,0.56,2.29
9.5,0.385,0.161,2.048
12.4,-0.138,0.314,2.123
11.8,0.428,0.139,2.773
13.1,-0.243,-0.377,2.483
12.8,-0.318,-0.922,2.371
11.4,-0.254,-0.602,2.567
8.6,0.639,-0.641,1.807
13.1,0.821,0.6,3.032
18.9,2.335,0.991,3.447
5.4,-0.983,-0.869,1.8
9.7,-0.707,1.257,2.398
14.2,0.644,-0.687,2.598
11,1.638,0.676,3.3
10.7,1.227,1.021,2.609
8.7,-0.468,-1.091,2.319
9,-0.678,-0.513,1.566
15,1.696,2.921,2.864
19.3,1.543,2.454,3.407
13.8,0.215,-0.262,2.94
11.8,1.701,2.537,2.903
10.5,-0.008,0.588,1.911
8,-0.818,-0.429,2.108
10,-0.051,-0.669,2.356
10.2,0.08,0.657,2.645
14,-1.56,-1.078,2.195
13.6,-0.171,0.764,3.201
6.8,-0.419,-0.985,1.604
14.9,0.491,0.422,2.995
14.9,-0.531,-1.09,3.042
11.9,0.482,-0.72,2.438
16.4,0.536,0.318,3.138
12.6,-0.279,0.057,2.545
13.7,-0.044,0.235,2.469
14,2.382,1.309,3.712
17.8,1.548,2.452,3.23
14,1.555,2.2,2.769
11.3,0.058,-0.449,1.848
12.3,-0.84,-0.438,2.547
12.4,0.571,-0.661,2.261
11.4,0.066,-0.574,2.6
18.3,3.585,4.175,3.989
9.1,-1.932,-2.231,1.014
10.6,-0.203,-0.753,2.335
12.3,1.484,1.611,2.879
5.7,-2.099,-2.786,1.661
16.1,-0.26,-1.449,2.451
10.6,0.334,0.447,2.811
10.7,-0.22,-0.363,2.613
11.1,-0.932,-1.07,2.862
10.1,-0.122,0.411,2.714
8.1,1.339,1.085,2.228
11.6,-1.348,-1.547,2.114
15.1,1.415,0.409,2.901
12.4,0.914,-0.399,2.283
9,-1.237,-1.563,1.356
8,-1.501,-2.429,1.759
17.4,0.035,0.088,2.548
11.5,0.286,0.045,2.594
13.3,1.186,2.03,3.105
12.2,-0.038,-0.387,2.842
11.9,0.42,0.147,2.478
20.1,1.289,0.879,3.764
13.4,1.171,0.983,3.203
10,0.826,0.613,2.619
13.3,0.324,0.791,2.478
15.5,0.381,-0.556,3.119
10.6,1.203,1.385,2.093
17.9,1.102,0.941,3.611
12.7,-0.062,1.251,2.873
11.9,0.365,-0.746,2.512
16.4,1.693,0.798,3.312
9.9,1.471,1.356,2.136
14.9,-0.977,-0.401,2.243
12.1,1.448,1.79,2.694
9.5,-0.086,-0.537,2.796
8.7,-1.574,-1.556,1.35
13.6,1.292,-0.094,2.622
9.5,0.084,0.297,2.36
6.3,0.967,1.858,2.32
14.7,1.939,1.956,3.098
15.7,1.08,0.78,3.036
11,-0.354,-1.194,2.525
12.9,-0.135,-0.578,2.406
12.9,-0.987,-0.038,2.61
8.4,-0.822,-1.062,2.197
17.3,0.49,0.051,3.527
9.4,-0.299,0.658,2.097
12.9,0.658,-0.602,2.386
18,0.832,0.612,3.217
13.1,0.363,0.415,2.914
11.4,-0.399,-0.888,2.732
7.1,-1.498,-1.987,2.277
9,0.115,0.334,1.66
9.2,-1.038,-0.607,1.863
11.6,0.646,0.758,2.983
17.5,0.773,0.741,2.8
10.8,0.316,-0.278,2.338
7.6,-1.038,-0.615,1.482
13,-0.755,-1.409,2.11
11.9,-0.492,-0.578,2.109
12.5,0.147,0.497,2.286
18.9,2.357,1.624,3.772
13.7,-0.921,-0.75,1.731
12.6,-2.157,-2.325,1.969
11.2,-0.12,0.504,2.801
10.5,-0.839,0.226,1.725
9.2,-2.172,-3.116,1.83
8.7,-0.874,-0.37,1.626
8.3,-0.374,-0.349,1.982
11.8,-1.102,-1.058,2.214
12.4,0.716,1.484,2.96
13.1,0.908,1.277,2.845
14.9,-0.325,-0.365,2.394
8.3,-1.482,-1.687,2.022
18.1,0.594,0.378,2.616
9.8,-0.855,-0.914,2.288
13.2,-0.83,-1.363,2.051
9.1,0.149,0.993,1.915
11.6,-0.976,-0.6,2.215
9.5,-0.295,0.174,1.578
9,-0.771,-0.651,1.822
9,0.392,0.538,2.073
10.9,-0.846,-0.756,1.826
13.1,-0.844,0.01,2.392
10.4,-0.962,-1.234,2.122
11.3,0.011,-0.749,2.566
12.3,1.215,1.644,3.304
12.8,-0.889,-0.318,2.257
15.1,0.218,-0.713,3.363
5.2,-0.656,-0.055,1.204
9.3,-1.089,-1.377,1.46
15.7,1.091,0.959,2.732
15.6,-0.569,-0.145,2.524
15.5,1.621,1.598,3.121
10.8,-0.687,0.389,2.685
14.5,0.657,1.381,2.685
13.9,1.111,0.101,3.204
16,2.141,2.337,3.367
12.3,-0.831,-0.692,2.536
16.2,0.076,-0.332,3.157
14.1,0.936,2.388,2.311
10.3,-0.502,-2.224,2.388
15.5,0.595,-0.035,2.754
9.3,-0.431,0.175,1.995
9.8,-1.133,-1.949,1.681
2.7,-2.237,-3.138,1.051
13.2,0.515,-0.145,2.279
13.3,-0.342,-0.63,2.233
9.3,1.718,1.192,2.678
17.6,-1.116,-0.84,2.557
8.9,-0.488,-1.645,2.31
9.4,0.807,2.218,1.779
10.8,-0.261,0.016,2.547
13.4,0.488,0.518,2.833
12.4,1.353,0.478,2.44
16,2.177,2.693,3.175
9.6,0.051,0.075,2.182
13,-0.838,-1.134,2.319
11,-1.085,-1.171,1.786
16.5,-0.547,-0.993,2.323
12.5,-0.427,-1.338,2.931
10.4,-1.211,-0.928,1.75
13.1,0.598,1.809,2.443
15.2,1.424,1.765,3.086
9.2,-0.443,-0.957,2.432
8,-1.04,-2.521,1.589
12.8,-1.274,-0.642,2.291
13.2,0.77,-0.09,3.101
8,0.032,0.207,2.191
7.1,-1.905,-1.61,1.527
12.1,-0.124,0.152,2.542
15.2,0,0.402,2.752
11.5,-0.844,-0.362,1.906
10.5,-1.221,-2.003,2.129
10.2,-0.453,-1.371,1.939
9.2,-0.702,-2.063,2.637
9.4,-0.674,-0.788,1.819
10.5,-2.303,-1.584,2.244
10.2,-0.149,0.583,2.41
13.7,0.949,0.439,3.007
12.6,1.156,0.951,2.798
14.9,2.074,0.925,2.794
15.1,0.265,-0.951,2.765
12.9,-1.052,-1.761,2.204
12.5,0.502,0.973,3.336
10.6,1.1,0.826,2.739
15.8,1.887,2.73,3.205
13.3,0.811,1.059,2.794
10.9,1.418,2.885,3.351
15.3,0.439,-0.405,2.35
12.9,-1.278,-2.37,2.186
9.1,-0.861,-0.39,2.055
21.6,1.887,1.588,3.789
4.2,0.704,-0.115,2.427
13,-0.668,-1.765,2.155
9.8,-0.706,-1.277,1.498
11.4,-0.921,-0.962,2.026
9.3,0.148,0.742,2.043
11,-0.25,0.115,1.746
9.2,-0.942,-0.998,2.058
14.8,1.214,1.262,3.03
13.3,0.019,-0.253,2.283
14.9,0.758,0.746,3.527
12.6,-0.38,0.241,2.856
12,0.175,-0.467,2.314
13,1.034,0.158,3.197
17.9,0.676,0.115,2.752
15.5,0.941,0.758,3.017
9.6,-1.827,-1.889,2.498
16.3,0.177,0.535,3.13
13,-0.192,-0.97,2.376
10.9,-0.65,-0.847,1.563
8.5,-0.561,-1.135,2.259
15,1.676,0.944,2.867
13.9,0.431,1.793,3.227
10.1,-0.145,-0.558,2.663
10.4,0.939,1.411,2.671
7.7,-0.545,-1.647,2.402
9.8,0.139,0.742,1.855
16.7,1.447,0.221,3.848
12.9,-0.333,1.081,2.933
8.5,-0.799,-1.038,2.348
7,-0.548,-0.509,2.062
3.1,-1.051,-0.163,1.241
9.7,0.253,0.992,2.197
13.7,0.328,-0.402,2.557
9.7,0.856,0.319,2.901
15,1.802,2.397,2.573
18.5,1.405,0.96,3.23
4.6,-1.251,-1.62,1.721
14.1,1.999,1.736,2.616
9.5,0.139,-1.619,2.134
14.2,-0.387,0.182,3.011
14.2,1.856,2.048,3.154
13.5,0.429,0.577,3.022
14.6,1.731,2.56,3.075
12.6,-0.044,-1.161,2.772
12,-0.731,0.112,2.448
7,-1.966,-1.551,1.888
16.9,1.127,2.521,3.141
15.1,-0.888,-0.469,2.187
12.6,0.871,0.133,2.321
11.6,0.12,-1.156,2.69
7.5,0.472,-0.039,2.092
14,1.267,1.257,2.689
5.2,-0.485,-1.262,2.003
10.9,-0.462,-1.325,2.373
7.6,-0.232,0.421,1.706
11.1,1.06,1.256,2.146
11,-0.475,-0.431,1.816
13.2,-0.176,-0.562,2.963
16.8,0.796,1.222,3.181
11.8,0.779,2.61,2.554
12.4,0.797,-1.36,2.845
11.4,0.049,-0.204,2.398
11.6,0.763,1.229,2.165
11.5,0.286,0.25,2.753
13.2,-0.633,-0.372,2.682
19,1.804,0.878,3.068
14.1,-1.863,-2.069,2.583
12.7,0.846,-0.258,2.685
14,0.342,0.225,2.479
10.4,0.023,-0.13,3.314
7.1,-0.611,-0.471,1.865
13.1,-0.261,0.414,1.977
15.2,1.806,1.225,3.194
16.3,-0.097,0.983,2.961
11.1,-0.384,0.871,2.624
6.2,-0.878,-1.568,1.893
12.2,-0.496,-1.108,2.317
7.7,-0.084,-0.323,1.924
7.3,-1.358,-1.621,1.926
12.1,1.143,2.11,2.546
10.9,0.098,1.243,2.666
10,1.465,2.072,2.55
16.1,0.99,0.104,2.405
14.5,1.414,1.335,3.266
7.9,-1.336,-1.689,1.713
10.4,0.58,2.298,2.482
8.2,-0.362,-0.277,2.55
12.9,-0.047,0.802,2.469
13.7,-0.599,-1.285,2.517
11,0.215,1.29,2.479
14.9,0.094,0.802,3.177
8.6,-2.12,-2.04,1.563
13.7,0.852,1.17,2.571
15.3,0.154,-0.576,2.537
8.7,-0.972,-1.378,1.325
11,-1.101,-1.199,1.543
12.6,-0.69,-0.071,2.729
8.9,-1.584,-1.106,1.803
12.6,0.138,0.362,2.563
14.9,1.502,0.682,3.137
15.5,0.193,-0.191,3.149
15.2,0.527,-0.216,2.762
9.1,-1.483,-1.763,1.809
11.8,-1.539,-2.478,2.342
15.2,-0.896,-1.684,2.829
11.1,0.721,0.522,2.865
14.8,-0.885,-2.482,2.119
8.9,0.559,0.354,2.412
9.3,-0.219,-0.593,2.053
12.8,0.384,0.323,2.487
6.1,-1.039,-2.529,1.811
11.7,-0.949,-0.654,2.666
6,-0.104,0.862,1.44
9.7,-0.209,-1.405,1.973
7.2,-1.789,-2.809,1.624
15.2,0.537,1.659,2.736
6.6,-1.95,-1.82,1.799
15.1,-0.415,-0.708,2.542
9.8,0.055,0.886,2.157
10.2,-0.702,-1.667,2.567
8,-1.404,-0.585,2.072
14.5,-0.399,-1.425,2.254
8.2,-0.11,1.105,1.597
12.9,-0.924,-1.229,2.373
13.1,-1.357,-1.072,2.925
9.5,-1.195,0.137,1.816
7.8,-0.528,-0.719,1.576
13.5,-0.453,-0.383,2.141
11,1.419,-0.187,2.34
8,-1.286,-1.447,1.716
10.6,0.381,0.854,2.732
8.9,-0.417,0.003,2.203
16.7,0.093,-0.375,3.164
12.9,-0.664,-1.455,2.717
13.9,0.803,0.777,2.884
8.4,-1.703,-0.305,1.852
15.1,0.154,0.446,2.453
9.2,0.026,-0.53,2.445
12.7,1.056,1.998,2.804
14.8,-0.224,0.468,2.393
10,0.497,0.383,2.324
12.6,0.4,-0.015,2.669
9.1,-0.647,-1.234,2.793
10.8,-0.084,0.318,2.73
11.7,-0.134,0.697,2.127
12.8,1.12,0.92,3.002
14.9,0.239,-1.094,2.491
14.1,0.291,0.547,2.872
17.1,2.344,2.573,3.076
14.8,0.416,-0.855,2.362
16.1,0.362,1.755,2.933
13.3,0.532,-0.195,2.969
15.7,1.548,0.285,2.861
12.2,0.961,-0.236,3.002
12.1,0.338,-0.306,2.925
12.7,-0.611,-1.329,2.564
11.5,0.357,0.887,2.845
11.1,0.142,0.477,2.46
10.5,-1.836,-2.338,2.408
14.4,-1.541,-2.139,2.548
6,-1.794,-3.049,1.596
12.4,1.415,1.543,2.67
13.8,0.618,-0.122,2.812
10.1,-2.35,-1.808,2.086
8.7,0.467,-0.019,2.509
10,0.064,0.643,2.115
8.6,-0.256,-1.099,1.879
11,-0.745,-1.47,2.353
14.1,-1.269,-1.444,2.015
13,0.863,1.29,3.17
10.7,-0.577,-0.216,2.2
18,-0.132,-0.51,2.968
11,0.587,-0.096,1.875
13,0.535,1.014,3.063
10.6,-0.393,-0.461,2.14
8.9,-0.541,-0.119,2.321
14,0.259,1.64,2.068
9.1,-1.178,-1.08,2.1
14.7,0.306,1.276,2.862
11.1,0.173,-0.64,1.953
