"study_id","beta_pre","se_pre","beta_post"
1,-0.123147676635656,0.510316062376446,1.29194613627413
2,0.13856000754207,0.486348529892717,1.48051395715098
3,0.470369536187124,0.519746970172494,1.26645010423167
4,-0.595736494910737,0.481864688661352,2.2717930288668
5,0.210020498885859,0.509727846593386,1.74827958783068
6,-0.255062889115543,0.507663774754411,1.71560367962513
7,0.118772816961827,0.534816026334102,2.08997577819129
8,0.492897936528243,0.50606505964606,2.28187219113461
9,0.337271099619077,0.484178244349793,1.95419175398278
10,0.824602429196479,0.498289368528469,1.44670775426715
11,0.353780729559671,0.509284472354747,1.76199397016846
12,2.00533959920959,0.489044803589614,0.554378870134506
13,0.716198979892202,0.487862080460039,1.15373994485848
14,0.755500638977467,0.490476558873615,1.98857955972837
15,1.69471436550639,0.525437785960052,1.7046225112372
16,-0.202074213004104,0.493490198073467,2.09013581790554
17,0.308351879077148,0.501097173323041,1.13780442418125
18,0.772850327408906,0.47878656273019,1.02284605617293
19,0.602919791730098,0.504394202159221,1.46811829081312
20,-0.541220167024195,0.507046174230246,2.246975700836
21,1.00936584161047,0.518866115684039,1.24994187423729
22,0.381682515544384,0.510310889500564,1.13451914818424
23,0.546086512124941,0.496146214787456,2.07575473002565
24,0.915087040527499,0.51001587282018,0.830557833352411
25,-0.229066206297732,0.510681389129752,0.848021148894177
26,1.03764317494493,0.506443838115121,0.637589818375174
27,1.0102180519624,0.480400305599113,0.426267141076996
28,0.98073915028988,0.512995591108989,0.939450754653595
29,0.00228879902514781,0.509808151175239,1.6355827148511
30,1.16602546951749,0.498302035613716,1.38452342725375
31,0.796435131593057,0.496517535664633,1.3101012443354
32,0.748178392194634,0.501680290072967,1.38626762749278
33,-0.23658526949749,0.53749052298455,0.487835743875314
34,1.4590551176295,0.501196190317052,0.851300361364567
35,0.635419873691193,0.536597282303426,2.02906040422496
36,-0.17494191944693,0.493867185154762,1.95394381202943
37,0.239167450640266,0.499353086928021,1.20527112599092
38,0.873529422439274,0.49628549355883,0.83375570027457
39,0.421312985691912,0.525296712400705,1.07088172360345
40,1.54930298647874,0.511456715826081,0.787435998511489
41,0.226738593346887,0.490268263991857,1.7093903600546
42,0.481728215298836,0.505456733460323,0.911262958545658
43,1.27262813350166,0.477129479068044,1.15121495978462
44,0.421600961963014,0.477158979334947,1.34573299939062
45,0.420410602886149,0.468982455435449,2.18816843805523
46,-0.431850480452522,0.53153365517184,2.04045100287346
47,0.310289289585079,0.457238112840177,1.60720214922734
48,0.479972689150792,0.482127770993463,1.82942360734318
49,1.27817660990733,0.490076908936676,1.21386436980101
50,0.98164967163046,0.508298279567876,2.17643302501497
51,0.798584447665317,0.504760631726421,1.27528542609132
52,1.54541265340211,0.523862083270901,1.5539845981984
53,0.0500620046988954,0.478859222414323,2.1169423011044
54,-0.582915964948656,0.505347096139902,1.51181509252446
55,0.181216808904724,0.481239986554191,2.30152295445356
56,1.24045028675122,0.517804690043707,1.0661549525361
57,-0.278605878274127,0.477199751188942,2.37941274482662
58,0.36988221764239,0.465753933471128,0.840636337205802
59,0.289118996756614,0.501323226728753,1.86370800882148
60,0.248736721074793,0.478657201764265,2.25300503012109
61,0.734942040284191,0.530917298980295,2.12695999978627
62,1.32131060705102,0.486917093541963,0.816128801052226
63,0.0934034138717498,0.492315485840342,2.24743098118285
64,-0.0799766288880825,0.521992333713187,1.52301645535882
65,0.172109862214278,0.50833626452289,1.67966976526576
66,1.14935706641721,0.541478507429443,0.651204496928139
67,-0.51427573802569,0.529356500252629,2.47706960515536
68,0.459685921900322,0.511869340993087,1.76973177324174
69,0.718222846678864,0.531769832930377,0.448870727590708
70,0.707400166999118,0.512711129615003,0.747351871886833
71,0.579276651211205,0.506856036884654,1.53258014331082
72,1.27230173564401,0.506177053080506,0.980184951396671
73,0.150715894327759,0.485648210160422,2.20365238102751
74,-0.212998471589513,0.508082997839504,1.98909201739302
75,0.349850941772668,0.516305062012449,1.54970659238071
76,0.559628639538634,0.504524759153107,1.72370595096789
77,0.108554814694715,0.503994926293254,1.81465431910359
78,0.453845498673603,0.488252642495598,1.61982313668819
79,-0.137846619148058,0.500972891901397,1.82882012079234
80,0.637602542362525,0.499305976703385,1.47338865778381
81,0.582434943997473,0.523924072467016,1.42925718188147
82,0.432682416326224,0.487580449080083,1.93636097783481
83,0.8672112478523,0.502280708112406,1.30777492098982
84,0.995646883663696,0.475996507716946,0.913952146258456
85,0.87902622765715,0.534018611652378,0.897271172406947
86,0.24085270156997,0.524234073335347,1.65375269965158
87,0.493071785927069,0.524746749850688,1.06124886566702
88,0.564990513527607,0.497981340234694,0.354807827916405
89,0.367695155888566,0.473447698801351,1.71903031812867
90,0.116245827578614,0.476810080199366,1.09760688396202
91,-0.0558374512649717,0.485817413317254,2.02046684404855
92,-0.135403236295615,0.516723389467282,1.81414204347978
93,0.727085621349268,0.496053557656583,1.18699008114315
94,1.05813580727418,0.483928128560929,0.895792767509622
95,0.297073567646456,0.480547382175092,1.77123710388915
96,0.166462192442571,0.487351626487171,1.0698360022306
97,0.634315402470377,0.486888993539632,0.783738289302003
98,1.15812372653544,0.475730906767393,1.60774721703885
99,0.724025300155083,0.516911487726956,1.55721594530157
100,1.11615208994527,0.501653795629788,0.811078114813157
101,1.70159265023041,0.503009681143443,0.253834594651545
102,0.577518397952872,0.497675528548723,1.9657511292556
103,0.427144661191673,0.505727853404937,1.988199227296
104,0.708366772901895,0.490982909365069,1.41222577558285
105,0.463037557660915,0.513174190445591,0.749536406485743
106,0.738225612771428,0.497279326040204,1.77097854703945
107,0.0717684309538613,0.508511231790124,1.3959858957434
108,0.755676439765519,0.506100797270666,1.69272159371103
109,-0.235523437175678,0.457173994687864,2.1750793114648
110,0.762511698460045,0.498251712692371,1.50663408169964
111,0.328308506251444,0.488624766394828,1.74678434858472
112,0.979073856928653,0.520914281622015,1.53096279794134
113,0.660042481558726,0.51069766619246,1.20916836982452
114,0.510650884117358,0.513873419110972,1.49802304679228
115,-0.0595641474006002,0.467314542494184,1.31516327687312
116,-0.105219027245525,0.518930110066058,1.21660516966966
117,-0.570740449858309,0.50121334222785,2.0495738327178
118,0.778761252425546,0.511956857891894,1.82527702152081
119,0.893490827516412,0.500348838092433,1.64162914600204
120,1.36292887199896,0.511959201048648,1.65897954523861
121,-0.36396700203671,0.488845512065953,2.51089782967011
122,-0.575648164920329,0.511846538455996,1.89359439659186
123,1.05050528694067,0.4924421336535,1.42773366353836
124,0.849192543622375,0.514794479007287,1.8177516010387
125,0.100118415068962,0.457752061718618,1.53886580853994
126,0.532325103209994,0.518488814888515,2.03835885823394
127,-0.795708324246371,0.473968910605423,2.24275702127069
128,-0.291072611408048,0.505111724464366,1.82437229731365
129,0.334771753864202,0.485363247543588,1.53059543167906
130,0.888601481669747,0.489224088901796,1.19551235786379
131,0.271108141338835,0.47390179438252,2.03364124291426
132,0.0589214682742778,0.517412349670488,1.38398888781489
133,1.01210929314035,0.494157866646553,0.877684470607156
134,1.60919349830329,0.512464018658295,1.49021058490168
135,1.39702498569081,0.476480244212755,0.506529681909297
136,0.405323911687841,0.512096069333413,1.50752121190622
137,0.259247564783899,0.470484427933426,1.30933222359245
138,-0.18234801157455,0.500834525168649,1.85375768231157
139,0.460828825474214,0.47481497134107,1.52649461926019
140,0.356116717518581,0.495070792647146,1.49420302986818
141,-0.21182526050034,0.463381443960825,0.953421193210796
142,0.73905828288766,0.519674073394089,1.27265872242865
143,0.674152926319236,0.519100805752842,1.23264911647329
144,1.02955457696299,0.48487061903169,0.705236617276971
145,0.0462402627369175,0.501934083617344,1.8113714185574
146,0.307150355505712,0.512779921436564,2.23625596438124
147,0.401347762828334,0.5194007920007,1.39330499906868
148,0.751081035286588,0.504194025258238,1.69516586679734
149,0.962423443675866,0.4940367262074,1.43910517856629
150,-1.01795269798476,0.507221197288486,1.93667233507871
151,-0.4165027223542,0.523154986018672,1.66880388113735
152,1.19930107981822,0.508240685145438,1.71465801983551
153,-0.0324213020512198,0.511541904732637,1.3591301129767
154,0.0580794169216845,0.520078779197512,0.68746751534099
155,-0.323124258681726,0.508926465308723,1.68953294796374
156,0.595991059972693,0.487411386311418,1.55664529695443
157,1.22769720377714,0.508428701882783,0.63199019269157
158,-0.229885486602286,0.507140264446917,1.26991117287218
159,0.26366429589285,0.498801335721942,1.88770731367937
160,0.499744576190272,0.523734473023345,1.99860699025042
161,0.802316110110271,0.491077978617127,1.8371910487202
162,0.9777415516853,0.505984336732647,0.27479894732916
163,1.50376915386948,0.494929053900161,1.47574894581445
164,0.227739195242539,0.508254383950132,1.2682590329035
165,0.637193737818027,0.491376189484886,0.988150987773883
166,0.41178579373015,0.492637558043036,1.36984662547796
167,-0.571429347691476,0.473249873794575,1.57346191604663
168,1.36041050264037,0.504381116476535,1.55239578023281
169,1.32627453438216,0.511422112028104,0.971782688434613
170,-0.92288777487663,0.489631292108019,2.06350112569221
171,0.34647704483511,0.48814779852004,1.22023235859206
172,0.911991226471715,0.525795958786516,1.14333573501351
173,-0.0623141303124143,0.502435955498032,1.38919073220858
174,0.714693607696269,0.509348741145112,1.30114448246309
175,0.0096275689553509,0.493099089431604,1.28685182925416
176,0.767365316316876,0.489000685062882,2.03556179972429
177,1.58256038635527,0.501969171238932,1.4751467705196
178,1.13846564354197,0.500828934854683,0.962363007872863
179,0.516446496710703,0.470860540422156,2.04176698255293
180,0.02403055765704,0.505338288939397,1.80952350548237
181,0.680365973710238,0.536660603371185,1.37417624141141
182,-0.283544064778667,0.492816548192107,1.64044673303092
183,1.41856150550236,0.512634561367249,0.614323740254026
184,0.891104693377561,0.503006767279822,1.51033946390166
185,0.359803669571836,0.504242001272714,2.14083478122878
186,1.30494911733307,0.493426936025748,1.73047707898146
187,0.603988906464989,0.488022130077139,1.20566774121474
188,0.541160411932277,0.502531454110099,1.27333719210167
189,0.752556846459461,0.498285141557746,1.42576463926822
190,0.860267506251453,0.492405767199652,1.11551449598215
191,0.200971912473567,0.503670841227427,1.86104885874825
192,0.731147770745346,0.508951573726549,1.08399505481091
193,0.76586185026503,0.506067669663632,1.9172164303505
194,0.912408355980173,0.505866013225046,1.25350733284223
195,0.608884362042117,0.48432965537131,1.30217567425735
196,-0.644086646235857,0.482773682388911,1.94429349223665
197,0.0145924063903816,0.544935804611318,1.38612104526267
198,0.27238878812278,0.516035393143557,1.74245279889423
199,-0.0051984411040198,0.501022954186734,2.0418257132973
200,1.4797856056804,0.480026041289517,0.807106277622686
201,0.321081452636527,0.48903598264099,2.23031702316448
202,0.439007698823743,0.511320822552034,0.851213795887087
203,0.559266979127534,0.468007778332161,1.58166140416528
204,1.08446045939639,0.495007961453509,1.05231906627448
205,-0.208740277028539,0.463683767128802,2.24051199412946
206,0.46475165352426,0.51317990760543,2.3592261078692
207,0.671225972151899,0.48475247530282,1.40912500524708
208,0.447819440682973,0.517202141226711,1.81052497794497
209,0.407926482361503,0.4784877959362,1.59566702942792
210,0.145918220385828,0.504670257526194,1.27363121197456
211,0.222915882964406,0.47069565950512,1.29495196616953
212,0.888895900555284,0.485206865142787,1.01083818009692
213,0.412769565436472,0.496365396243874,0.964959283752788
214,-0.402070981004652,0.514052773422463,1.69712298810736
215,-0.296409327503779,0.519361296364797,1.60189320935019
216,-0.0990696052236581,0.495046447183858,1.88331519018712
217,0.115399066078361,0.521545807283242,1.42551895849078
218,0.79042471588036,0.504539741901549,1.16566779030718
219,0.738649162659223,0.503725791014465,0.654057423012586
220,0.705565067418863,0.491922592117974,1.15506090268299
221,0.425834962352417,0.496765446487209,2.05362341001322
222,0.462971832982338,0.474853112155662,1.38139442889367
223,0.20159191578857,0.509871326193784,1.75779185103422
224,1.25322916516516,0.483373821260589,1.17811177606602
225,0.128687442204783,0.504751336567717,1.89186898780748
226,0.140970500709659,0.482586405054543,1.61732476156412
227,-0.23600023813488,0.490486251234932,2.33562183738716
228,1.14110887111745,0.508627304908837,0.813227827526486
229,0.00418387479271385,0.498687947754334,1.77824367956698
230,-0.0824496106940244,0.504137272245136,1.92074136033571
231,0.0397706698865964,0.506010313212801,1.48740605155481
232,0.699092156146936,0.499843279316886,1.19619009761091
233,-0.0293477796924235,0.503779520313925,1.22979792749967
234,1.75611760378567,0.485263257255059,1.07480305595205
235,0.079171343464417,0.486438973904424,1.69752745561242
236,-0.387078383796939,0.500008480217888,1.56423537650147
237,0.130263850194367,0.497484919483914,1.60094842375933
238,-0.0674822072202799,0.481298868260951,1.76532444564187
239,1.26223836818945,0.494595402192479,0.829803624632856
240,0.820422691589102,0.489886983289937,2.12272367978601
241,0.435362252515496,0.503537279468353,1.58177742710777
242,0.878903026123362,0.488458056699215,1.61467549707394
243,1.32929588244405,0.505148442237835,0.013502320062266
244,0.316744162567359,0.497982508592729,1.31815100623913
245,0.551139193072424,0.493785094000752,1.30771664139175
246,0.674058785665537,0.493372632249665,1.25950640929723
247,0.511744729578696,0.538949337487134,1.83339301285044
248,0.941427859556528,0.48201934701135,0.784350195551867
249,-0.106576531791811,0.507142223413857,1.01613776423762
250,0.487651589939265,0.498886973387766,2.5778924564639
251,-0.264202684932549,0.516982554530874,2.186372079926
252,1.13292391138932,0.499919403459657,0.572022173037226
253,1.21626177299601,0.512409680941436,1.20314366400075
254,1.40824478563129,0.520332889838756,0.711622752517806
255,0.650163434913205,0.483759178438983,2.05889212394729
256,0.818185496096447,0.509331748673916,2.70266871105737
257,1.62284884577998,0.508606922090456,-0.131498567638338
258,0.0894740673365583,0.50073482026291,1.64345061050978
259,-0.206153112599153,0.522035485046791,2.14567766814841
260,0.718953327402865,0.496121918593719,1.19330983566237
261,1.0611795383817,0.508693178384181,1.9058044074391
262,1.07040641483834,0.502799923026706,0.781465944650874
263,0.561740611313665,0.519393084027133,1.32180539498073
264,-0.189785738237932,0.518147856847034,1.61692088461331
265,1.18946854822246,0.475070299115096,0.499246223808147
266,0.511752620786541,0.472182124373882,2.20935465407736
267,0.521139476594233,0.493666103144666,0.834041875169222
268,1.80262572247499,0.497661750942485,0.31846024832777
269,0.0195036303608461,0.48051766945519,2.02763599559588
270,0.113839198065684,0.491161187933498,2.00852404106887
271,-0.310920687025682,0.461066338774417,2.18791238502134
272,1.15622026398951,0.496469537791188,0.645188216670569
273,0.403793502843569,0.480487147676535,1.26397714495261
274,0.588978140652066,0.507003345039159,0.879686854968493
275,1.5115823613075,0.47843134189202,1.38995822331564
276,0.54024887834369,0.47972959082226,1.78392772554671
277,-0.46754145984278,0.488485288934148,2.1394028319782
278,-0.278253151312515,0.505310478765558,1.80013307473522
279,0.644147857807026,0.50346363953086,0.797147123132685
280,1.04412736104578,0.511377308039403,0.660467192297145
281,0.0529327658906869,0.495188392594909,1.95743534404849
282,0.384040203520543,0.516108753595352,1.84017152658272
283,0.77172907607366,0.479672682211247,1.25107138677309
284,1.39536592037099,0.544944331420005,1.73493538221755
285,0.39929810670821,0.500983126884388,0.610791980798707
286,0.898249802014675,0.501691774359699,1.45264137813204
287,0.184625053307271,0.496110182214417,2.17842993721881
288,0.174418869211625,0.493009783134929,1.67040644702916
289,0.118527276409496,0.529268728766745,1.39449780210758
290,1.00675521949723,0.482173283941161,0.653414509016665
291,0.304436261945391,0.479460980234632,1.96697619369052
292,1.0004515529058,0.504834857987519,1.03768714141231
293,0.496417063442036,0.456157443396994,1.84181020516401
294,0.916814585694135,0.504530000191719,1.58251349199624
295,-0.324449579582133,0.516418611039193,2.13369323584206
296,0.1507608784603,0.498901194899215,1.750121711285
297,0.0365770441543352,0.494732214824632,1.34649653356049
298,1.01080780213904,0.483178808041606,1.39045586300258
299,0.634509872199304,0.484006258633927,1.8264294968142
300,0.150866609065044,0.505212599164376,1.42693045713101
301,0.188790167329349,0.522325420443768,1.29088888747434
302,0.949314695346475,0.480102256429467,1.67012457505189
303,0.786443724975921,0.490465555163718,1.04201147984238
304,0.58639627663091,0.513159280436068,2.12587266340523
305,0.683216111552314,0.508226763433001,1.48118684032441
306,0.976701272174419,0.494080653964698,2.33363176342721
307,0.149275816841041,0.469690297203048,1.58729625451507
308,1.01260160969794,0.508619699321607,1.2286185337638
309,0.434354651035221,0.501237590292906,1.4572191860791
310,-0.23717370557495,0.507408666427597,1.31772649247707
311,0.580403473485012,0.485297645826575,2.12703731407216
312,0.323168653698748,0.527521307145026,2.64700031069437
313,1.10165199145792,0.529582763113145,0.62433026423157
314,1.22178458468873,0.489678257962614,1.00351690700901
315,-0.283875533058758,0.505402645492892,2.08411362758609
316,0.465207465053903,0.487883168165027,1.91126578580251
317,0.0695053382431362,0.493061167023795,1.69190509372644
318,0.440874434743283,0.514831335309607,1.43116753419862
319,0.734905090443038,0.509246673432365,2.36954480437805
320,1.17407431267658,0.45343725925537,1.53141333541587
321,0.361177025230989,0.514630200812605,1.55438952821586
322,0.631966068368402,0.507469596797867,1.76414726240914
323,0.434577876566562,0.498654280877181,1.58136428252412
324,0.138438228964399,0.470233550635496,1.94433090632624
325,0.613982313078077,0.510342243099195,1.55243800717843
326,-0.387384315931912,0.510799500804412,2.07494280396404
327,0.631424619508014,0.481019581966619,0.965200635995624
328,0.396293496641502,0.512162573551516,2.26824671603027
329,0.49006268937122,0.507780430959985,1.7361684009633
330,0.0904021819322502,0.508031462257517,1.86186810913594
331,-0.0290394999042068,0.482104055703279,1.73068050537359
332,0.583096099432755,0.530596316274806,1.6089745266426
333,0.69993156548661,0.511614994232264,1.72424270637972
334,0.151936447715911,0.494923197973443,1.53096797631447
335,0.211982626573857,0.516117443894988,1.46900855033174
336,0.0456252427685621,0.510979450085525,1.0876456252637
337,0.174923254302651,0.496462482332287,1.01871220365443
338,0.46949572755737,0.482748125079069,1.73420284719016
339,0.705025536852607,0.516498189541658,1.28879393341769
340,0.251674604106198,0.504992707451826,1.61101134295883
341,0.65472022318498,0.472867447019037,0.909440068197465
342,-0.289506299818151,0.485339580599127,2.35560325677278
343,0.683680022683254,0.523159592741136,1.80398019815639
344,0.303259834857108,0.529230908313589,1.53321248825028
345,-0.140163385420562,0.479257491843491,1.98211712000469
346,-0.110310204293814,0.496464551535309,2.37365530927557
347,0.428500518320705,0.516558165923613,1.78335729029726
348,0.920828784141913,0.511241173223398,1.56401278284061
349,0.550090656904064,0.50287136221475,1.56929866490014
350,0.449374782922146,0.490594340286782,0.528003104881421
351,0.809965090903326,0.476783286274755,2.29988912197642
352,0.590877891384459,0.514054242755684,1.82090240968786
353,0.89678617265387,0.510990338043946,2.16518919716642
354,1.05543469068497,0.519743421444715,1.53899736523222
355,-0.0793800953998196,0.481583854665836,2.47024858378344
356,0.0842357796663118,0.480260708210575,1.69066721648543
357,0.677219074133532,0.491933813335714,0.801170238729177
358,0.395885633101017,0.502058606980672,1.75804296624185
359,0.0358357465296475,0.486886178503575,1.70337774779737
360,1.19648280835105,0.500482718627081,1.2654499053498
361,0.291655983675973,0.507026321497448,2.4469274925162
362,1.11830729112747,0.459423574023278,1.42796910046671
363,0.510991266305806,0.51344281906167,1.01026364424834
364,0.28528378412941,0.481996594793185,1.39100749945081
365,0.943372001424843,0.500930705292683,1.28552538582377
366,0.432461911754605,0.494871948223059,0.897765784667683
367,0.148686725925783,0.515160799172545,1.87621573345968
368,0.732605421272183,0.515299963557604,0.983725945455475
369,0.030010404285231,0.498410411279286,1.31001187674014
370,-0.231560732233188,0.503456839639487,2.17804354718842
371,0.946930554125213,0.472692154217052,1.90874467456468
372,0.151600496433643,0.506501124082551,1.67242779583084
373,0.540665507771546,0.486941451543656,1.85214684890405
374,0.911115660777674,0.50015446309336,1.48892327718354
375,0.645747488898111,0.49588300324276,1.31653746054678
376,1.02447993223352,0.505713664497042,0.864341567757208
377,0.52558474077381,0.515418806036489,1.26922698257489
378,1.02249104247399,0.542984040060491,0.522393070603165
379,0.324317284809791,0.500514338667064,0.511842043813014
380,-0.216815427618303,0.492675193062784,1.654274637557
381,0.298771112909429,0.482674779205615,1.69332632300508
382,0.826186368520701,0.506473878137683,1.2313051477876
383,0.716846977401049,0.50320342564696,1.992011464821
384,-0.5287101004023,0.474604643637659,2.26355381962593
385,0.0232075294161791,0.483621234426943,1.7984911507225
386,0.938601128038371,0.481526601858351,0.610208131979947
387,0.279234131253627,0.494079702504665,1.25528140931214
388,1.48552394344813,0.490638907389006,1.0167526319501
389,0.290409632947228,0.507782812093946,1.36341280219718
390,-0.0689255495019555,0.521116633423079,1.25747052375965
391,1.04190539250901,0.489699308887323,0.959622478151032
392,1.04871614349685,0.525556752335969,1.28938845393045
393,0.724723774473748,0.476012669283854,1.50476096555285
394,0.840220769277324,0.511551249545082,1.52649450414305
395,-0.0124768740805087,0.498014563012783,1.71861168830417
396,-0.387294685916311,0.471303954200692,1.35963705771142
397,0.971081467123616,0.509879560678034,1.22174664363215
398,0.0039490860752831,0.525784085966653,1.64561574407821
399,0.7361618681247,0.508713725738331,1.69700166212249
400,0.555374521984673,0.483427236215029,1.01168815554816
401,0.801493190792623,0.491591915967454,1.51062650837718
402,0.511426012709516,0.500632980784243,1.65035398505513
403,1.42801827895361,0.502152075625099,0.433380258712971
404,0.829997596899502,0.493991290058935,1.36470642885409
405,0.792802800814754,0.502269323346491,1.57304733954335
406,0.453903504668383,0.508947782292466,1.70675656318294
407,0.466147243124769,0.504578303245196,1.15835467744438
408,0.103399874066838,0.50554530413199,1.36818292182711
409,1.39146351626218,0.509714608286445,1.13391848051835
410,0.491185908941051,0.50772427842271,1.93807059706978
411,-0.154487210049226,0.48664238363544,1.81892610648324
412,0.895532556404606,0.464656829917898,0.872042172681934
413,-0.544675191153594,0.475242919967471,1.79206627493845
414,-0.74830068320691,0.504594173231174,2.00119893079977
415,0.903318403190764,0.526911008971082,1.69867199167462
416,0.781299217137175,0.519601205215027,1.88931157883018
417,0.467172756478019,0.518033446691187,1.35926547414287
418,0.72056095545255,0.520425420738665,2.0441904213399
419,0.445428065570311,0.503473950083527,2.67279662664926
420,0.980024827417948,0.516029550685386,1.22127777061782
421,1.16003183737151,0.451989472725688,1.16397383298428
422,0.530689160954492,0.501146518672068,1.84654904469746
423,-0.849034688160084,0.52923561051793,1.60249485872902
424,1.41493105637806,0.484322029083968,1.48300169362716
425,1.00848286326259,0.514226151575371,1.80075543338934
426,0.302706315465297,0.51348870974672,2.35165214647672
427,0.224855600757311,0.485640804599108,2.0925253087054
428,0.258825827853053,0.493406809156728,1.50107246098855
429,-0.474506806728287,0.49903180282899,2.51920707969459
430,1.16183556291125,0.507962947311744,1.54317932573508
431,1.42257311160105,0.506679788069399,0.578549666246503
432,0.917349409846678,0.499310238571234,0.812810816772785
433,1.14385793055595,0.491682262512963,1.13355449448203
434,0.460870045045627,0.487595519210874,1.8686479238134
435,1.50398762349585,0.511393748972654,1.1169495511523
436,0.307186891939194,0.527438254941266,1.54449571070947
437,0.452533057567176,0.50078601527583,2.30208897114784
438,-0.0132589415960625,0.478519970756633,1.41133045915513
439,0.571742515315549,0.485271780409423,0.953727401263821
440,0.492356120792682,0.517142658747586,1.19569635179839
441,0.95528576146752,0.516061595914901,1.06708866688482
442,0.000233974754104833,0.485541406469919,0.675927662998749
443,0.0713225349822809,0.490878762660899,1.87271255779276
444,0.967232596801722,0.473620704531759,1.74885779825531
445,0.603898859133185,0.525749034647157,1.30650635954721
446,0.396870880632382,0.505531513993969,1.73252982422395
447,-0.0669212046057192,0.501947623854033,1.52391934063344
448,0.133307932195088,0.515503961812722,1.82587088128525
449,0.585591242637694,0.513299003606526,1.31514053907214
450,-0.147953980993409,0.512734800717323,1.60902084603687
451,0.379776282241056,0.499204113274351,1.59940457619587
452,0.207470711297084,0.453374999129759,1.09297727159388
453,-0.125436492745987,0.485826077290769,1.79094341912228
454,-0.359702067389019,0.501481968381047,1.94474731834565
455,1.0738907971052,0.486166171979091,1.30492777954313
456,0.219371582551896,0.501238158406356,1.74272165522012
457,0.498193554900253,0.501962485565068,0.750845605154621
458,-0.258967043583504,0.527752722403056,1.53129294551832
459,0.640815548142682,0.481462134939419,1.62667765021425
460,0.476134372105089,0.496295861569574,1.86386639830097
461,-0.155069398830036,0.506019625579998,1.14659238642018
462,-0.493993900752417,0.499084074951797,1.91011768877136
463,1.34639462715588,0.50500745028703,1.35048021015704
464,0.300902643036844,0.492289491621337,1.81400458823879
465,0.703158893937798,0.481669875341511,1.58071471297181
466,0.166761327722202,0.487435628560034,1.97471321593796
467,0.988563469080662,0.466655181412111,0.885736145317592
468,0.255947910806305,0.503749261673839,1.23363072166443
469,-0.0507467430519601,0.475662524574147,1.79225427428048
470,0.558932402546082,0.490368854212073,1.37701333206805
471,0.106594743956003,0.487408070262199,1.23723807357884
472,-0.0138793814449849,0.494951767088855,2.13142747102895
473,0.6282549540771,0.521321180689242,0.574591876178076
474,0.786097578954455,0.493080530504243,0.831728157569615
475,-0.323480235667296,0.521099178469211,1.36713585030343
476,1.18063365788912,0.502246301677387,0.441775445221715
477,-0.0267333240921974,0.504572321025524,1.88850865645227
478,0.686404732092013,0.523466424387109,1.425455820575
479,0.549046301760042,0.496911497864439,1.77878545026248
480,0.428424102178742,0.491736918407655,1.02328173298117
481,0.0612170165781564,0.511902450374156,2.40796665486571
482,0.451440181648355,0.491937528870346,1.6310691095648
483,0.781451701347387,0.505655639915611,0.768406131272127
484,-0.62862329318671,0.496294193096523,1.46739374938642
485,1.1237108062525,0.509157207352445,1.23937371332498
486,1.04458377520536,0.492365081498437,1.47628452627678
487,0.28055261425664,0.491523518639739,0.844267544603653
488,-0.313737202814272,0.519106502217902,2.2572521337111
489,0.895517493702112,0.495201459798262,1.19291965048242
490,0.840434346871607,0.504011464240833,1.39069297572048
491,0.212343732556766,0.497535297157821,1.44684980647917
492,0.878633238553302,0.495441619868125,0.595788403251825
493,0.63871633592438,0.514347173012427,2.19600573890614
494,0.185003248225877,0.470439734111867,0.931002654690785
495,-0.151539702842792,0.509074611505478,2.3654336170222
496,-0.298721357830277,0.505637490760981,2.07534053639834
497,1.38972478053528,0.534884427767338,0.838139787137312
498,1.13337037453104,0.499834512764858,1.9181144801752
499,0.354288171678015,0.503687929369913,0.951794011732511
500,0.178783903313268,0.492059090836183,1.59408686728778
501,0.384771318621229,0.509651234385321,1.10306644819592
502,0.559331414264816,0.504442104534008,1.68329699176433
503,0.568771045910117,0.520652055598564,1.38706551744535
504,0.229295715206401,0.519899849297185,1.24106218045082
505,-0.0342443625376792,0.474554984602487,1.59053085974527
506,-0.489327932309356,0.494208883396658,2.10555477712773
507,0.193272467157862,0.498060423214661,1.83957175474562
508,0.395682631196008,0.503059925402592,0.825069631830129
509,0.414747494225834,0.477831585229578,1.38909693765825
510,0.534021683290995,0.496187076230708,1.52783425477684
511,0.850401282315085,0.50942100643047,0.770500485033227
512,-0.262668001109429,0.484311767507758,0.915570395722357
513,1.15720694452348,0.510941082130982,1.45907307199615
514,-0.00417622699892683,0.518492271284604,2.21799367272
515,0.469295443701888,0.511123350024742,2.04478099960102
516,1.20345423399194,0.48655271055464,1.46697552583393
517,-0.0792894713421302,0.537322937471117,2.00732875699875
518,0.541509018758376,0.491051392506758,1.16803051964586
519,0.3684578751699,0.516849348786849,1.94524717337039
520,-0.167056598012276,0.469235803010149,2.6894830714137
521,0.068447108705239,0.554790962580815,2.03536289861161
522,-0.307277635689856,0.485090438656266,2.2820329445349
523,0.417302713279406,0.489484701957338,1.8635527383961
524,-0.190531588640572,0.509741644677407,2.65458352809862
525,0.45738689206941,0.491243027485957,1.79136512265139
526,1.73796922112694,0.49403742995634,1.31370685162617
527,-0.656723032608711,0.480344743671997,2.15783844717043
528,0.62877844352296,0.501138358708353,1.52621929523577
529,-0.389900047877697,0.519482735970413,2.06439492603254
530,1.07778085418802,0.503863054655761,0.624631548515298
531,0.295029797307003,0.505412317644494,1.94572656906557
532,0.155164558409292,0.49540243706311,2.1766623413371
533,0.556049394118559,0.503428957358407,1.39830835691605
534,0.96442070891625,0.477832187974216,1.67793327466303
535,0.431430285529794,0.516687411354339,1.45370750056464
536,0.562228938565001,0.472832467179566,1.64251926885211
537,0.640291682518148,0.5069973332107,1.34960278411554
538,0.834104038737877,0.493808472405527,1.5292207544586
539,1.08444759377293,0.498587316805259,1.62835848463597
540,0.57962922813705,0.485913177888504,1.40251629459295
541,0.7252724995352,0.520523194059895,1.76817603342486
542,0.386874183405703,0.459928348033688,1.13510474073098
543,0.744861133244201,0.512329312793384,1.96931911305756
544,0.913252270444745,0.48614725997299,1.29367435794951
545,0.932707286585615,0.487543534479929,1.08073030024646
546,0.897310826439236,0.491811768269755,0.917800405083642
547,0.338651189000767,0.504064520521969,0.899837167117193
548,-0.864418332023485,0.502918480280403,2.63961494777648
549,0.58531845038919,0.492317182552762,0.7274042723267
550,0.0474929866907314,0.506068361603155,1.27987030539988
551,1.150694553715,0.478753483936661,1.81360928376207
552,0.388314630938956,0.515913033453477,1.19279800977433
553,0.453190667992983,0.508144768523251,1.54130794817503
554,0.700117929245899,0.509933224111523,1.65094975897253
555,-0.219422945138534,0.491411239845856,1.65215131757577
556,0.81175014396324,0.495108310122905,0.463151634187621
557,0.478728372377699,0.507940735854978,1.54997718276119
558,0.479371936031588,0.492405652603581,2.23173587712177
559,0.816734228664015,0.492469229052701,1.81010575991381
560,1.13787326854768,0.505375271901025,1.04287546444406
561,-1.01482638073599,0.484323243963617,3.23249938991759
562,0.0981210682303479,0.52907801668782,2.16450081948486
563,0.329888524150566,0.499397697746514,1.41131632525725
564,0.843375834100236,0.473923307397245,0.501937957585337
565,-0.241299053851792,0.496315064425898,1.6549060106296
566,0.413820042336973,0.479310027797374,1.66586061973129
567,0.600874440330328,0.521074548146025,1.52121294133315
568,-0.347213773400942,0.517152500521143,1.65270483281913
569,0.182147219146794,0.538587480841644,0.995039532437037
570,0.986850744368152,0.492991543507066,0.656426575874572
571,-0.120927251586482,0.499075551379814,1.47223680376991
572,0.251331996897028,0.483421471574569,1.9485184284951
573,0.587354171490633,0.54014104410442,1.28776343181222
574,0.837839444624967,0.503800178748682,2.03387513723111
575,0.703890945364392,0.464582313110358,0.785837546425207
576,1.49784661326666,0.500681327737795,0.582461556038372
577,1.17028101241733,0.505494438787952,1.07823284096348
578,0.872803559740468,0.47547232554703,2.36884217791642
579,0.723468727254886,0.485456529110422,1.06704739776616
580,0.808448254048433,0.514965602867305,0.961920103618515
581,0.749991225408702,0.505653859342185,1.39384658077479
582,-0.180340472585287,0.49150442907083,2.47028511774247
583,0.309202059481418,0.509105366367126,1.22426537417517
584,1.02188713719485,0.496567036439491,0.912420844984061
585,0.956741201123009,0.499580671290181,1.63012001685254
586,0.335160409666236,0.460043282461141,1.41807476915032
587,0.276168064320634,0.496004014410214,2.03456633310959
588,-1.09002484639272,0.500551001715358,1.86153460745334
589,0.48419212365161,0.500587286344671,2.11754796592131
590,0.628301883103898,0.541685124267392,1.17540722598852
591,0.624896343264272,0.509328124454256,0.799026994215113
592,1.43229785731936,0.485063505964037,1.22886628339172
593,0.228744503330374,0.515168380925385,0.886871036530769
594,0.49912339341373,0.535910302821487,1.35516028196815
595,0.116387468675646,0.510161447213958,1.71025493100343
596,0.909553739900473,0.496180394072247,0.866739083347514
597,0.251556967208936,0.48949575715405,2.59215504254442
598,0.736625761334781,0.522704974929649,2.07888344600345
599,-0.764698385726752,0.509775320198487,2.34201697919126
600,1.25457129606302,0.496579891498241,1.28364459708908
601,1.30250397953065,0.501287865763577,1.5716674074697
602,1.0847381467983,0.46933551321535,0.949341846718219
603,0.54581654398616,0.528531180043871,0.720623593037189
604,0.573799123068403,0.493439531042587,0.76891204737195
605,1.39227037415787,0.482163016146325,1.23983557775881
606,1.10793085100089,0.499855146069259,1.85861594997621
607,-0.0781640222997217,0.528980009433121,2.05222802758357
608,0.348696828443866,0.469993641787997,0.349684094093323
609,-0.140915613905078,0.485295520650802,1.65455118089514
610,0.174706877032952,0.532190150896275,1.73888463469807
611,0.632681990342407,0.501317153000413,0.794911751789172
612,0.702493031168223,0.509357078171599,1.87793491046793
613,-0.29572227558177,0.517789253288382,2.20951664027434
614,0.884177940395433,0.509648556816819,1.08860082596391
615,1.1504615628406,0.508068285176555,0.917470086904654
616,0.745085803116645,0.4735942272333,1.49989243935249
617,0.282715079453376,0.489959046797628,1.56521578874148
618,0.789795379633306,0.507393857271979,1.59500794808936
619,1.92360576042439,0.485302380248059,1.0253838024973
620,0.249811023550078,0.515095515845747,1.41527689730841
621,0.626122903411983,0.485985637117909,1.38952629449352
622,0.374084199713228,0.500548949429614,0.764669910988988
623,0.956290785030202,0.501871588137747,0.601042631921126
624,-0.202372041754145,0.510458761581333,2.00907952798691
625,-0.289125171760312,0.5316704313554,2.51269250695466
626,0.549992869843281,0.493022791612942,1.49993843397968
627,-0.847991830744944,0.505495534666392,2.57653541258923
628,-0.0185098388063383,0.51024389810988,1.82066109665191
629,-0.345273691843518,0.503067717537537,2.30771781781971
630,1.28713054500805,0.523739481742167,1.44753753014578
631,0.473398431995861,0.489483796840838,1.77168280927711
632,0.810141893194135,0.501489259955637,1.38619872922698
633,0.588369217297741,0.52016348625565,1.57884403119469
634,0.883475474567795,0.490163602845279,1.2345860898768
635,1.31361835462273,0.491420735413886,0.683058280730822
636,0.0935844353768411,0.500146881497915,1.07015769491653
637,0.748649176055296,0.492000756808782,1.18848324936986
638,0.669683251072652,0.475281121159632,1.32961913841177
639,0.598914045666307,0.469145726338109,1.04381101184065
640,1.12180916446938,0.503175593423635,1.40602426721498
641,-0.391636528263835,0.505224269603529,1.69698128538458
642,0.325758965380336,0.482425402670963,1.84522312387555
643,0.382732946790749,0.488719382360479,1.41940556179005
644,0.462604412850849,0.508096235738271,1.35859914459676
645,0.77744937491928,0.508096509093131,0.699874330128343
646,1.11235712502606,0.502623404883824,1.95282498527892
647,0.41348374393991,0.47918122212609,1.67734901250781
648,0.918478898159531,0.493391710673526,0.251028320850995
649,0.662507646946739,0.47933413881002,1.8008047985347
650,0.662205940316155,0.500713424847654,0.800413728077024
651,0.255126867469584,0.481237553772058,1.92679055310241
652,0.36686385061074,0.513927567700568,1.88604981197785
653,1.15952654618921,0.52222362383674,1.15149987098153
654,0.664305579657528,0.528161610882212,0.912136533407859
655,0.445802701272361,0.547904637808544,1.69676927384495
656,0.747361266614341,0.489044227267517,1.48682677683496
657,-0.26511902071136,0.520156634557167,1.36325844344715
658,0.555343235985189,0.482974551867341,1.45624510557072
659,1.13178300608986,0.492864266766431,1.25847386239303
660,1.22328382777429,0.474464936149889,0.384874745850022
661,0.78835072294177,0.483808754982011,1.33108993173397
662,1.00577464456798,0.519582594975121,1.05278796258032
663,-0.451521739572349,0.474634199273533,2.36080067373422
664,0.170258759166916,0.486374472877938,1.73807122313273
665,1.54539793700853,0.508018705833779,1.31173462802309
666,0.382164007424471,0.495042300050283,1.6629175941918
667,1.45672016395651,0.523374051209944,0.407658909828212
668,0.810818113467127,0.50898398139747,1.37985117622918
669,1.13962783319879,0.488634747377405,0.592451255796726
670,0.370577741044947,0.491803965329035,2.25278674257717
671,0.697888321822032,0.524026542026882,1.70885119361398
672,0.46092766413049,0.492871720487219,1.37590340136478
673,1.00447322758189,0.495218548202637,1.30155675117968
674,0.860474296522725,0.492204150507755,1.18304418750997
675,1.53569404740817,0.497126096641394,1.08188018028674
676,0.638847469499565,0.496267914620481,1.83325666454519
677,1.02145976521542,0.516000281330805,1.10662264484503
678,0.911846264535105,0.482658908083135,0.972567450979926
679,1.27188471961792,0.502617221886364,0.736525369698649
680,0.444531135396549,0.500354201034374,0.410387829199033
681,-0.15325856330982,0.465681771806848,2.43402724179106
682,-0.395238313050547,0.498679629522865,1.7826493793765
683,0.149331913500285,0.542786388721428,2.47787232485078
684,0.470670939589022,0.520684785351811,1.86203279271386
685,0.445189680489371,0.530127470826039,1.3669950707571
686,1.13046823086254,0.510356703995984,0.841724108446781
687,0.677456316324709,0.506580523402844,1.02192593312133
688,0.845110730480178,0.500313708747521,1.67774870723835
689,0.221796671513188,0.479396852561269,1.72856103100776
690,0.813779616882129,0.520523301617357,1.06361473394704
691,0.201890672916154,0.502774115564475,1.74687112364653
692,0.321392088701765,0.507085467772445,1.96095895345827
693,0.806527875998838,0.483754291520704,1.79269037236541
694,0.558093431843508,0.487135427284506,1.10142529898365
695,1.02911363891127,0.500908650545259,1.18022180876837
696,1.27177484880593,0.479502399851567,1.69812418652316
697,0.31776661712001,0.506096785955041,2.26763234427006
698,0.162709725228897,0.500900466061582,1.69325844673774
699,0.014548308897151,0.537155355200031,2.66454744211915
700,0.0391622830219863,0.489143846992018,2.6700557896935
701,-0.00456403052263046,0.503934222890981,1.2234735137691
702,0.619766535661762,0.469944587068642,1.463020410032
703,1.25737336908394,0.52106904598972,1.1296188768925
704,0.736257384287515,0.503372688691645,1.57917209762146
705,0.0307498085010547,0.481887387714649,1.77952861258884
706,0.474811662079001,0.495554550861854,1.30249372896781
707,0.296374271165165,0.502830565936828,1.66929992212476
708,0.771550564265472,0.506224829232392,1.70606061501268
709,1.23360169323084,0.473060761981049,1.34889505428417
710,0.101924758322328,0.501669990674299,1.37064115342371
711,-0.00120325952162596,0.494055409180112,1.6729420197767
712,1.19599914236738,0.486084317044964,0.491824373859114
713,0.691444494187848,0.491451468232643,1.56994612903388
714,0.255604462094534,0.487205684010689,1.55151436547911
715,0.877004533000827,0.530714759735992,1.39643450589285
716,1.1226440569475,0.500222879360579,1.81064553082521
717,0.370246084745506,0.488377457454994,2.30566335193231
718,1.14668724034931,0.517164360688472,0.586444727421304
719,0.924154285218977,0.505099404027185,1.51356422526272
720,1.41833643641094,0.457334995345761,1.03598520962178
721,0.781695435363873,0.502212719074155,0.900099678981582
722,0.841078520621435,0.494106814477314,1.81136628848532
723,1.02710014692805,0.503626990485555,0.64690700122636
724,1.14623726960886,0.506049138971281,1.24353597273181
725,0.0733300832190236,0.523886595608858,2.02797491673795
726,-0.073806516913757,0.488300068449396,1.91472683691408
727,0.521858409353691,0.49630901645594,0.592046754653385
728,-0.735832971780802,0.500951489508593,2.39544699356884
729,1.13550600971823,0.502606484454008,1.04463704503218
730,0.223665839240462,0.475944899258374,2.39144620795192
731,0.845864855349306,0.495824587003213,1.65493905134603
732,-0.100284881018594,0.499683662714548,0.900978360042631
733,0.243733889709515,0.495824521070883,1.30045004599612
734,-0.066200925191516,0.491476631801831,2.02017172642974
735,-0.136560709738661,0.494815127633988,1.87765016926765
736,0.919811967410935,0.500968929396301,1.87337251823555
737,0.6618278284503,0.523759303098187,1.191763355715
738,0.812735059274077,0.495693789222854,1.30463731438276
739,0.486613234034614,0.506299497939476,1.15150629981182
740,0.148839526932059,0.492567494110857,0.617780443448061
741,0.925844022969019,0.49951974060182,1.47500824460817
742,0.567541879078762,0.525300412216806,1.44948457715997
743,0.0285490172155614,0.510900894601118,2.03687842671099
744,0.71937504663541,0.476439462751073,1.58476674239114
745,0.390454004153611,0.482557256106719,2.202698493746
746,0.266246743567605,0.474188018484646,1.70791155093209
747,1.3135987391872,0.522910313926156,1.12223742992643
748,0.448725882091057,0.501889904479162,1.83615831423282
749,0.687301142229297,0.499063985484127,0.893089254430116
750,0.670969812842575,0.50643875048258,1.79922653101087
751,-0.0259917773776351,0.480059332663338,2.35938656154112
752,0.59311576286207,0.480557699210748,1.75571573850005
753,0.101227039980118,0.486810637642562,1.59694918452054
754,0.628443118126596,0.481404490335513,1.28326993488116
755,-0.175012751358954,0.502467949707008,1.24302432433795
756,0.865113353072101,0.49365038511071,1.54033129821686
757,0.724476781354158,0.500322280638731,1.28762699817441
758,0.355978733293401,0.495185126572077,1.96370151473283
759,0.106462827691003,0.494620864158659,1.05628098043414
760,0.941564054297863,0.494348851473043,0.949668579961676
761,-0.361302875415646,0.492155818488877,2.55562522767058
762,-0.179710428253398,0.462628377234388,1.72141437721051
763,0.816496834637078,0.528342332442675,1.08202577319927
764,-0.0857695764340449,0.497674350597225,0.993622876204373
765,0.276143738519436,0.520391136228739,1.92579975963134
766,1.04167769093997,0.491793090172756,1.36793716191943
767,0.736369820596392,0.471220413419409,1.65383375860058
768,1.39996074064072,0.512732131804989,1.13828040796705
769,1.05104918546644,0.481609948063007,1.29820595558814
770,0.168057153613695,0.484266576216513,1.71256041118265
771,-0.313164562137135,0.508529837748426,1.95456400464754
772,0.693482275943926,0.506089963461229,1.48006320063895
773,0.0223121850227686,0.50771255776899,1.61462489988912
774,0.0540013588515336,0.470709781241619,1.94293171621078
775,0.196425349794728,0.48774614211975,1.58072585316479
776,-0.075785026898619,0.503790014789184,1.74912477977867
777,0.154286817916457,0.493195569096857,1.99275969391265
778,0.174715058570834,0.498733820306515,1.51057880493594
779,0.41702173135063,0.49436050443214,1.10520376741082
780,1.25436322966461,0.471636894807229,2.14840037428043
781,-0.383957740875789,0.512836307543083,1.47951566133434
782,0.727306086930124,0.524640834408739,0.986948556025982
783,0.760762534481024,0.47873579283564,0.846320179842986
784,1.40537531343939,0.491510454090256,0.656193249215275
785,0.51190363749642,0.488736868435627,1.5186628625805
786,0.458533252323755,0.500477825194683,0.556912959492932
787,0.969767074708307,0.519657958545782,1.21193027705793
788,0.46489514582987,0.495976733628432,1.1303721379183
789,0.95427417832663,0.513841649108998,1.5278586907991
790,0.192971861875937,0.470177349342109,0.990629631199983
791,-0.517167552720447,0.49790913337068,1.82453802154188
792,0.696334467003771,0.52516122440456,1.09748632875923
793,-0.555077100434428,0.484639903015361,1.53892509610446
794,-0.0765627122209792,0.538353411462798,2.00271565225892
795,0.859573866723577,0.479214493462745,1.56569027749137
796,0.119865903512167,0.534311313334575,1.97059358121828
797,-0.192646082133273,0.495447755227331,1.45305864053274
798,1.72532207521491,0.485246613419862,1.22054578902599
799,0.350377590119908,0.519530117601182,1.48714169448407
800,-0.0729364857005907,0.462558158261807,1.58237363255175
801,-0.565474936323737,0.505594414126522,1.7114820319723
802,0.579892224223024,0.500538883260884,1.39017673425081
803,1.69320524618255,0.542890400959612,1.24539263133472
804,1.13635498857316,0.513693212131102,0.654028524903443
805,0.497281050627569,0.535466888124715,1.2332300261776
806,-0.211111217944233,0.481666082066787,1.29359007408948
807,0.836539165906566,0.509535682396464,1.82741313376718
808,1.46511147959206,0.520046152035551,0.413813275011142
809,1.30793589355151,0.516526152588781,0.550094348214485
810,-0.0529940592272302,0.505276976981041,2.31231314207847
811,0.298114964679544,0.525579439042658,1.06320976594283
812,0.911871306320743,0.499780443725826,1.31072492896392
813,0.467938885558542,0.502316340937905,0.933742511971148
814,-0.0101209648495313,0.474926366919106,2.04611603040141
815,1.32342962991971,0.496456004026686,1.29293579672524
816,0.20418970759127,0.523336805288977,1.98765659265312
817,0.676276825505273,0.476160571968602,1.05606003303817
818,0.504893252652911,0.498831194427213,1.63790994007118
819,0.215616711454078,0.525266396250695,2.21854427398802
820,-0.255290166854756,0.50883215413447,1.73990056885074
821,1.00430070417774,0.500369988551831,1.79642639933134
822,0.0369851320807747,0.486678147384504,2.73314662666901
823,0.51079950967699,0.502259995188096,1.81768281112843
824,0.368192405595267,0.502269695351251,1.80785210409424
825,0.304125160565568,0.501923619311171,1.78057779055925
826,0.0949677228853511,0.482872626568911,0.90145563866781
827,0.117960003804728,0.480688703417765,1.888268616335
828,-0.573646309232273,0.506825017103884,1.95778750195074
829,0.116064020875491,0.480854285863443,1.42790706800292
830,0.630868681441963,0.476223381599168,1.7226281061051
831,-0.289326286702451,0.52254284609377,1.66598215292162
832,-0.164769029624978,0.524255633794062,1.40219180196426
833,1.23687468224483,0.503415576833103,1.14734533749384
834,0.686326323454963,0.486106175492001,1.7266436182609
835,-0.688923443886231,0.501033690705751,2.30111775655138
836,-0.433779118250995,0.518480115546685,2.44536223914348
837,0.633000300165069,0.506017927854742,1.56334273942288
838,0.386908238765874,0.482704258774664,1.27691145735864
839,0.159105400482267,0.489745883450439,1.68775943893479
840,0.911150068798716,0.517684290969794,1.52104951198002
841,0.925785129923726,0.48685509598295,1.03869271222285
842,-0.420025502892546,0.509928041059445,1.43489036608758
843,0.0237814136291541,0.500448072502615,1.21984438731559
844,0.873431435374584,0.463348886473377,1.1496526109736
845,0.581444710102867,0.461239953434172,1.6734635798774
846,0.633113494431555,0.50823132510512,1.16972434078492
847,-0.386731619054231,0.517168021502067,2.33429370418543
848,-0.0891354197471609,0.501933289028432,2.21581213650777
849,-0.507593151727639,0.497383775498053,2.1299089879353
850,0.995763445460958,0.489117112746905,0.906643483026792
851,1.33310789816755,0.490446520663481,0.741591437549835
852,0.984851399250061,0.494829799865104,1.03469186841434
853,0.281952966983864,0.489411724885511,2.07204509785044
854,1.05316485189847,0.475445529068298,0.918866696948127
855,-0.0258216899941395,0.522935036762592,1.92841644120317
856,-0.0722194276877334,0.470141961333197,1.58185576267887
857,1.33644445858395,0.54166901585647,1.09752541147074
858,-0.0826014462523298,0.476930088512853,1.90886669282782
859,1.22964341523084,0.494058847318852,0.96109777819832
860,0.464653967285984,0.503810618115548,1.99853123261146
861,0.0642400373897712,0.514957991873537,1.73683032450807
862,0.457558010563771,0.510085281059083,1.53007122623675
863,1.25498251634915,0.517680263818166,2.21213121989934
864,-0.44134545178694,0.515103889868983,2.51201450652168
865,0.249088708545237,0.497600806352243,2.30222160566963
866,0.694799258867352,0.491937039577323,2.17914652054025
867,0.275876045286155,0.490260900233386,1.31002897403189
868,0.337006223740277,0.50310470008508,1.65562520977721
869,-0.072879040525784,0.504361094041422,1.74721153827571
870,-0.229246149488416,0.523633977825479,1.94678491275183
871,0.448154557043487,0.493407947528029,1.45428488253804
872,0.775165245599592,0.502654910926285,1.17894511033116
873,0.173246396202511,0.505029027881131,1.32811004640264
874,-0.488847048689337,0.542212703330718,1.10089921280366
875,0.016459885768261,0.499865788287132,1.78180042900809
876,-0.191580703693584,0.551334367206031,1.51127389274621
877,-0.0752328627725623,0.501549409705741,1.9831807088571
878,-0.476169537957475,0.481538507333453,2.40311064378855
879,0.128880870799471,0.48621946864069,2.20596461281206
880,-0.137538123920806,0.473289154471834,2.14714437779226
881,1.09741541775931,0.491984764165826,1.19506335672781
882,0.612245234160636,0.511444337875847,1.05234351705368
883,-0.479526665164753,0.490046348069594,2.01177437288161
884,-0.944579794996035,0.506211503679183,2.79014581446127
885,0.278354415915537,0.51742266336716,1.28152136856394
886,0.714300431018532,0.49565200538727,1.54865639916518
887,0.711157029446315,0.512218103815291,1.97009383610933
888,0.599852730684392,0.532531258928002,1.63927297210883
889,0.564318173406007,0.500940250091888,1.98473144204866
890,0.138637437010209,0.501661878873448,1.60560516790127
891,1.13368164117837,0.500949450165058,1.32339347216598
892,0.665428430754272,0.500505304187639,1.14482878777934
893,0.241372522861903,0.488549139803939,1.96867346327359
894,0.758985605044824,0.460659890971287,1.6579568213676
895,0.0826477990016447,0.518257571055026,0.823398060559757
896,0.949840775058205,0.478357394629041,0.993135309798132
897,0.27851826192509,0.512930470102003,2.28663054085274
898,0.444010051165966,0.469876635221917,1.83973724811577
899,0.967875433940636,0.492437306988315,1.64214194807896
900,-0.0893088100243107,0.493384218994348,1.70550301405079
901,0.344465945701507,0.515705066208245,1.58629709844404
902,0.0942751300934905,0.496646676119,1.65470924156963
903,0.99470716037107,0.483141615613954,1.06372122357423
904,1.32052052570813,0.480705071116346,1.10876308950466
905,0.595596537419318,0.488700873051865,1.21828982309364
906,0.147359378097892,0.47234704857926,1.46187584419946
907,0.214040779623929,0.513234625186886,1.80196396212186
908,0.454093270206885,0.502983815805324,1.46977701816592
909,0.622315131278291,0.490716790978254,1.32500560412719
910,0.206298615499787,0.518229567968417,2.20637493695055
911,-0.687121711757855,0.504398553702601,2.10551168466045
912,0.367517389592474,0.513801488043695,1.49112439410318
913,0.349066063264121,0.509614787856632,1.59523103075932
914,0.529271253310114,0.533733089090726,1.10588660238683
915,0.652737904966941,0.525000925567718,1.25703327006944
916,0.564004626161822,0.471989741094502,1.40183440994878
917,0.844714234008646,0.526676750771053,0.989325934765895
918,1.08500664212099,0.516438937502377,0.937607195389012
919,0.548517912503109,0.491662345980824,1.69150397882514
920,0.20416628260754,0.512455075237854,1.30936341256366
921,0.728283749048091,0.482918552794821,1.17992045929289
922,0.675411636591673,0.512050585194126,1.72166107107213
923,1.58987740464965,0.503427686522485,0.79926861426259
924,0.844667973869124,0.488860265110518,1.82348060432289
925,0.391015047227553,0.5036541077787,1.91729679335532
926,0.261684419242822,0.476297968965905,1.540774056388
927,0.413859376620087,0.511208531828616,1.43429278559131
928,0.58290487128039,0.516096556407872,1.78050426029169
929,1.32575116044902,0.47121648788,0.296984701659326
930,0.139981960240755,0.504695555457867,2.68832310082275
931,0.73167374871094,0.498467471708352,1.50289785729955
932,-0.0665572348772144,0.515834736613782,1.09535675578786
933,0.33889832279661,0.5085963105921,1.16368919364707
934,-0.15936477074371,0.526009623727166,1.86759770859064
935,0.291528115512839,0.489848474441607,1.54412212261828
936,0.890521558987097,0.477456543725371,0.869139490034378
937,0.421634678295682,0.515728932699811,1.21786953646649
938,-0.192568836555377,0.532228558826481,2.05007438527182
939,0.575054668286652,0.474059396182366,1.23468643357372
940,0.231847472402194,0.475190603159486,1.06047682894484
941,-0.417971003154285,0.504127943939033,1.76136775573025
942,0.6163069824889,0.485517345854687,1.76511439047507
943,0.595233488695125,0.481502093670225,1.41619349735872
944,0.0588951797431408,0.499201182852958,1.59904220124004
945,0.238145003334332,0.508165801141754,1.89330910273172
946,0.421653221973296,0.470038892529339,1.55182504712326
947,0.207857449042477,0.500035533280353,2.35743056931103
948,0.767055006139105,0.503975671426429,0.705461303233079
949,1.29395914987839,0.537202250748082,1.00468752355359
950,0.24906205009774,0.509854072067984,1.27926918979904
951,-0.208184276107201,0.513829018781525,1.95592167257449
952,0.415030949450036,0.520667275216184,1.84808380907562
953,0.597661326667479,0.479214132977468,0.859997954621963
954,0.172518217516904,0.50542597096595,1.22846612432757
955,-0.164669304833612,0.54297029484486,1.45889686152243
956,0.354321407584077,0.519946564779287,1.88430840528128
957,-0.0786950684414973,0.469410627771074,1.91916047031248
958,-0.498722420883664,0.498984589109974,1.8528700869661
959,1.13532052863993,0.475305104435144,1.60313005854586
960,0.272835400952156,0.509644464382069,2.06341688347118
961,0.994492874611038,0.514618160749258,1.24202243114664
962,1.10958154458042,0.464737061633058,2.2643407193461
963,0.64567331658039,0.492065461844895,2.02621438425727
964,0.182555831679168,0.485898424436689,1.36063745070629
965,-0.0142384773494431,0.480719457764704,1.9446587658106
966,0.577258771655089,0.476066937471256,1.2157097162913
967,0.0587721598653775,0.527040919874168,1.35212938785541
968,1.34599835715217,0.490353586827228,1.92230094636986
969,0.413440923773725,0.485346583379967,2.2181606341905
970,0.282022580920689,0.499486960006058,1.99520212602593
971,0.866740132440654,0.509564375317997,1.31132683423227
972,0.745830038323307,0.491675136939355,1.63966644617263
973,1.32976252960376,0.511461113918273,0.290606939099402
974,-0.360424723882807,0.495706593722909,1.91547112708426
975,-0.0794999465619216,0.514326541006058,1.34281352713519
976,0.713444858754094,0.517634718831308,1.58697604629591
977,0.36561034378165,0.510551785422426,1.12545841609516
978,0.654479453330148,0.522336787399086,2.11782432943248
979,1.04233615210062,0.494736814538569,1.01648282454346
980,-0.0448466351913652,0.49851406806808,1.91868850267262
981,0.184897583684631,0.51891943053503,2.17976961011805
982,1.06181910367553,0.495503517412006,1.73131818738431
983,0.716765574219714,0.500807848251867,1.70546801192676
984,0.502494484807554,0.516535345616522,1.43767649481897
985,0.611414145504371,0.481429792695869,1.25424844530279
986,0.532423396873296,0.542165094866638,1.51409826272427
987,0.976674536666006,0.507975789202561,1.43058954058348
988,-0.269003477595627,0.475028510675799,1.95927086000237
989,1.36698158133547,0.505939244518201,1.14296830332595
990,-0.718809530638682,0.516135572802767,2.7382788852047
991,0.337328429995368,0.475029821910982,1.62064433991299
992,0.0574598448141201,0.511025748222221,1.18388206792113
993,-0.04838472588789,0.516047900220977,1.42148643927552
994,1.10499115041565,0.463043473257151,1.35208647240858
995,1.09031644291821,0.520275336804159,1.19455079606049
996,0.648296854409274,0.496385020206756,1.29215047801026
997,-0.202199312847042,0.482035186589264,1.92069706282824
998,0.453012166983014,0.476866750846869,0.985460310703928
999,0.379343285289228,0.475893921059569,2.0796729163663
1000,1.12869431379561,0.524275586438985,0.760805178493631
