"student_id","score","eligible","scholarship","gpa","family_income","high_school_gpa"
1,67.9,0,0,2.12,119014,3.57
2,67.1,0,0,1.7,76972,3.78
3,75.8,1,0,1.95,115671,3.52
4,57.1,0,0,1.99,88152,3.32
5,58.9,0,0,1.86,104715,3.31
6,66,0,0,2.34,59250,3.3
7,50,0,0,1.27,66886,3.16
8,70.6,1,1,2.31,62162,3.4
9,64.7,0,1,2.73,62767,3.08
10,55.7,0,0,1.62,76422,3.12
11,54.8,0,0,1.99,94052,3.28
12,66.9,0,0,1.38,68302,3.2
13,80.4,1,1,2.03,73986,3.96
14,52.3,0,0,1.24,96273,3.45
15,65.6,0,1,2.19,98626,3.21
16,58.3,0,0,1.8,73268,3.12
17,72.3,1,1,2.5,80699,3.36
18,87,1,1,3.2,105187,3.84
19,71.2,1,1,2.11,99264,3.57
20,71.8,1,0,2,97728,3.22
21,71.3,1,1,2.45,61671,3.54
22,60,0,1,2.23,78778,3.1
23,57.1,0,0,2.01,91729,3.72
24,81.2,1,1,2.91,100313,3.9
25,51.7,0,0,1.56,91676,3.31
26,57.4,0,0,1.65,78739,2.58
27,64.3,0,0,2.37,109404,3.77
28,84.4,1,1,2.79,82488,3.76
29,82.4,1,1,2.82,104083,3.53
30,81.8,1,1,2.64,88216,3.35
31,70.1,1,1,2.96,110433,3.66
32,56.1,0,0,1.37,75046,3.31
33,62.7,0,0,1.59,88699,3.6
34,56.5,0,0,2.08,93242,3.08
35,68.6,0,0,2.15,105523,3.54
36,72.6,1,0,1.62,99869,3.49
37,51.6,0,0,1.89,78965,3.16
38,68.6,0,1,2.49,59085,3.35
39,60,0,0,1.78,95898,3.04
40,63.6,0,0,1.54,103128,2.94
41,52.7,0,0,1.12,68302,2.95
42,75.4,1,1,2.67,107170,3.66
43,61.9,0,0,1.19,107998,3.01
44,63,0,0,1.19,98136,3.42
45,49.2,0,0,0.98,67726,2.52
46,57.9,0,0,2.12,73522,2.86
47,61,0,0,1.74,69152,2.9
48,52.5,0,0,2.03,48596,3.35
49,61.7,0,0,2.23,60437,3.44
50,60.8,0,0,2.65,83230,3.35
51,48.2,0,1,1.91,50316,3.62
52,47.4,0,0,1.43,69118,3.11
53,63.7,0,1,2.25,85004,3.02
54,67.9,0,0,1.84,64605,3.37
55,53.5,0,0,1.48,97386,3.45
56,60.9,0,0,1.42,88635,3.11
57,48,0,0,1.56,69588,3
58,58.1,0,0,1.43,99400,3.41
59,66.7,0,0,1.36,66695,3.96
60,65.8,0,0,1.87,91371,3.5
61,65.9,0,0,1.9,63580,3.76
62,66.3,0,0,2.09,66893,3.36
63,70.9,1,0,1.76,84973,3.38
64,68.2,0,0,1.98,85319,3.24
65,52.6,0,0,1.4,82184,3.03
66,44.7,0,0,1.2,55979,3.11
67,73,1,0,2.34,58471,3.77
68,70.3,1,1,2.23,77239,3.68
69,78.4,1,1,3.06,93396,3.2
70,58.5,0,0,1.77,62492,2.89
71,69.1,0,0,1.94,80556,3.23
72,63.7,0,1,2.08,77704,3.15
73,55,0,0,1.67,90313,3.07
74,66.7,0,0,1.51,80102,2.99
75,90.9,1,1,3.39,92784,3.67
76,75.7,1,1,3.39,78726,3.36
77,70.4,1,1,2.32,61828,3.36
78,55,0,1,2.15,90908,3.22
79,77,1,1,2.71,105526,3.31
80,69.6,0,0,2.24,98871,3.2
81,61.3,0,0,2.25,71411,3.63
82,66.2,0,0,2.33,73603,3.29
83,56,0,0,1.31,88684,2.74
84,76.1,1,1,2.97,78926,3.23
85,76.9,1,1,2.61,104196,3.44
86,68.9,0,0,2.33,98341,3.11
87,69.2,0,0,2.03,106886,3.59
88,87.5,1,1,2.83,90764,3.65
89,59.3,0,0,1.71,66236,3.42
90,67.7,0,0,1.98,91423,3.12
91,56.2,0,0,1.5,47081,3.01
92,66.9,0,0,1.62,84839,3.25
93,51.8,0,1,1.49,95861,2.66
94,54.4,0,0,2.37,79907,2.91
95,65.5,0,0,1.37,109754,3.19
96,53.8,0,0,1.65,105820,2.74
97,65.9,0,0,1.71,70269,3.66
98,73.7,1,1,2.78,99585,3.56
99,57.2,0,0,1.4,70813,3.13
100,70,1,1,2.72,90769,2.97
101,56.2,0,0,1.45,80858,2.83
102,58.1,0,0,1.58,88018,3.37
103,65.3,0,1,2.85,64062,4
104,73.3,1,1,2.63,95007,2.98
105,64.1,0,0,2.87,71944,2.81
106,64.3,0,0,1.9,80071,3.3
107,82.9,1,1,2.76,73402,3.69
108,64.7,0,0,1.78,84679,3.13
109,64.8,0,0,2.4,81965,3.27
110,57.6,0,0,1.28,80753,3.71
111,56.5,0,0,1.63,68877,3.01
112,60.9,0,0,2.8,87902,3.58
113,71.1,1,1,2.43,81844,3.49
114,63.7,0,0,1.85,74032,3.17
115,74.3,1,1,2.52,80736,3.61
116,55.9,0,0,2.07,56136,3.03
117,62.6,0,0,1.75,85642,3.25
118,63.6,0,0,1.94,89123,2.74
119,65.4,0,0,1.66,75380,3.21
120,72,1,0,1.69,89096,2.9
121,70.8,1,1,2.67,121461,3.74
122,63.6,0,0,2.01,58165,2.97
123,56.4,0,0,1.85,64881,3.67
124,43.5,0,0,1.16,107288,3.3
125,64,0,0,1.54,92903,3.53
126,74.1,1,0,1.97,73406,3.41
127,70.4,1,1,2.33,36851,3.36
128,74.5,1,1,2.74,79244,3.34
129,53.1,0,0,1.29,87484,3.06
130,60.7,0,0,1.65,94667,3.35
131,66.9,0,0,2.3,89073,3.24
132,60.2,0,0,1.91,81047,3.32
133,68.4,0,0,1.76,92134,3.47
134,72.7,1,1,2.9,113408,3.68
135,65.4,0,0,2,70806,3.5
136,43.4,0,0,1.32,65929,2.65
137,62.7,0,0,1.77,95356,3.64
138,76.1,1,1,2.99,82202,3.63
139,64.5,0,0,2.06,90392,3.45
140,61.5,0,0,2.02,75750,2.74
141,61.2,0,0,1.63,122075,3.16
142,70.9,1,0,2.18,85787,3.57
143,66.2,0,0,1.41,111539,3.79
144,76.6,1,1,2.62,92427,3.1
145,75.3,1,1,2.97,87996,3.83
146,65.7,0,0,2.4,109229,2.83
147,38.4,0,1,1.88,71069,2.73
148,93.2,1,1,2.53,114069,3.85
149,87.8,1,1,2.74,110212,3.53
150,58.8,0,0,1,63236,3.46
151,67.2,0,0,2.01,70941,3.51
152,63.3,0,1,2.94,93714,3.13
153,89.4,1,0,2.66,85397,4
154,46.2,0,0,0.93,92791,3.03
155,51.7,0,0,1.7,68684,2.88
156,72.1,1,1,2.21,87395,3.1
157,63,0,0,2.13,77113,3.11
158,68.6,0,0,1.65,51249,2.98
159,73.4,1,1,2.92,105551,3.22
160,65.3,0,0,1.93,91188,3.66
161,77,1,1,2.58,70440,3.37
162,64.7,0,0,1.62,82964,3.55
163,58.2,0,1,2.36,64844,2.98
164,76.6,1,0,2.26,92487,3.69
165,47.8,0,0,1.65,71402,2.33
166,64.8,0,1,2.34,77239,2.98
167,38,0,0,0.87,63823,2.47
168,60.1,0,0,1.69,82251,3.26
169,56.1,0,0,1.79,57621,3.29
170,73.1,1,1,2.47,117570,3.37
171,71.9,1,1,2.44,82912,3.46
172,56.2,0,0,1.72,96163,2.96
173,69.7,0,1,3.02,79379,3.35
174,42.3,0,0,1.13,63311,2.85
175,64.9,0,0,1.82,85454,3.37
176,53.5,0,0,1.2,64968,2.79
177,61.8,0,0,1.78,100890,2.67
178,60.6,0,0,1.48,105499,3.45
179,80.2,1,1,2.93,96901,3.75
180,56.9,0,0,1.71,59833,3.14
181,54.4,0,0,1.5,71843,3
182,65.8,0,1,2.44,92023,3.54
183,68,0,0,1.55,102748,3.87
184,50.3,0,0,1.64,63850,2.87
185,79.2,1,1,2.9,86378,3.52
186,50.5,0,0,1.89,94539,2.59
187,65.9,0,0,2.08,112577,3.16
188,77.7,1,1,3.06,81891,4
189,58.8,0,0,1.29,80751,3.64
190,78.1,1,1,3.17,111296,3.54
191,69.9,0,0,1.55,84053,3.27
192,49.6,0,0,1.58,96330,2.83
193,60.1,0,0,2.01,89036,3.04
194,67.8,0,0,2.27,72738,3.35
195,66.3,0,0,1.78,90650,3.63
196,65.1,0,0,1.53,91313,3.4
197,73.1,1,1,2.61,111696,3.29
198,60.7,0,0,1.07,86852,2.96
199,62.6,0,0,1.73,112610,3.05
200,68.6,0,0,2.35,85833,3.3
201,48.6,0,0,1.21,78088,3.15
202,72.1,1,1,2.08,106255,3.29
203,46.4,0,0,1.4,59927,3.06
204,80.3,1,0,2.57,81827,3.82
205,65.6,0,1,2.51,91331,3.32
206,56.9,0,0,1.63,85168,2.55
207,76.2,1,1,2.85,110144,3.31
208,53.4,0,0,1.6,80765,2.74
209,74.4,1,1,2.66,91017,4
210,65.8,0,0,1.66,81639,3.13
211,81.8,1,1,2.65,95288,3.34
212,60.3,0,0,1.66,82794,2.94
213,71.8,1,1,2.43,96571,3.55
214,56.1,0,0,0.92,58599,3.27
215,55.4,0,0,1.55,76102,2.71
216,79.5,1,0,2.45,103909,3.6
217,65.4,0,0,1.77,88300,3.05
218,58.1,0,0,1.76,87400,3.28
219,73.2,1,1,3.57,113391,3.54
220,65.9,0,0,1.83,99636,3.42
221,63.3,0,0,2.13,64613,3.1
222,55.8,0,0,1.96,122759,3.5
223,76.4,1,1,2.32,76814,3.2
224,67.2,0,0,1.58,96979,3.37
225,63.8,0,0,1.92,70369,3.3
226,49.6,0,0,1.13,72283,2.41
227,71.4,1,1,3.08,95278,3.54
228,83.5,1,1,2.83,94195,3.64
229,65.8,0,0,1.75,61072,3.15
230,72.4,1,0,2.76,76640,3.54
231,61.2,0,1,2.09,79792,3.26
232,62,0,0,1.67,109803,2.59
233,64.7,0,0,1.63,65599,3.81
234,70.4,1,1,2.45,67079,3.28
235,81.1,1,0,1.89,96746,4
236,72,1,1,2.68,76874,3.62
237,66.2,0,1,2.29,72121,3.93
238,63.2,0,0,1.61,81503,3.19
239,74.6,1,1,2.58,85957,3.38
240,69.6,0,0,2.25,71825,3.73
241,56.6,0,0,1.75,60989,3.62
242,72.5,1,1,2.6,79525,3.42
243,54.5,0,0,1.82,88187,3.06
244,50.1,0,1,1.86,69521,3.24
245,67,0,0,2.15,84958,3.8
246,99.8,1,0,2.38,99647,3.77
247,73.9,1,1,2.39,81038,4
248,53.5,0,0,1.22,40552,2.98
249,54.5,0,0,1.39,52574,3.14
250,71.4,1,1,2.24,107172,3.02
251,56,0,0,1.74,42677,3.32
252,70.5,1,1,2.89,93916,3.58
253,68.4,0,0,2.16,96465,3.24
254,61.3,0,0,1.57,74209,2.91
255,51.8,0,0,1.94,77826,3.19
256,80.1,1,1,2.69,89816,3.85
257,48.7,0,0,1.44,93376,2.79
258,60.4,0,0,1.49,56441,3.43
259,50.6,0,0,1.42,66341,3.09
260,65.2,0,0,1.66,82599,3.28
261,58.3,0,0,1.87,95085,3.07
262,68.6,0,0,2.07,82438,3.3
263,65.2,0,0,1.99,81494,3.69
264,69.7,0,0,2.12,83518,3.85
265,78.2,1,1,2.9,93015,3.33
266,83.8,1,1,2.87,65229,3.29
267,51.4,0,0,1.03,66549,2.72
268,69.3,0,0,2.4,71103,3.57
269,60.8,0,0,1.45,74377,3.78
270,88.1,1,0,2.18,87842,3.64
271,62.7,0,0,1.64,85780,3.65
272,52.6,0,0,2.17,78280,2.29
273,78.9,1,1,2.81,101847,3.49
274,77.5,1,1,2.69,105150,3.82
275,73.3,1,1,2.46,63523,3.42
276,75.9,1,1,3.04,68859,3.73
277,62.1,0,0,2.12,90928,3.04
278,48.1,0,0,1.01,72384,3.02
279,74.9,1,1,2.24,109193,3.56
280,55.7,0,0,1.88,81992,3.57
281,82.8,1,1,3.15,73240,3.84
282,50.6,0,0,1.8,76314,2.99
283,59.9,0,0,1.27,82462,2.93
284,60.2,0,0,1.65,56049,3.67
285,80.6,1,0,2.36,85278,3.5
286,60.6,0,0,0.92,60107,2.9
287,73.1,1,1,2.02,83203,3.5
288,66.3,0,0,1.7,65811,3.86
289,48.7,0,1,1.98,83449,2.74
290,71.5,1,1,2.34,66398,3.59
291,57.2,0,0,1.66,74702,2.66
292,93.6,1,1,3,112559,3.03
293,58.1,0,0,1.82,77685,3.32
294,59.6,0,0,1.9,103312,2.69
295,74,1,1,2.57,65939,4
296,62.9,0,1,2.64,84420,3.41
297,61.4,0,0,1.36,78697,3.34
298,53.7,0,0,1.67,58211,3.27
299,69.1,0,0,2.21,105574,3.61
300,58.6,0,0,2.07,58427,3.15
301,57.7,0,0,1.98,54832,3.26
302,63.4,0,0,2.35,101700,3.43
303,68.9,0,0,2.02,118720,3.24
304,61.8,0,0,2.05,68018,3.41
305,59.4,0,0,2.49,81134,2.72
306,61.5,0,0,1.99,98615,3.12
307,62.4,0,0,2.29,105740,3.97
308,45.1,0,1,1.65,119485,2.84
309,71.1,1,0,1.7,60463,3.47
310,63.1,0,0,2.15,68008,3
311,52.6,0,0,1.48,66889,2.94
312,41.2,0,0,1.09,70438,2.27
313,63.7,0,0,1.36,73870,3.4
314,83.8,1,1,2.72,76821,3.01
315,61.6,0,0,1.48,77949,3.4
316,67.5,0,0,1.66,78912,3.38
317,59.6,0,0,2.39,84940,3.4
318,67.8,0,0,2.38,49657,3.58
319,60.1,0,0,1.46,75773,3.31
320,64.6,0,0,1.79,98373,3.53
321,64.6,0,0,1.8,67551,3.55
322,58.2,0,0,1.72,91295,3.03
323,48.9,0,0,1.58,66896,3.15
324,76.6,1,1,2.79,92007,3.26
325,89.6,1,1,2.44,96701,3.92
326,70.8,1,1,2.73,107577,3.27
327,58.6,0,0,1.63,84654,3.18
328,59.5,0,0,1.73,77897,3.26
329,78.1,1,1,3.07,105553,3.85
330,61.2,0,0,1.67,80914,2.61
331,52,0,1,2.08,93197,2.46
332,58.5,0,1,2.26,79193,2.96
333,44.9,0,0,0.87,82871,2.94
334,62.2,0,0,1.79,89406,3.07
335,66.1,0,0,2.25,70858,3.59
336,75.2,1,1,2.76,102652,3.47
337,63.7,0,1,1.5,60092,3.67
338,83.3,1,1,2.39,93473,3.65
339,74.5,1,1,2.92,87046,3.73
340,59,0,1,1.76,106340,2.71
341,58,0,0,1.42,59600,3.54
342,68.6,0,0,1.75,98063,3.21
343,72.5,1,1,2.62,56443,4
344,71.6,1,1,2.65,95291,3.35
345,59.2,0,0,1.73,91057,2.86
346,60,0,0,1.6,79653,3.43
347,50.3,0,0,1.07,111240,3.17
348,49.2,0,0,1.54,71285,2.23
349,77.4,1,1,2.21,91450,3.39
350,37.9,0,1,1.64,53327,3.31
351,52.5,0,0,1.38,61137,3.5
352,52.4,0,0,0.95,58846,2.56
353,48.1,0,0,1.19,88305,3.04
354,69.9,0,0,2.06,106888,3.63
355,70.3,1,1,2.15,86186,4
356,72.7,1,0,2.18,91165,3.6
357,84.9,1,1,3.34,108459,4
358,64.7,0,0,2.12,62175,3.38
359,51.9,0,0,1.31,57819,2.95
360,55.1,0,0,1.16,70904,2.83
361,90.6,1,0,2.17,96672,3.46
362,63.4,0,0,2.57,66727,3.28
363,64.5,0,0,1.39,94029,3.44
364,59.3,0,0,1.29,63112,3.06
365,54.8,0,0,2.24,72672,2.93
366,63.7,0,0,1.7,84703,3.71
367,75.5,1,1,2.22,105670,3.63
368,63.7,0,0,1.71,74037,3.39
369,55.8,0,0,1.7,98288,3.25
370,80.3,1,0,2.19,77482,3.66
371,59.1,0,0,1.47,105631,3.06
372,63.8,0,0,1.74,87165,3.65
373,60.9,0,0,1.3,78152,3.31
374,73.7,1,1,2.4,79547,3.03
375,68.2,0,0,1.06,103335,3.66
376,64.1,0,0,2.08,102286,3.44
377,51,0,0,1.75,78018,2.37
378,76.9,1,1,2.63,99833,3.48
379,70.6,1,1,2.51,73161,3.63
380,66.5,0,0,2.51,103773,2.99
381,56.9,0,0,1.7,53257,2.66
382,55.4,0,0,1.72,90099,3.35
383,47.2,0,0,2.08,101398,3.2
384,64.1,0,0,1.55,69366,3.51
385,62.4,0,1,2.06,91463,3.57
386,63,0,0,1.84,72467,3.5
387,75.3,1,1,2.26,80799,3.22
388,75.9,1,1,3.05,87693,3.46
389,63.8,0,0,1.9,82347,3.38
390,65.5,0,1,2.23,97580,2.9
391,61.3,0,0,2.04,68494,3.64
392,76.6,1,1,2.69,75321,3.63
393,82.6,1,1,2.77,128003,3.31
394,55.8,0,0,1.47,83478,3.03
395,60.9,0,0,2.42,71706,3.09
396,62.9,0,0,1.91,69905,3.11
397,69.4,0,0,1.82,93267,3.05
398,64.7,0,0,2.28,80247,3.62
399,68.9,0,0,1.72,62692,2.68
400,67.4,0,0,1.66,81125,3.21
401,46,0,0,1.36,44653,3.08
402,65.5,0,0,1.49,73074,3.26
403,60.1,0,0,1.94,61586,2.82
404,58.6,0,0,1.61,88920,2.86
405,59.5,0,0,1.83,93186,3.53
406,88.7,1,1,2.78,60203,3.75
407,74.6,1,1,2.85,99729,3.25
408,69.7,0,0,1.62,69312,3.26
409,58.5,0,0,2.21,99771,3.09
410,87.1,1,1,3.02,91031,3.39
411,59.8,0,0,1.78,70330,2.83
412,44,0,0,1.11,55608,2.7
413,65.2,0,0,1.71,68658,3.17
414,84.6,1,1,3.35,93417,3.22
415,47.2,0,0,1.61,92148,3.16
416,65.3,0,0,1.65,106506,2.39
417,43.3,0,0,1.25,45456,3.1
418,74,1,1,2.54,78466,3.44
419,66.4,0,0,1.91,67241,2.86
420,59.8,0,0,1.43,93671,3.49
421,61.1,0,0,1.58,55551,3.38
422,68.7,0,0,2.3,66301,2.64
423,61.1,0,0,1.36,72557,3.68
424,71.1,1,1,2.45,76968,4
425,58.8,0,0,1.77,88593,3.37
426,68.9,0,0,2.57,101208,3.42
427,66.3,0,0,1.59,98236,3.66
428,64.2,0,0,1.98,90453,3.27
429,58.5,0,0,2.49,82882,2.81
430,52,0,0,1.39,70596,3.46
431,51.5,0,0,1.14,55131,2.84
432,58,0,0,1.65,74781,3.12
433,62.9,0,0,2.14,52827,3.41
434,58,0,0,1.74,82278,3.09
435,77.7,1,1,2.62,96637,3.98
436,65.1,0,0,1.88,82420,3.07
437,74.2,1,1,3.04,53106,3.91
438,58.8,0,1,2.49,60165,2.86
439,65.7,0,0,2.01,60591,2.79
440,76.6,1,1,2.64,92540,3.72
441,59.4,0,0,2.27,69600,3.29
442,69,0,0,1.48,89136,3.33
443,67,0,0,1.79,94789,3.58
444,61.9,0,0,1.56,91313,3.52
445,61.9,0,0,2.02,67739,3.24
446,67.7,0,0,2.32,74679,3.08
447,50.4,0,0,1.28,73049,2.81
448,58.1,0,1,2.03,64499,3.42
449,63.9,0,0,1.85,73273,2.99
450,69.4,0,0,2.09,81375,3.6
451,82.5,1,0,2.07,89126,3.81
452,56.6,0,0,1.82,89758,3.13
453,68.1,0,0,1.95,105312,3.4
454,64.1,0,0,1.93,82462,3.31
455,63.4,0,0,1.97,74606,2.9
456,64,0,0,2.01,65705,3.31
457,48.3,0,0,1.36,98113,3.35
458,63.6,0,0,1.79,97631,2.93
459,61,0,0,1.46,67904,3.62
460,63,0,0,1.72,75882,3.6
461,66.1,0,0,1.89,96551,2.65
462,80.4,1,1,2.57,76963,3.1
463,69,0,0,1.98,105555,3.48
464,57.3,0,0,2.41,76890,3.6
465,71,1,1,2.5,94322,3.59
466,84.3,1,1,3.21,107721,3.93
467,78.7,1,1,3.18,104009,3.53
468,61.2,0,0,1.8,91167,2.79
469,41.3,0,0,1.58,81936,3.3
470,68.4,0,0,2.13,81761,2.98
471,86.4,1,1,2.52,102387,3.93
472,74.5,1,1,2.63,92346,3.42
473,82.6,1,1,3.29,91336,4
474,66.2,0,0,2.47,85774,3.31
475,72.6,1,1,2.61,66399,3.53
476,45.3,0,0,0.61,81552,2.8
477,66.8,0,0,2.12,107389,3.14
478,76.4,1,1,3.13,104620,3.34
479,77.9,1,1,2.97,115518,3.52
480,72,1,1,2.47,88612,3.71
481,64,0,0,1.32,93218,2.94
482,57.2,0,0,1.73,82350,3.52
483,77.6,1,1,2.8,84423,4
484,41.5,0,0,1.38,47232,2.66
485,60.9,0,0,1.43,73754,2.43
486,93.2,1,1,2.87,91897,3.43
487,59.4,0,1,2.7,91757,2.93
488,46.7,0,0,1.65,54022,2.99
489,83.2,1,1,2.51,116647,3.82
490,73.3,1,1,2.44,108817,4
491,59,0,0,1.64,71904,2.75
492,66.9,0,1,1.8,82933,3.9
493,55.7,0,0,2.1,122282,3.54
494,75.1,1,1,2.82,55232,3.92
495,65,0,0,2.33,91363,2.85
496,58.5,0,0,1.89,61623,3.26
497,70.5,1,1,2.15,74081,3.59
498,68,0,0,2.14,98357,3.1
499,48.2,0,0,1.02,80676,2.92
500,72.6,1,1,2.03,71315,3.62
501,82.7,1,1,3.31,118877,3.48
502,60.8,0,0,1.1,63675,3.24
503,71.7,1,1,2.17,78367,4
504,67.2,0,0,1.83,88461,2.96
505,68.7,0,0,1.91,80180,3.52
506,63.4,0,0,1.81,84195,3.52
507,72,1,0,1.94,96680,3.17
508,52,0,0,1.02,78155,3.27
509,63.7,0,1,2.76,93011,3.48
510,68.4,0,1,2.46,59985,2.74
511,73.7,1,1,2.88,87799,3.93
512,81.6,1,1,3.29,71662,3.08
513,56.6,0,0,1.81,72869,3.18
514,69.5,0,0,2.17,98971,3.38
515,62.5,0,0,1.79,53260,3.43
516,64.2,0,0,2.03,113930,3.38
517,78.1,1,1,3.08,71657,3.45
518,49.7,0,0,2.02,68227,2.78
519,61.3,0,1,2.65,80196,3.48
520,66.9,0,0,1.68,97683,3.3
521,58.9,0,0,1.7,71774,2.94
522,67.3,0,0,2,84971,3.9
523,82,1,1,2.63,88852,3.5
524,61.5,0,0,1.95,90637,3.04
525,77,1,1,2.57,101884,3.56
526,60.2,0,0,1.66,99236,2.8
527,83,1,1,2.5,66091,3.59
528,69.9,0,0,1.98,94531,3.49
529,67.7,0,0,1.83,86789,3.21
530,78.6,1,1,2.66,90059,3.55
531,84.7,1,0,2.52,79051,3.61
532,65.6,0,1,2.26,74690,3.2
533,51.1,0,0,1.1,67738,3.26
534,65.6,0,0,2.27,93824,3.8
535,68,0,0,1.72,72088,3.33
536,77,1,1,2.79,97983,4
537,85.5,1,1,3.35,82102,3.6
538,71.5,1,1,2.64,79814,3.48
539,93.1,1,1,2.29,112211,3.62
540,62.5,0,0,2.15,101666,3.43
541,67.9,0,1,2.71,107034,3.54
542,65.1,0,0,1.75,84490,3.63
543,49.9,0,0,1.1,65494,2.85
544,70.6,1,1,2.27,86435,3.44
545,55.9,0,0,1.77,56362,3.13
546,68.1,0,0,2.21,53457,3.79
547,73.6,1,1,2.73,85870,3.54
548,78.5,1,1,2.61,73816,3.7
549,62.5,0,0,1.07,77880,3.06
550,85.4,1,1,2.99,93903,3.63
551,60.6,0,0,1.72,72832,3.21
552,50.5,0,0,1.37,103247,3.21
553,52.5,0,0,1.94,59527,3.05
554,53.7,0,0,1.48,82135,2.54
555,62.1,0,0,1.75,86100,2.69
556,63.3,0,0,2.3,65293,2.86
557,66.8,0,0,2,79842,2.95
558,65.4,0,0,2.07,78757,2.84
559,71.2,1,0,2.17,109001,3.12
560,58.1,0,0,1.34,76833,2.68
561,60.9,0,0,1.42,126219,3.36
562,76.9,1,1,3.1,111956,3.56
563,73.1,1,1,2.82,73442,3.35
564,62.2,0,0,2.04,91185,3.19
565,60.3,0,0,2.11,97366,2.72
566,72.2,1,1,2.39,67972,3.83
567,59.3,0,0,1.65,93041,3.38
568,51.1,0,0,1.78,63333,2.88
569,65.6,0,1,1.99,66711,3.66
570,63.7,0,0,2.17,75308,2.51
571,68.9,0,0,1.97,84504,3.7
572,65.1,0,0,1.53,69941,3.27
573,63.1,0,0,2.12,96895,3.19
574,54.3,0,0,1.55,67831,2.67
575,71,1,1,2.38,87587,3.85
576,65.1,0,1,2.44,100192,3.37
577,65.8,0,0,1.98,84212,3.69
578,47.8,0,0,1.73,94651,2.72
579,75.4,1,1,2.57,95320,3.87
580,67.3,0,0,2.06,60245,3.78
581,59.5,0,0,1.8,46984,3.11
582,72.7,1,1,2.34,80020,4
583,52.6,0,0,1.43,64601,3.12
584,68.7,0,0,2.64,84655,3.34
585,55.3,0,0,1.42,101410,2.71
586,60.7,0,0,2.27,76287,3.31
587,71.6,1,1,2.5,69726,3.05
588,59.9,0,0,1.15,90353,3.29
589,59.7,0,0,1.72,47434,3.6
590,93.4,1,1,2.83,88538,3.51
591,64.8,0,0,1.76,67324,3.05
592,75.7,1,1,2.24,91686,3.91
593,67.8,0,0,1.65,74664,3.46
594,36.5,0,0,1.45,77765,3.53
595,45.5,0,0,1.23,94838,3.23
596,61.4,0,0,1.5,88364,3.37
597,71.9,1,1,2.74,98687,3.65
598,80.1,1,1,2.82,89154,3.63
599,69.6,0,0,2.12,77877,3.23
600,48.4,0,1,1.72,95308,2.73
601,69.8,0,0,1.84,69848,3.5
602,71.3,1,0,2.2,85037,3.24
603,57.9,0,0,1.71,87459,2.84
604,51.3,0,0,1.72,80435,3.09
605,66.2,0,0,1.8,70428,3.41
606,53.2,0,0,1.49,66298,3.45
607,82.4,1,0,2.41,84483,4
608,64.7,0,0,1.5,65817,3.85
609,56.5,0,0,1.84,73398,2.94
610,52.6,0,0,1.44,88279,3.23
611,72.1,1,1,2.48,58143,3.28
612,68.4,0,0,1.85,64572,3.67
613,51.4,0,0,1.62,72216,3
614,51.2,0,0,1.5,79268,2.84
615,65.8,0,0,1.6,107683,3.3
616,62.7,0,0,1.63,92280,3.17
617,75.2,1,1,2.21,94190,3.47
618,66.2,0,0,1.7,80171,3.46
619,61.6,0,0,1.65,69038,3.58
620,71,1,1,2.86,80035,3.01
621,46.8,0,0,1.38,94791,3.09
622,58.5,0,0,1.64,57512,3.18
623,53.9,0,0,1.94,53198,3.05
624,73.3,1,1,2.63,84419,3.48
625,60.4,0,0,1.67,75996,3.41
626,75.9,1,1,2.98,83761,3.51
627,65.6,0,0,1.8,59708,3.52
628,70.7,1,1,2.66,90573,3.93
629,62.5,0,0,1.49,80456,3.35
630,53.9,0,0,1.08,92269,2.96
631,68.1,0,0,1.79,58611,3.06
632,37.6,0,1,1.88,56332,2.78
633,81,1,1,3.02,89137,3.44
634,75.6,1,1,2.74,84390,3.64
635,76.4,1,0,2.69,77784,3.25
636,88.8,1,1,3.11,58641,3.84
637,60.1,0,0,1.15,76289,3.64
638,58.5,0,0,1.12,84054,2.78
639,65.6,0,0,1.86,72212,3.59
640,77.3,1,1,3.28,87720,3.27
641,47.7,0,1,1.74,79642,2.83
642,85.7,1,1,2.84,111171,3.36
643,73.5,1,1,2.43,73210,4
644,78.4,1,1,2.92,103673,3.83
645,67.1,0,0,1.79,87749,3.05
646,75.4,1,1,2.44,113873,3.93
647,61.7,0,1,2.12,61989,3.21
648,53.2,0,0,1.22,73338,2.8
649,60.9,0,0,2.08,55162,2.74
650,51.4,0,0,0.91,106891,2.86
651,75.6,1,1,2.89,89798,3.34
652,72.6,1,1,2.43,82864,3.93
653,64.5,0,0,1.31,92873,3.05
654,63.4,0,0,1.92,67632,2.69
655,53,0,0,1.53,82083,2.93
656,73.7,1,1,2.74,90067,3.59
657,40.5,0,0,1.43,82313,2.97
658,71.8,1,0,2.08,80146,3.17
659,58.5,0,0,2.14,83812,2.92
660,62.9,0,0,1.91,84516,3.79
661,74.9,1,1,2.42,79171,2.86
662,67.6,0,0,2.14,84126,2.9
663,71.1,1,1,2.85,94371,3.21
664,71.8,1,1,2.6,90570,3.45
665,60.8,0,0,1.82,89059,3
666,60.8,0,1,2.4,71362,2.94
667,67.3,0,0,2.23,58637,3.24
668,65.8,0,0,2.15,84206,3.53
669,64.6,0,0,1.4,71301,3.32
670,63.2,0,0,1.77,65231,2.83
671,61,0,0,1.67,104054,2.88
672,64,0,0,1.75,102277,3.04
673,71.7,1,1,2.57,98345,3.42
674,61,0,0,1.84,84944,3.03
675,51.6,0,0,1.49,76183,3.64
676,52.4,0,0,1.57,79716,2.92
677,62.2,0,0,1.8,89742,3.25
678,61.5,0,0,1.72,76266,3.34
679,50.4,0,1,2.04,81716,2.91
680,64,0,0,2.14,66571,3.17
681,62.8,0,0,1.9,80725,3.36
682,63.7,0,0,1.56,74752,3
683,64.4,0,0,1.22,79187,3.06
684,67.6,0,0,1.71,80467,2.8
685,51.2,0,0,2.22,86941,2.76
686,56.2,0,0,2.34,69428,3.1
687,58.1,0,0,1.18,84772,2.99
688,49.3,0,0,1.68,89105,2.64
689,68.3,0,0,2.38,105516,3.37
690,62.7,0,0,1.64,83885,3.41
691,67.9,0,0,2.34,81100,2.94
692,67,0,0,2.24,54036,3.72
693,62.6,0,0,1.96,84027,3.44
694,60.8,0,0,1.79,90417,3.39
695,52.5,0,0,1.52,79315,2.62
696,70.7,1,0,2.88,72532,3.19
697,49.7,0,0,1.79,85407,2.98
698,75.1,1,1,2.55,89211,2.7
699,52.4,0,0,1.18,68085,3.46
700,59.5,0,0,2.11,74843,3.19
701,82.7,1,1,2.55,110680,3.36
702,69.5,0,0,1.86,81204,3.47
703,69,0,0,2.18,85273,3.71
704,65.9,0,0,1.82,67290,2.84
705,69,0,0,1.92,94268,3.42
706,64.3,0,0,1.54,60197,3.16
707,48.7,0,1,2.11,47770,3
708,75.4,1,0,2.23,76256,3.71
709,71.7,1,1,2.34,73176,3.54
710,66.3,0,0,2.05,80635,3.18
711,56.9,0,0,1.51,72538,3.61
712,67,0,0,1.92,70935,3.5
713,55.3,0,0,1.74,78239,3.83
714,60.9,0,0,1.93,72409,3.63
715,73.6,1,0,1.55,98265,3.05
716,80.4,1,0,2.47,92463,3.67
717,72.6,1,1,2.55,73365,3.43
718,66,0,0,1.07,91456,3.54
719,63,0,0,1.39,79824,3.45
720,63.5,0,0,1.7,84701,3.39
721,72,1,1,2.55,86714,3.53
722,58.8,0,0,1.85,80443,3.41
723,66.7,0,0,1.63,86985,3.02
724,58,0,0,1.73,98552,3.03
725,60.6,0,1,2.67,108492,3.44
726,42.8,0,0,1.16,72328,3.25
727,54,0,0,2.22,66413,3.48
728,83.7,1,1,3.15,86080,3.8
729,72.8,1,1,2.25,84144,3.6
730,62.4,0,0,2.01,59177,3.36
731,58,0,0,2.1,65277,3.25
732,89,1,0,2.33,99907,4
733,69.7,0,0,2.05,83287,3.5
734,72.4,1,0,2.14,96468,3.71
735,65.7,0,0,1.67,94238,3.93
736,57.9,0,0,1.81,98502,3.05
737,56.7,0,0,1.85,66953,3.51
738,72.5,1,1,2.89,46314,3.76
739,75.9,1,1,3.12,70433,4
740,68.2,0,0,1.68,81572,2.74
741,54.8,0,0,1.32,53177,3.68
742,62.3,0,0,1.72,67687,3.28
743,65.8,0,0,2.26,63118,3.52
744,72.6,1,0,2.05,81443,3.23
745,52,0,0,1.73,88624,2.71
746,69,0,0,1.87,88618,3.11
747,65.6,0,1,1.97,78917,3.56
748,66.4,0,0,2.41,81646,3.23
749,66.9,0,1,2.86,78050,4
750,69.4,0,1,2.15,105171,3.42
751,72.9,1,1,2.83,83186,3.63
752,66.8,0,0,1.67,57087,3.32
753,74.3,1,1,2.82,83967,3.69
754,70.1,1,1,2.5,94431,3.86
755,70.7,1,1,2.37,75912,3.58
756,65.3,0,0,1.85,89679,3.24
757,64.6,0,0,2.05,90617,3.18
758,63.4,0,0,1.58,76580,3.07
759,72,1,1,1.88,86358,3.35
760,75.3,1,1,2.39,60488,4
761,48.5,0,1,1.75,85015,2.75
762,57,0,0,1.69,88634,3.44
763,82.2,1,1,3.18,95484,3.89
764,59.7,0,0,2.02,105164,3.07
765,56.5,0,0,1.79,104373,2.45
766,50.7,0,1,2.4,66678,3.5
767,51.7,0,0,1.92,90870,3.03
768,86.4,1,1,3.25,106230,3.64
769,69.6,0,0,1.53,109236,3.31
770,67,0,0,1.84,100504,3.49
771,80.8,1,1,2.43,97919,3.64
772,52.8,0,0,1.66,61384,3.03
773,71.5,1,1,2.76,102183,3.58
774,63.4,0,0,1.89,85326,3.33
775,57.1,0,0,1.68,89921,2.79
776,74.8,1,0,2.01,80712,3.38
777,67,0,0,1.66,92981,3.56
778,64.8,0,0,1.52,86321,2.8
779,57.9,0,0,1.75,78685,3.61
780,49.7,0,0,1.79,89997,3.74
781,60.1,0,0,0.84,76545,3.36
782,50.6,0,0,1.23,86678,3.02
783,87,1,1,3.05,108457,4
784,69.9,0,0,2.14,70133,3.49
785,72.7,1,0,1.95,72915,2.91
786,72.1,1,1,2.2,118206,3.43
787,78.4,1,1,2.85,109847,3.2
788,50.9,0,0,1.72,97397,2.47
789,64.6,0,0,2.21,71992,3.28
790,60.7,0,0,1.9,78473,2.84
791,54.6,0,0,1.25,95599,3.52
792,52.8,0,0,1.92,61935,1.98
793,69.3,0,1,2.25,85628,3.75
794,67.9,0,0,1.44,95244,3.28
795,49.3,0,0,1.04,81071,3.63
796,74.9,1,1,2.68,88875,4
797,60.1,0,0,1.74,83469,3.23
798,79.2,1,1,2.97,63615,3.31
799,70.2,1,1,2.5,64301,3.13
800,73.7,1,1,2.36,70462,3.01
801,81.9,1,1,2.54,107929,3.26
802,80.2,1,1,2.38,83405,3.49
803,68.4,0,0,2.3,87820,3.56
804,57.4,0,0,2.06,83824,3.28
805,77,1,0,2.68,85524,2.72
806,59.7,0,0,1.66,94024,2.83
807,60.6,0,0,1.57,88594,3.72
808,84.9,1,1,3.07,100887,3.81
809,74.7,1,1,2.28,96993,3.21
810,67.9,0,0,2.27,98268,3.29
811,58.9,0,1,2.11,92662,2.63
812,62.1,0,0,1.35,92556,3.45
813,50.9,0,0,1.51,80472,3.21
814,75.8,1,1,2.59,70764,3.97
815,62.8,0,0,1.83,103304,3.2
816,48.2,0,0,1.17,67151,2.92
817,43.8,0,0,0.94,62580,2.74
818,64.2,0,0,2.37,60276,3.24
819,57.6,0,0,2.04,94804,3.57
820,88.4,1,1,2.57,92298,3.66
821,83.2,1,1,2.92,75951,3.51
822,59.3,0,0,2.11,90894,3.12
823,49,0,1,1.76,80694,2.59
824,87.5,1,1,2.73,88169,3.61
825,60.5,0,0,1.59,49901,3.14
826,63.7,0,0,1.78,86548,3.87
827,57.6,0,0,1.66,115750,3.15
828,72.1,1,1,2.66,88978,3.02
829,61.2,0,0,1.58,43979,3.38
830,87.9,1,1,3.32,84157,3.4
831,59.9,0,0,2.21,74774,2.94
832,54.2,0,0,1.19,66267,3.08
833,68.2,0,0,2.17,75372,2.86
834,76.4,1,1,2.67,96799,2.88
835,61.3,0,0,1.44,96212,3.61
836,60,0,0,1.44,77044,3.17
837,57,0,1,2.3,98468,2.87
838,68.6,0,0,2.03,57327,3.77
839,60.6,0,0,2.2,73210,2.67
840,66.4,0,1,2.31,81448,3.53
841,63,0,0,1.69,78713,3.56
842,72.9,1,1,2.31,76398,3.83
843,60,0,0,1.64,72298,2.7
844,74.3,1,0,2.47,63163,3.25
845,67.3,0,0,1.77,88626,3.75
846,67.7,0,1,2.42,65405,3.33
847,79.8,1,1,2.74,103625,3.82
848,59.7,0,0,1.93,86742,3.08
849,48.5,0,0,1.48,80359,3.16
850,57.3,0,0,1.9,69622,3.22
851,64.1,0,0,1.72,129468,3.54
852,53.7,0,0,1.32,58329,3.16
853,64.6,0,0,2.13,90898,3.39
854,39.5,0,0,1.27,71152,2.61
855,77,1,1,2.5,85216,3.53
856,66.4,0,0,1.65,87928,3.83
857,51.2,0,0,1.35,67470,2.86
858,90.7,1,1,2.61,84543,3.76
859,68.8,0,0,2.2,87685,3.1
860,64.5,0,0,1.27,84378,3.33
861,59,0,0,1.65,80824,3.18
862,63.4,0,0,1.85,71372,3.58
863,51,0,0,1.54,43787,3.14
864,68.7,0,0,2.29,79238,3.37
865,63.4,0,0,1.85,72915,3.68
866,48.9,0,0,1.47,101143,2.98
867,68.3,0,0,2.8,106157,3.29
868,68.9,0,0,1.93,111493,3.31
869,83.4,1,1,2.31,69326,3.22
870,76.3,1,1,3.08,98628,3.83
871,62.9,0,0,1.38,60084,3.16
872,54,0,0,0.92,84308,3.35
873,65,0,0,2.46,104733,3.14
874,72.8,1,1,2.58,74051,3.7
875,67.6,0,0,1.9,51420,3.58
876,53,0,0,1.59,74506,3.14
877,56,0,0,1.52,72808,2.89
878,67.5,0,1,2.26,77256,3.25
879,72.9,1,1,2.08,106343,3.4
880,77.7,1,0,2.36,92204,3.91
881,60.3,0,0,1.31,102805,2.79
882,73.1,1,1,2.67,62035,3.8
883,66.1,0,0,1.73,43412,3.24
884,76.4,1,1,2.47,101684,3.27
885,91.3,1,1,2.8,81610,3.77
886,54.4,0,0,1.5,54644,2.46
887,76.6,1,1,2.51,90617,3.25
888,70.5,1,1,2.27,96459,3.54
889,74.6,1,1,2.33,78541,3.71
890,65.8,0,1,2.02,100589,3.69
891,76.3,1,1,2.52,118451,3.43
892,55.8,0,0,1.71,97866,3.27
893,62.7,0,0,1.62,75871,2.78
894,67.8,0,0,2.59,120373,3.47
895,83.3,1,1,3.06,82954,4
896,66.6,0,1,2.3,100859,3.37
897,77.3,1,0,2.64,92589,3.68
898,77.2,1,0,2.47,81796,3.31
899,55.9,0,0,1.55,99392,3.41
900,65.1,0,0,1.61,81360,3.54
901,79,1,1,2.45,75732,3.21
902,67.4,0,0,1.71,74800,3.37
903,61.6,0,0,1.89,75362,3.17
904,74.9,1,1,2.36,52283,3.08
905,76.3,1,1,3.21,67082,3.57
906,56,0,1,2.04,79904,3.55
907,59.2,0,0,1.73,85315,3.37
908,61.6,0,0,1.7,105704,3.09
909,68.6,0,0,1.55,86526,3.5
910,56.5,0,0,1.29,86419,3.24
911,41.9,0,1,1.73,88356,3.01
912,71.5,1,1,2.31,75707,3.61
913,75.1,1,1,2.21,82915,3.62
914,53.6,0,0,1.35,71091,3.1
915,74.5,1,1,3.2,82305,3.11
916,84.3,1,1,2.39,111022,3.93
917,67.1,0,0,2.08,75593,2.99
918,66.1,0,0,2.1,97285,3.69
919,52.6,0,0,1.46,87911,2.87
920,74.1,1,0,2.77,81780,3.69
921,70.2,1,1,2.42,63593,3.25
922,57.5,0,0,2.29,86295,2.99
923,55.9,0,0,2.26,83830,2.81
924,51.6,0,1,2.67,103632,3.52
925,72,1,1,2.44,67071,3.31
926,43.3,0,0,1.76,69129,2.53
927,60.6,0,0,1.97,54617,3.31
928,60.8,0,0,1.44,83636,2.97
929,76.2,1,1,3.02,74662,3.22
930,35.6,0,0,1.26,71879,3.06
931,57.4,0,1,2.47,77340,3.05
932,52.3,0,0,1.75,62254,3.16
933,59,0,0,1.05,81869,2.67
934,57.4,0,0,1.77,73600,3.14
935,76.6,1,1,2.36,90192,3.75
936,72.3,1,0,2.41,95396,3.29
937,65.2,0,0,2.28,92196,3.22
938,60.8,0,0,1.68,87905,3.15
939,65.1,0,0,1.63,115932,3.36
940,63,0,0,2.44,91798,3.26
941,49.6,0,0,2.18,83138,3.2
942,57.6,0,0,1.44,85610,3.33
943,55.9,0,0,2.01,60731,2.81
944,69.6,0,1,2.24,82574,3.13
945,53,0,0,2.14,52008,3.07
946,64.6,0,0,2.58,85606,3.1
947,71.7,1,1,2.34,81128,3.26
948,77,1,1,2.61,71210,3.97
949,53.8,0,0,1.64,73103,3.31
950,70.3,1,1,2.54,98026,3.58
951,58.5,0,0,1.47,73608,3.03
952,36.8,0,0,0.99,81258,2.84
953,59.2,0,1,2.87,69069,3.23
954,76.9,1,1,2.57,77510,3.68
955,70.7,1,1,2.3,64773,3.36
956,60.6,0,0,1.43,97206,3.49
957,64.9,0,0,1.77,51625,3.49
958,59,0,0,1.83,75562,3.24
959,64.7,0,0,1.77,86055,3.13
960,68.5,0,0,2.03,96061,2.66
961,54.7,0,0,1.5,91386,3.26
962,67.7,0,0,2.2,100882,4
963,55.8,0,0,1.12,73353,3.26
964,75.5,1,1,2.62,82081,3.71
965,56,0,0,1.17,46153,3.45
966,49.6,0,0,1.78,65275,2.52
967,65.5,0,0,1.88,97525,2.82
968,66.7,0,0,2.12,60317,2.68
969,62.7,0,0,1.95,78871,3.25
970,64.6,0,0,1.57,84282,3.69
971,57,0,1,1.95,92977,3.56
972,64,0,0,2.2,77392,2.6
973,78.9,1,1,2.51,102963,3.58
974,73.4,1,1,2.15,81467,3.38
975,77.7,1,1,2.38,88173,3.38
976,54.6,0,0,1.73,70146,3.13
977,63,0,0,1.74,93907,3.51
978,48.6,0,0,1.73,84821,3.12
979,76.2,1,1,2.65,91154,4
980,58.1,0,0,1.75,76011,2.94
981,60.4,0,0,1.88,64468,3.06
982,61.8,0,0,2.33,81185,3.13
983,74.3,1,1,2.89,92251,3.83
984,51.7,0,1,1.85,69774,3.15
985,70.7,1,0,2.11,89414,3.65
986,59.1,0,0,2.14,87162,3.39
987,68.3,0,0,1.75,91830,3.79
988,62.7,0,0,2.25,87776,2.65
989,67.1,0,0,1.98,100835,3.66
990,72.4,1,1,2.99,87406,3.38
991,53.3,0,0,1.74,91028,3.53
992,43.7,0,0,0.97,100713,2.9
993,61.9,0,0,2.12,99992,3.49
994,56.9,0,0,1.98,94217,3.65
995,77.4,1,1,2.49,102076,3.17
996,58.1,0,0,1.57,69678,3.1
997,68.8,0,1,2.48,75731,2.77
998,48.3,0,0,1.91,76749,3.26
999,67.3,0,0,1.98,118636,3.59
1000,80.9,1,1,2.39,97433,3.61
1001,66,0,0,1.68,79702,3.34
1002,65.3,0,0,2.29,73728,3.14
1003,66.9,0,0,1.5,78155,3.26
1004,53.2,0,0,1.73,82947,3.01
1005,49.4,0,0,1.55,61371,3.29
1006,67,0,0,2.09,88290,3.75
1007,64.5,0,1,2.8,90172,3.31
1008,53,0,0,1.56,97794,3.44
1009,50.3,0,0,1.58,67274,3.37
1010,56.2,0,0,2.07,54744,3.1
1011,50.3,0,0,1.64,99793,2.83
1012,74.5,1,0,1.96,98950,3.21
1013,50.3,0,0,1.81,97987,3.18
1014,69.4,0,0,2.47,106678,3.44
1015,81.2,1,1,2.89,76985,3.5
1016,85.9,1,1,2.97,79179,3.91
1017,88.4,1,1,3.06,92539,4
1018,73.2,1,0,1.71,97237,3.03
1019,73.7,1,1,2.54,48535,3.56
1020,62.8,0,1,2.18,78578,3.06
1021,54.3,0,0,1.79,53169,3.27
1022,65.8,0,1,2.16,111387,3.5
1023,64.2,0,0,1.76,99782,2.94
1024,76.2,1,1,2.94,88649,3.16
1025,65.1,0,0,1.84,95300,3.17
1026,59.3,0,0,1.64,59688,3.67
1027,65,0,1,2.78,61180,3.36
1028,73.2,1,1,2.21,73685,2.86
1029,61.4,0,0,2.01,74191,3.02
1030,52.5,0,0,1.31,88710,3.26
1031,56.6,0,1,1.97,70081,2.85
1032,52.9,0,0,2.01,76926,2.85
1033,85.1,1,0,2.71,93044,3.49
1034,83,1,1,2.48,86317,3.29
1035,73.4,1,1,2.4,101329,3.57
1036,57.7,0,0,1.44,74098,2.88
1037,71.4,1,1,2.24,70578,3.54
1038,77.5,1,0,1.97,109506,3.67
1039,71.7,1,1,2.66,98652,3.77
1040,73.7,1,1,2.3,110515,3.02
1041,42.1,0,0,1.56,62351,2.78
1042,57.3,0,0,1.86,65260,2.99
1043,54.2,0,0,1.44,51181,3.17
1044,64,0,0,1.58,110794,3.99
1045,46.9,0,0,2.01,58251,2.97
1046,72.9,1,1,2.6,106954,3.47
1047,66.1,0,0,1.62,88039,2.94
1048,76.7,1,1,2.58,79296,3.47
1049,48.6,0,0,1.11,89452,2.76
1050,83.2,1,1,3.18,85035,3.93
1051,82.1,1,1,2.68,63003,3.31
1052,56.4,0,0,1.91,77479,3.21
1053,84,1,1,2.88,103022,3.83
1054,79.8,1,1,2.65,87709,3.65
1055,70.3,1,1,2.25,85754,3.18
1056,70.8,1,1,2.51,88089,3.23
1057,68.7,0,0,2.06,78184,3.25
1058,65.2,0,0,2.08,122063,2.75
1059,73.3,1,1,2.79,110897,3.38
1060,74.5,1,1,2.38,108957,3.79
1061,57,0,0,1.94,65057,2.8
1062,62.5,0,0,1.69,84218,3.42
1063,73.1,1,0,2.14,100924,3.58
1064,69.9,0,0,1.71,116937,3.69
1065,70.1,1,1,2.97,91537,3.36
1066,54.7,0,0,1.52,95914,3.22
1067,56.4,0,0,2.09,95814,3.78
1068,72.1,1,1,2.71,97634,3.53
1069,51.6,0,0,0.84,78067,2.59
1070,70.7,1,1,2.54,93044,3.49
1071,72.1,1,1,2.57,98289,3.53
1072,82.5,1,1,3.2,87783,3.75
1073,64.4,0,0,1.79,60175,3.96
1074,56.3,0,0,1.67,72789,3.34
1075,57.8,0,1,2.12,76696,3.17
1076,73.3,1,0,2.26,72075,4
1077,63.9,0,0,1.61,60982,3.08
1078,79.5,1,1,3.11,73904,3.89
1079,70.3,1,0,1.94,82224,3.4
1080,65.2,0,0,2.94,55695,3.1
1081,85.6,1,1,2.79,98064,3.97
1082,76.5,1,1,2.73,87226,3.41
1083,71.1,1,1,2.59,106281,3.11
1084,73.9,1,1,2.28,67757,3.33
1085,67,0,0,1.49,82176,3.07
1086,61.8,0,0,2.12,85921,2.72
1087,92.5,1,1,3.47,107233,3.63
1088,59.8,0,0,1.57,95173,3.13
1089,48.8,0,0,0.96,86319,3.11
1090,61.8,0,0,1.69,64880,3.11
1091,73.3,1,1,2.18,97356,3.33
1092,45.4,0,0,1.61,60835,2.7
1093,70.9,1,1,2.59,101693,4
1094,63.5,0,0,2.03,94102,2.96
1095,75.8,1,1,2.7,90658,3.84
1096,58.5,0,0,2.07,72679,2.78
1097,73.1,1,1,2.17,71804,3.27
1098,51.8,0,0,1.82,79661,3.35
1099,58.4,0,0,1.67,113806,3.01
1100,50.8,0,0,1.42,86369,2.7
1101,63.3,0,0,1.81,83081,3.05
1102,66.3,0,0,1.86,57854,3.61
1103,75,1,1,3,87343,3.77
1104,67.6,0,0,2.27,70378,3.11
1105,79.1,1,1,2.44,87184,4
1106,60.1,0,0,1.69,79981,3.7
1107,59.4,0,1,2.34,89424,3.08
1108,68.1,0,0,2.02,51424,3.76
1109,67.9,0,0,1.84,103675,2.9
1110,70.7,1,1,3.07,87756,3.78
1111,59.2,0,0,1.43,79627,3.16
1112,79.6,1,1,2.37,94217,4
1113,77.3,1,1,2.5,30960,3.8
1114,82.8,1,1,2.48,88288,3.66
1115,84.7,1,1,2.45,85364,3.72
1116,56.9,0,0,1.85,71937,3.03
1117,61.2,0,1,2.77,93590,3.1
1118,53.7,0,0,1.26,78773,2.96
1119,49.2,0,0,1.54,49161,2.96
1120,75.5,1,1,2.56,73304,3.48
1121,78.1,1,1,2.6,105671,2.99
1122,60.1,0,0,1.51,75968,3.01
1123,68.7,0,0,1.7,76119,3.86
1124,69.7,0,0,2.46,82810,3.54
1125,49.7,0,0,1.02,65901,3.07
1126,63.2,0,0,1.48,75610,2.71
1127,66.7,0,0,2.75,94328,3.62
1128,67.4,0,0,2.5,88130,2.97
1129,67.4,0,0,2.15,81698,3.22
1130,63.7,0,0,1.37,79311,3.01
1131,70.8,1,1,2.57,71994,3.63
1132,64,0,0,1.66,74660,3.07
1133,60.1,0,0,1.76,98972,3.13
1134,63.1,0,0,1.87,83509,3.5
1135,31.8,0,0,1.56,45531,2.43
1136,79.4,1,1,2.35,104738,3.76
1137,62.9,0,0,2.62,99621,3.52
1138,61.6,0,0,1.68,83971,2.69
1139,64,0,0,1.61,81587,3.05
1140,72.7,1,1,2.39,80245,3.47
1141,44.6,0,1,2.39,74645,3.17
1142,64.7,0,0,2.09,75016,3.06
1143,52.4,0,0,2.52,83551,3.46
1144,65.8,0,0,1.96,92590,3
1145,51,0,0,1.51,74447,3.22
1146,62.5,0,0,1.88,80635,3.81
1147,56.7,0,0,1.75,56927,2.76
1148,68.5,0,0,1.45,96984,3.38
1149,58.4,0,0,2.07,65426,3.48
1150,61.2,0,0,2.07,87654,2.67
1151,52.6,0,1,1.77,71907,3.22
1152,62.1,0,0,1.59,76334,3.2
1153,73.1,1,1,2.96,101477,3.53
1154,58.1,0,0,1.18,85313,2.7
1155,61.8,0,0,2.22,77303,3.22
1156,57.7,0,0,1.3,91497,3.33
1157,75.9,1,1,2.86,73319,3.79
1158,66.8,0,0,1.54,82891,2.91
1159,55.7,0,0,1.42,66430,3.26
1160,64.8,0,1,2.65,99105,3.03
1161,53.5,0,1,2,50166,2.94
1162,71.9,1,1,2.78,71221,4
1163,79.7,1,1,2.29,100554,3.68
1164,54.5,0,0,1.56,83719,2.92
1165,57.8,0,0,2.18,102481,3.2
1166,51.1,0,0,1.52,84595,2.75
1167,60,0,0,1.9,83653,2.98
1168,70.6,1,1,2.57,84064,3.65
1169,59.1,0,0,1.75,77791,3.08
1170,46.5,0,0,1.68,82690,2.89
1171,56.7,0,0,1.41,92488,3.28
1172,45,0,0,1.73,67469,2.81
1173,65.8,0,0,1.61,98238,3.31
1174,54.6,0,0,1.34,92173,2.85
1175,46.8,0,0,1.64,89138,3.04
1176,71.2,1,1,2.78,83110,3.26
1177,59.1,0,0,1.56,68062,3.57
1178,67,0,0,1.76,91137,3.42
1179,68.3,0,0,1.65,110262,3.27
1180,73,1,1,2.66,97497,3.47
1181,73.2,1,1,2.76,97897,3.58
1182,60.1,0,0,1.44,79986,3.06
1183,43.6,0,0,1.5,67927,3.16
1184,57.3,0,0,1.89,75873,2.85
1185,55.6,0,0,1.76,83700,3.23
1186,53,0,0,2.21,99742,3.4
1187,58.5,0,0,1.58,113110,3.14
1188,64.2,0,0,1.59,82838,3.42
1189,61.9,0,0,1.21,90443,3.67
1190,50.6,0,0,1.9,85464,2.74
1191,67.9,0,0,1.55,89731,3.57
1192,62.9,0,0,1.7,82297,3.73
1193,73.7,1,0,2.6,99957,3.63
1194,55.9,0,0,1.44,99327,3.64
1195,64.6,0,0,2.2,104428,3.31
1196,62.8,0,0,1.46,62857,3.13
1197,57.1,0,1,2.35,38701,2.56
1198,51.1,0,0,1.47,77690,2.92
1199,67.6,0,0,1.61,81889,3.29
1200,63.8,0,0,2.14,69300,2.7
1201,68.6,0,0,1.98,57800,3.42
1202,66.5,0,0,2.06,60440,3.71
1203,60.9,0,0,1.67,73062,3.18
1204,88.9,1,1,3.29,101025,4
1205,66.1,0,0,2.02,86660,3.58
1206,68.9,0,0,1.64,90870,3.51
1207,62.1,0,0,2,93664,3.1
1208,68.6,0,0,1.81,106907,3.68
1209,65,0,0,1.81,86146,3.18
1210,51.2,0,0,1.86,94295,2.91
1211,65,0,0,2.14,101208,3.4
1212,67.8,0,0,2.26,105351,3.88
1213,63.1,0,0,1.89,79478,3.35
1214,69.4,0,0,2.08,85946,2.96
1215,53.6,0,0,1.73,67210,3.07
1216,66.2,0,0,1.69,95853,3.64
1217,64.5,0,1,2.06,104376,3.82
1218,50.8,0,0,1.85,91282,3.08
1219,62.3,0,0,1.79,83317,3.17
1220,78.6,1,1,2.4,98040,3.76
1221,71.8,1,0,1.53,58877,2.99
1222,64.8,0,0,1.78,72829,2.35
1223,70.6,1,1,2.32,89172,3.73
1224,58.6,0,0,1.47,69245,3.18
1225,56.6,0,0,1.58,90520,3.51
1226,51.1,0,0,1.32,76648,2.94
1227,59.1,0,0,1.9,79724,2.8
1228,56.7,0,0,1.54,85860,3.34
1229,69.3,0,0,2.09,63910,3.64
1230,68.7,0,0,1.86,104272,3.51
1231,72.9,1,1,2.73,86811,3.67
1232,60,0,0,1.46,64243,3.16
1233,91.7,1,1,3.26,85864,3.76
1234,71.3,1,1,2.84,92299,3.14
1235,62.9,0,1,2.43,98709,3.45
1236,58.9,0,0,1.34,65843,3.43
1237,66.2,0,0,2.24,90612,3.24
1238,71.9,1,1,2.86,81003,3.03
1239,52.2,0,1,2.1,78052,3.16
1240,81.7,1,1,3.01,79907,3.91
1241,74,1,1,2.86,81561,3.59
1242,58.6,0,0,1.87,82251,2.85
1243,57.9,0,0,1.3,71162,2.98
1244,71.6,1,1,3.17,78314,3.79
1245,70.4,1,1,2.91,74083,2.99
1246,69.1,0,0,2.26,101538,3.93
1247,53.3,0,0,1.72,57334,3.23
1248,64,0,0,1.74,54392,3.01
1249,65.4,0,0,2.39,80721,3.79
1250,73,1,1,2.55,69893,3.41
1251,64.8,0,1,2.18,78949,3.13
1252,71.9,1,1,2.92,92321,3.71
1253,67.9,0,0,2.4,106075,3.5
1254,64.9,0,0,2.54,63529,3.34
1255,63.3,0,0,2.29,84671,3.38
1256,86.9,1,1,2.99,69531,3.73
1257,75.8,1,1,2.68,73405,3.47
1258,55.1,0,0,1.45,96347,3.15
1259,53.7,0,0,1.56,80964,2.59
1260,47.4,0,0,1.94,77422,3.06
1261,62.3,0,0,1.62,93599,3
1262,52.8,0,0,1.64,82592,2.94
1263,68.3,0,0,1.53,89880,3.07
1264,56.8,0,0,1.82,71919,2.81
1265,56.4,0,0,1.6,92397,2.75
1266,49.5,0,0,0.92,67354,3.24
1267,71.9,1,1,2.34,94218,4
1268,55.6,0,0,1.44,100736,3.27
1269,75.7,1,1,2.78,98929,3.39
1270,68.8,0,0,2.13,85098,3.18
1271,74.7,1,1,2.92,72986,2.94
1272,73,1,1,2.43,76476,3.27
1273,61,0,1,2.36,80831,3.48
1274,62.1,0,1,2.34,69996,3.56
1275,67.8,0,0,1.93,101087,3.25
1276,69.7,0,0,1.93,121216,3.82
1277,71.5,1,1,2.85,101717,2.85
1278,73.1,1,0,2.09,92315,3.44
1279,62.6,0,1,2.5,74792,2.94
1280,67.5,0,1,2.49,46122,3.44
1281,74.2,1,1,2.39,76444,3.5
1282,71.8,1,1,2.43,71088,3.64
1283,62.4,0,0,2.09,107191,3.58
1284,60.5,0,0,1.82,95977,3.88
1285,66.9,0,1,2.32,90372,3.2
1286,82.8,1,1,2.84,81194,3.9
1287,58.6,0,0,1.67,98365,3.46
1288,52.8,0,0,1.58,69096,2.83
1289,67.8,0,0,2.23,95980,3.49
1290,48.5,0,0,0.73,71996,3.04
1291,62.3,0,0,1.54,63499,3.18
1292,72.3,1,1,2.64,98821,3.34
1293,69.3,0,0,1.51,94170,3
1294,60.4,0,0,1.17,56671,3.42
1295,74.8,1,0,1.81,84414,3.46
1296,80.4,1,0,2.62,85333,3.54
1297,71.8,1,1,2.29,47735,3.37
1298,59,0,0,1.52,70776,3.2
1299,78.8,1,1,2.99,50342,3.62
1300,50.7,0,0,2.04,70173,2.81
1301,63.2,0,0,1.59,92095,3.36
1302,79.2,1,1,2.39,95294,3.49
1303,60.9,0,0,1.15,100290,3.51
1304,74,1,1,2.74,121780,3.29
1305,93.5,1,1,2.98,84388,3.9
1306,54.6,0,0,1.55,83959,2.96
1307,58.2,0,0,2.02,57453,3.36
1308,61.3,0,0,1.46,95526,3.48
1309,60.9,0,0,2.48,62590,3.17
1310,73.5,1,1,3.4,93539,3.16
1311,57.4,0,1,2.03,71300,2.91
1312,62.9,0,0,1.5,77140,3.45
1313,58.9,0,1,2.3,64157,3.41
1314,58.3,0,0,1.79,60699,3.12
1315,62.1,0,1,2.7,87522,2.85
1316,61.7,0,0,1.84,101900,3.4
1317,57.7,0,0,1.18,89003,3.27
1318,72.9,1,1,2.36,74286,3.22
1319,50.5,0,0,0.97,47287,2.6
1320,51,0,0,1.67,46986,3.12
1321,80.6,1,1,2.71,113681,3.71
1322,63.6,0,0,1.37,37475,3.61
1323,74.3,1,1,2.2,89941,3.62
1324,54.1,0,0,1.91,81688,3.3
1325,70.2,1,0,2.06,83758,3.19
1326,75.3,1,1,2.07,80073,3.07
1327,57.1,0,0,1.68,86732,3.02
1328,53.5,0,0,2.07,78189,3.28
1329,63.6,0,1,2.44,96482,2.88
1330,70,1,1,2.79,55441,3.23
1331,47.5,0,0,1.51,61523,2.82
1332,70.7,1,0,2.23,68224,3.79
1333,65.4,0,1,2.61,83549,3.28
1334,62.2,0,0,2.13,69889,3.34
1335,58.1,0,0,1.63,84256,3.16
1336,56.2,0,0,1.77,50005,2.67
1337,68.8,0,0,2.25,64341,3.88
1338,55.8,0,0,1.82,67726,3.32
1339,69.5,0,0,2.32,89076,3.43
1340,56.8,0,1,2.75,72142,3
1341,57.1,0,0,1.73,79041,2.91
1342,59.3,0,0,1.74,57005,3.13
1343,78.2,1,0,2.12,87942,3.29
1344,70.4,1,1,2.25,72532,3.32
1345,64.7,0,0,2.37,80786,3.39
1346,62.8,0,0,1.95,67540,3.38
1347,58.4,0,0,1.44,79603,3.9
1348,60.9,0,0,2.28,62592,2.9
1349,49.2,0,0,1.86,79971,2.57
1350,58.1,0,0,2.35,85983,2.98
1351,78.6,1,1,2.4,95545,3.61
1352,74.9,1,0,2.26,100434,3.6
1353,59.5,0,0,2.15,104855,2.71
1354,64.6,0,0,1.86,78384,4
1355,58.8,0,0,2.08,106352,3.86
1356,51.7,0,0,1.55,65322,2.6
1357,64.1,0,0,1.48,96358,3.32
1358,64.8,0,0,1.89,83372,3.48
1359,57.3,0,0,1.16,87864,3.7
1360,94.3,1,1,2.79,75736,4
1361,59.8,0,0,1.14,65478,3.08
1362,72.9,1,1,2.11,83296,3.74
1363,74.6,1,1,2.81,90195,3.88
1364,53.3,0,0,1.65,79139,2.83
1365,54.7,0,0,1.44,116336,3.54
1366,63.6,0,1,2.53,85681,3.27
1367,83.9,1,1,3.11,78807,3.37
1368,65.3,0,0,2.48,100975,3.08
1369,62.8,0,0,1.5,84774,3.06
1370,67.6,0,0,1.71,108232,3.6
1371,64.3,0,0,1.6,84428,3.2
1372,72.8,1,1,2.27,102715,3.16
1373,83.9,1,1,3,72489,3.03
1374,74.1,1,1,2.66,96231,3.32
1375,71.9,1,1,2.34,107933,3.23
1376,84.5,1,1,3.2,100471,3.4
1377,56.2,0,0,1.78,76012,2.54
1378,51.8,0,0,1.25,50122,3.05
1379,56.7,0,0,2.02,74349,2.93
1380,63.2,0,0,1.7,73424,3.25
1381,61.4,0,0,1.62,73635,3.23
1382,73.8,1,1,2.59,75894,3.27
1383,60.1,0,0,1.03,83376,3.43
1384,61.1,0,0,2.21,93306,3.19
1385,62.7,0,0,1.92,79396,3.39
1386,66.8,0,1,2.6,64889,3.53
1387,65.2,0,0,2.18,77827,3.65
1388,41.9,0,0,1.42,86906,2.91
1389,61.3,0,0,1.61,58345,3.12
1390,73.6,1,1,2.44,82584,3.89
1391,80,1,1,2.9,80100,3.64
1392,53.4,0,0,1.3,99028,3.18
1393,63.3,0,0,1.75,76548,3.27
1394,52.1,0,0,1.02,93416,3.02
1395,58.6,0,0,1.6,76638,3.44
1396,93,1,1,3.08,67913,3.68
1397,72.6,1,1,2.71,90933,3.65
1398,83.9,1,0,2.78,73359,3.87
1399,65.5,0,0,1.85,68438,3.1
1400,71.3,1,0,2.22,83135,2.89
1401,72.3,1,1,2.72,88387,3.98
1402,48.9,0,1,2.13,60814,3.18
1403,57.6,0,0,1.6,78179,3.29
1404,61.7,0,1,2.15,82483,3.21
1405,68.6,0,0,2.37,73586,3.14
1406,65,0,0,2.32,61581,3.03
1407,59.3,0,0,1.89,52635,2.94
1408,74.8,1,1,2.56,69927,4
1409,50.1,0,0,1.74,88108,3.09
1410,66.8,0,0,1.33,64361,2.96
1411,77.3,1,1,3.08,93394,3.27
1412,58.4,0,0,1.52,83965,3.29
1413,75.1,1,0,2.29,65414,3.23
1414,77.8,1,1,2.54,76755,3.3
1415,59.4,0,0,1.2,72587,3.55
1416,69.3,0,0,2.11,89623,3.24
1417,72,1,1,1.93,99107,3.76
1418,50.5,0,0,1.68,94049,2.91
1419,65.9,0,0,1.88,80326,3.38
1420,64.7,0,0,1.9,77631,3.77
1421,60.1,0,1,2.32,100132,3.36
1422,56.3,0,0,1.05,88844,3.53
1423,50,0,0,1.62,60307,2.59
1424,89.7,1,1,3.46,104232,3.98
1425,68.2,0,0,1.77,120170,3.77
1426,65.1,0,0,2.1,81083,3.69
1427,72.9,1,1,2.88,83676,3.23
1428,74.6,1,1,2.71,97225,3.04
1429,61.1,0,0,2.14,76142,3.29
1430,60.9,0,1,2,82288,3.69
1431,51.9,0,1,2.22,87555,3.14
1432,81,1,1,2.84,88652,3.67
1433,74.3,1,1,2.51,91302,3.04
1434,74.8,1,1,2.71,79562,3.16
1435,61.9,0,0,2.1,76497,3.58
1436,75.6,1,0,2.34,77949,3.44
1437,49,0,0,1.47,89162,3
1438,53.3,0,0,1.08,70366,2.72
1439,59.3,0,0,2.03,70856,3.18
1440,58,0,0,2.16,71731,3.56
1441,73.4,1,1,2.64,72080,3.47
1442,72.9,1,1,2.5,71221,3.58
1443,65,0,0,1.88,78244,3.29
1444,59.3,0,1,2.25,101251,2.98
1445,64.2,0,0,1.59,101146,3.53
1446,88.3,1,1,2.85,106540,3.88
1447,55.7,0,0,1.51,89415,2.66
1448,81.8,1,1,2.85,84540,3.84
1449,70.7,1,1,2.53,90111,3.29
1450,73.2,1,0,2.14,68622,3.68
1451,68.3,0,0,1.93,73265,3.64
1452,41.3,0,0,1.15,79061,3.02
1453,79.4,1,1,3.19,80125,3.7
1454,66.7,0,1,2.47,79307,3.29
1455,80.7,1,1,2.81,102416,3.62
1456,70.7,1,1,2.24,73343,2.98
1457,56.4,0,0,1.77,74830,3.25
1458,63.8,0,0,2.15,52304,3.15
1459,69.3,0,0,1.85,64066,3.27
1460,54.7,0,0,1.85,89411,3.46
1461,59.8,0,0,1.85,71973,2.78
1462,65.2,0,0,2.21,75331,3.2
1463,72.1,1,1,2.9,73289,3.68
1464,61,0,0,1.78,48423,2.87
1465,63.2,0,0,1.49,79647,2.46
1466,74,1,1,2.84,101252,3.4
1467,40.2,0,0,1.23,65711,2.91
1468,71,1,1,2.72,110660,3.33
1469,61.2,0,1,2.07,65515,2.7
1470,67.7,0,0,1.34,81237,3.72
1471,64,0,0,2.21,89218,3.33
1472,82.5,1,1,2.76,82782,3.78
1473,67.3,0,0,2.17,98134,3.21
1474,69.5,0,0,2.55,72460,3.41
1475,83.9,1,1,3.19,106666,3.88
1476,56,0,0,1.26,99842,3.62
1477,55.9,0,0,1.76,65351,2.69
1478,45.9,0,0,1.11,77347,3.14
1479,44.3,0,0,1.67,64904,3
1480,75,1,0,2.08,93111,3.37
1481,71.6,1,1,2.46,95115,3.28
1482,74.7,1,1,2.54,103375,3.28
1483,71.3,1,0,1.9,68704,3.16
1484,64.3,0,0,2.02,94676,3.8
1485,52.3,0,0,1.87,47100,3.16
1486,52.2,0,0,2.11,52985,3.22
1487,56.8,0,0,1.73,62759,3.29
1488,65.4,0,0,2.12,88069,3.32
1489,60.4,0,1,2.26,95220,3.44
1490,64.2,0,0,2.18,96419,3.32
1491,71.7,1,1,2.35,99324,3.41
1492,65.3,0,0,1.99,84721,2.89
1493,74.6,1,0,2.4,100165,4
1494,79.8,1,1,3.62,109999,3.58
1495,70.9,1,1,2.89,76878,3.13
1496,74.3,1,0,2.31,80353,3.6
1497,51.2,0,0,1.1,67448,3.07
1498,60.8,0,0,1.74,93147,3.29
1499,59,0,0,2.05,78418,3.52
1500,66.8,0,0,1.86,63921,3.26
1501,78.3,1,1,2.62,74635,3.91
1502,75.3,1,1,2.87,90798,3.74
1503,82.9,1,0,2.27,78047,3.68
1504,67.5,0,0,1.46,62310,3.65
1505,69.4,0,1,2.9,93733,3.78
1506,61.7,0,0,2.01,78148,2.92
1507,58.4,0,0,1.19,74997,2.99
1508,74.5,1,1,3.01,85481,3.33
1509,67.4,0,0,2.03,91569,3.11
1510,86.1,1,0,2.36,122925,4
1511,87.9,1,1,2.31,99314,3.95
1512,64,0,0,1.8,85139,3.75
1513,65.3,0,0,1.57,90113,3.11
1514,54,0,0,1.4,113268,3.69
1515,56.2,0,0,1.5,97025,3.27
1516,70.4,1,0,1.88,83094,3.41
1517,71.1,1,1,3.19,67774,3.6
1518,71.9,1,1,3.2,90837,3.09
1519,65,0,0,1.71,79128,3.19
1520,67,0,0,2.33,74877,2.69
1521,60.4,0,0,1.98,128264,2.87
1522,76.3,1,1,3,103661,3.8
1523,70.8,1,1,3,75180,3.69
1524,60.1,0,0,1.99,81361,2.85
1525,68.6,0,0,2.26,91319,3.84
1526,58.4,0,0,1.68,93934,2.95
1527,77.2,1,1,3.02,70042,4
1528,74.6,1,1,2.27,97292,3.65
1529,47.6,0,0,1.3,77123,3.05
1530,71.8,1,1,2.51,85572,2.95
1531,92.5,1,1,2.42,101131,4
1532,77.7,1,1,2.89,80913,3.95
1533,48.8,0,0,1.57,102162,2.91
1534,57,0,1,2.06,76517,2.86
1535,63,0,0,1.76,89156,2.56
1536,67.5,0,0,1.99,84161,3.12
1537,68.5,0,0,1.48,68362,3.26
1538,62.7,0,0,1.66,95560,3.28
1539,79.2,1,1,2.83,77541,3.67
1540,60.3,0,0,1.81,69606,2.9
1541,62.5,0,0,1.24,69383,3.2
1542,85.3,1,1,3.03,63105,4
1543,54.9,0,0,1.5,60929,3.01
1544,73,1,0,2.28,67574,3.11
1545,52.5,0,0,2.04,72832,3.16
1546,67.4,0,0,2.21,89326,2.52
1547,68.8,0,0,2.11,90706,2.98
1548,55.2,0,0,1.81,83687,3.41
1549,54,0,0,1.16,83643,2.8
1550,57.3,0,0,1,86191,3.33
1551,47.8,0,0,1.87,73126,3.2
1552,49.5,0,0,1.41,74879,2.63
1553,78.1,1,1,2.74,89728,3.35
1554,66.3,0,0,1.07,95702,3.59
1555,63.9,0,0,1.56,88501,3.83
1556,58,0,0,1.45,49717,3.02
1557,64.2,0,0,2.14,66055,3.54
1558,66.5,0,0,1.27,84276,3.03
1559,55.9,0,0,1.66,92068,2.95
1560,57.7,0,0,1.49,58705,3.31
1561,75.7,1,0,1.79,107104,4
1562,77.1,1,1,2.74,65407,3.47
1563,54.9,0,0,1.36,70812,2.47
1564,57.3,0,0,1.56,93251,3.06
1565,56,0,0,1.6,106834,2.58
1566,60.7,0,0,1.81,57767,3.62
1567,59.6,0,0,1.43,86105,3.27
1568,63.7,0,0,1.98,72893,3.68
1569,58.6,0,0,1.87,59615,3.33
1570,47.3,0,0,1.74,62479,2.91
1571,52.5,0,0,1.22,70601,2.78
1572,68,0,0,2.16,70353,3.09
1573,59.5,0,0,1.69,71218,3.13
1574,70.7,1,1,2.78,78161,3.4
1575,68.3,0,0,2.16,76780,3.51
1576,62.9,0,0,1.84,86613,2.97
1577,61,0,0,1.48,89494,2.75
1578,69.6,0,1,2.84,83114,3.99
1579,65.3,0,0,1.34,91456,3.29
1580,62.7,0,0,1.8,63111,2.68
1581,81.3,1,1,2.92,88145,3.94
1582,57.6,0,0,1.39,51364,2.91
1583,69.2,0,0,1.85,85089,3.38
1584,70.3,1,1,2.65,109963,3.44
1585,65.5,0,0,1.4,53040,3.01
1586,59.7,0,0,1.77,67763,3.25
1587,69.6,0,0,2.24,90085,3.78
1588,76.6,1,1,2.59,73367,3.94
1589,72.6,1,1,2.52,63067,3.39
1590,76.8,1,1,2.91,109726,3
1591,69.4,0,0,1.94,73335,2.68
1592,65.7,0,0,1.78,88333,3.03
1593,66.1,0,0,2.35,70355,3.94
1594,59.4,0,0,1.46,104214,3.22
1595,67.3,0,0,1.91,61894,3
1596,69,0,0,2.35,104432,2.92
1597,71.9,1,1,2.26,86581,3.66
1598,62.2,0,0,1.74,75326,2.9
1599,69.5,0,0,2.21,66799,3.7
1600,55.9,0,0,2.45,57308,3.41
1601,62.9,0,0,1.5,63257,3.29
1602,60.3,0,0,1.79,69938,3.64
1603,52.1,0,0,1.34,59982,3.22
1604,61.5,0,0,2.14,76013,3.46
1605,55.3,0,0,1.57,96546,2.75
1606,62.2,0,0,2.03,102753,3.53
1607,60.1,0,0,1.77,80584,3.38
1608,61.7,0,0,1.66,73844,3.61
1609,60.7,0,0,1.85,87916,3.06
1610,73.1,1,1,2.77,98030,3.83
1611,64.3,0,0,2.54,96972,3.46
1612,60.9,0,0,1.71,64899,2.99
1613,73.3,1,1,2.55,69038,3.04
1614,45.5,0,0,1.39,71342,2.71
1615,60.3,0,0,1.4,63175,2.86
1616,52,0,0,1.46,62038,3.52
1617,59.8,0,0,1.58,36689,2.99
1618,59.3,0,0,2.14,96210,3.46
1619,66.4,0,0,2.24,74654,3.27
1620,70.4,1,1,2.48,77830,3.24
1621,64.1,0,0,1.33,44710,3.96
1622,66.2,0,0,2.04,80906,3.22
1623,73.5,1,1,2.56,103123,3.17
1624,84.6,1,1,3.15,100929,3.97
1625,52.1,0,0,0.94,82224,2.64
1626,58.3,0,0,1.91,103607,3.46
1627,69.4,0,1,2.34,92721,3.17
1628,69.4,0,1,2.26,85699,3.39
1629,66.4,0,0,2.45,66516,3.34
1630,88.3,1,1,2.76,95470,4
1631,58.5,0,0,1.12,74946,3.75
1632,50.1,0,0,1.51,74466,2.8
1633,56.9,0,0,1.57,75507,2.96
1634,70,1,0,2.28,109785,3.26
1635,56.7,0,0,1.66,87022,3.12
1636,68.9,0,1,2.26,75232,3.98
1637,69.4,0,0,1.89,91784,3.78
1638,54.5,0,1,1.96,77176,3.03
1639,49.6,0,0,1.79,62904,3.26
1640,68.2,0,1,2.68,85908,3.36
1641,57.4,0,0,1.66,66687,2.71
1642,89.2,1,1,2.79,74452,4
1643,62,0,0,1.86,68331,3.22
1644,70.1,1,0,2.29,73796,3.21
1645,76.6,1,1,2.88,115565,3.08
1646,50.7,0,0,1.53,78377,3.29
1647,63.5,0,0,1.44,78083,3.35
1648,50.7,0,0,2.12,50232,2.99
1649,68.4,0,0,1.83,80814,3.81
1650,71,1,1,2.64,96033,3.51
1651,80.9,1,1,2.53,104819,3.63
1652,59.4,0,0,2.05,89013,3.06
1653,60.8,0,0,1.69,88831,3.16
1654,73.8,1,1,2.47,83582,3.6
1655,73.1,1,1,2.13,65083,3.36
1656,79.2,1,1,2.87,96355,3.86
1657,102.9,1,1,3.37,79020,4
1658,58.9,0,0,1.39,91802,3.42
1659,57.8,0,0,1.78,83171,2.59
1660,69.9,0,0,1.68,78660,2.92
1661,60.5,0,0,1.9,81275,3.18
1662,64.3,0,1,2.15,65197,3.69
1663,75.1,1,1,2.68,85366,2.98
1664,69.2,0,0,2.08,93998,3.67
1665,50.7,0,0,1.83,82817,3.17
1666,85.2,1,1,2.4,109115,3.69
1667,71.2,1,1,3.06,88252,2.49
1668,57.2,0,0,1.44,78141,2.76
1669,52.5,0,0,0.82,60693,2.73
1670,58.3,0,0,1.77,109235,2.91
1671,67,0,0,1.31,90881,3.13
1672,59.3,0,0,1.29,89447,3.26
1673,65.9,0,0,1.46,84832,3.31
1674,65.1,0,0,2.22,74261,3.43
1675,72.6,1,1,2.14,105477,3.9
1676,78.8,1,1,2.33,79036,4
1677,67.8,0,0,1.34,88388,3.83
1678,65.1,0,0,1.43,97838,3.28
1679,43.7,0,0,1.27,70723,3.22
1680,59.2,0,0,1.87,55211,2.91
1681,79.9,1,1,2.73,108944,3.46
1682,60.6,0,0,2.01,111456,3.11
1683,76.1,1,0,2.43,86214,3.66
1684,76.6,1,1,2.63,59470,3.59
1685,68.4,0,0,1.83,78724,3.59
1686,60.6,0,0,2.18,83431,3.47
1687,74,1,0,2.21,102880,3.35
1688,67,0,0,1.58,102830,3
1689,80.7,1,1,2.45,91506,3.87
1690,61.1,0,0,1.85,97571,3.01
1691,74.1,1,1,2.72,99526,3.4
1692,78.7,1,1,3.46,86474,3.78
1693,53.7,0,0,1.68,57545,2.58
1694,73.5,1,1,2.79,61824,3.92
1695,54.8,0,0,1.52,85784,2.54
1696,71.7,1,1,2.69,76628,3.63
1697,64.2,0,0,1.29,84906,3.61
1698,62,0,0,1.5,72393,3.23
1699,54,0,0,1.7,78067,3.18
1700,75.2,1,1,2.64,95577,4
1701,58.3,0,0,1.71,58094,2.8
1702,52.7,0,0,1.82,72403,3.2
1703,64.9,0,0,1.74,95283,3.97
1704,65.7,0,0,1.83,91994,3.66
1705,78,1,1,2.74,56893,3.71
1706,76,1,1,2.2,121609,3.34
1707,61.8,0,0,1.8,62020,3.65
1708,58.4,0,0,1.73,89209,3.28
1709,71.3,1,1,3.22,82171,3.88
1710,63.7,0,0,1.45,69537,3.27
1711,61.5,0,0,2.45,74205,3.07
1712,70.1,1,1,2.51,92474,3.2
1713,74.8,1,1,2.69,82686,3.25
1714,54.5,0,0,1.6,57904,3.09
1715,50.5,0,0,1.77,79707,2.7
1716,53.6,0,0,1.43,57479,3.19
1717,55.6,0,0,1.7,78518,3.12
1718,61.2,0,0,1.82,70781,3.87
1719,67.3,0,0,1.56,63828,3.56
1720,61.9,0,0,1.98,65395,2.84
1721,66.9,0,0,1.84,82684,3.81
1722,74.3,1,1,2.1,91008,3.59
1723,51.9,0,0,1.72,68234,3.15
1724,62.4,0,1,2.4,70059,2.81
1725,66.1,0,0,1.8,103553,3.22
1726,45.9,0,0,1.65,66423,3.21
1727,61.9,0,0,2.08,75076,3.46
1728,72.8,1,0,1.44,97560,3.23
1729,87.6,1,1,3.11,91807,3.96
1730,77,1,1,3.1,106604,3.59
1731,60.8,0,0,2,74729,3.26
1732,64.1,0,0,1.92,72405,3.42
1733,63.5,0,0,1.6,67245,3.29
1734,90.1,1,1,2.87,91079,3.52
1735,60.1,0,0,1.82,105801,3.16
1736,65.8,0,0,2.1,62663,3.21
1737,69.8,0,0,1.84,89292,3.75
1738,77.1,1,1,2.65,115447,3.57
1739,62.4,0,0,1.83,68177,2.76
1740,64.8,0,0,2.23,84664,3.25
1741,70.1,1,1,2.84,85721,3
1742,57.3,0,0,1.23,104393,3.33
1743,68.2,0,0,1.77,99111,3.77
1744,57.1,0,0,2.12,89424,2.58
1745,55.1,0,0,1.29,73486,3.48
1746,54.8,0,0,1.21,67330,3.2
1747,71.2,1,1,2.28,87319,3.53
1748,71.6,1,1,2.67,82273,3.23
1749,65.1,0,0,2.22,92836,3.23
1750,80.9,1,1,2.63,101232,3.69
1751,66,0,0,1.93,79542,3
1752,56,0,0,1.73,87441,2.82
1753,84.2,1,1,2.73,91668,3.48
1754,70.2,1,1,2.42,79931,3.4
1755,69.6,0,0,1.6,93571,3.44
1756,64.8,0,0,1.53,85457,2.98
1757,53.5,0,0,1.77,59967,3.79
1758,76.5,1,1,3.04,34928,3.52
1759,69.3,0,0,2.34,88163,3.31
1760,69.7,0,0,2.42,96928,3.32
1761,54.8,0,0,2.16,79289,2.86
1762,74.4,1,1,2.55,87391,3.11
1763,62.6,0,1,1.72,86055,2.94
1764,50.6,0,0,1.46,78040,2.85
1765,66.7,0,0,2.13,94684,3.32
1766,58.1,0,0,1.1,65012,3.1
1767,70.7,1,1,2.49,114197,3.41
1768,60,0,0,2.18,72788,3.57
1769,68,0,0,1.85,84363,2.85
1770,81.6,1,1,3.01,101696,3.47
1771,69.4,0,0,2,94968,3.31
1772,78.3,1,1,2.52,101886,3.02
1773,47.7,0,0,1.09,105630,2.89
1774,67.5,0,0,1.74,98326,3.46
1775,57,0,0,1.39,51731,3.1
1776,65.1,0,0,2,82129,3.66
1777,52.9,0,0,1.62,75272,3.02
1778,81.1,1,1,2.54,114282,4
1779,55.6,0,0,1.89,83563,2.81
1780,76.3,1,0,2.4,89467,3.95
1781,69.3,0,0,2.01,79502,3.28
1782,54.3,0,0,1.8,78555,2.6
1783,76.5,1,1,2.62,107992,3.57
1784,64.5,0,0,2.15,81424,3.57
1785,60.1,0,0,1.98,64531,3.23
1786,49.9,0,0,1.51,68559,3.41
1787,66.8,0,0,1.93,93142,3.71
1788,76.1,1,1,3.02,88049,3.61
1789,64,0,0,1.56,93415,3.23
1790,63.8,0,0,1.85,83744,3.42
1791,57.2,0,0,1.7,54178,3.2
1792,62.7,0,0,1.75,94967,3.35
1793,59.8,0,0,1.94,87731,3
1794,64.6,0,0,1.56,75267,3.41
1795,51.5,0,1,1.49,54163,3.23
1796,39.2,0,0,1.09,56096,2.82
1797,54.8,0,0,1.45,78769,3.18
1798,56.1,0,0,2.24,71019,3.47
1799,69.4,0,0,1.4,74030,3.29
1800,61.1,0,0,1.28,93969,3.42
1801,59.9,0,0,2.05,84182,3.12
1802,90.6,1,1,2.77,105937,3.65
1803,56.5,0,0,2.38,64889,3.45
1804,71.4,1,1,2.38,54893,3.15
1805,63,0,0,1.42,74673,3.58
1806,67.6,0,0,2.07,106101,3.2
1807,72.6,1,1,2.85,76066,3.09
1808,78.6,1,1,2.64,69552,3.67
1809,53.6,0,0,1.54,76559,3.25
1810,76,1,1,2.82,98466,3.32
1811,57,0,1,2.31,88185,3.73
1812,74.7,1,1,2.23,93173,3.44
1813,53.1,0,0,1.49,77359,2.34
1814,48,0,0,1.46,78076,3.03
1815,57.9,0,0,1.54,69192,3.44
1816,75,1,1,2.75,100302,3.53
1817,46.4,0,0,1.34,61082,2.98
1818,63.8,0,0,2.23,76608,3.72
1819,71.3,1,1,2.6,81430,3.17
1820,64.1,0,0,1.87,95207,3.25
1821,70.9,1,1,2.6,85409,3.38
1822,67.7,0,0,1.8,75786,3.5
1823,64.7,0,0,1.49,92294,2.52
1824,60.6,0,1,2.99,91879,3.33
1825,67.5,0,0,1.82,51943,3.34
1826,59.8,0,0,1.45,82302,3.23
1827,78,1,1,2.9,89265,3.68
1828,65.9,0,0,2.04,75097,3.84
1829,68.3,0,0,1.95,76129,3.03
1830,70.6,1,1,2.88,74510,3.69
1831,64.8,0,0,2.36,75496,3.29
1832,89.9,1,0,2.21,99950,3.62
1833,75.2,1,1,2.43,104831,3.84
1834,63.6,0,0,1.94,58741,2.77
1835,67,0,1,2.32,108663,3.67
1836,62.5,0,0,1.61,79107,2.99
1837,63,0,0,1.79,80342,3.3
1838,50.9,0,0,1.93,92598,2.96
1839,53.1,0,0,1.84,65244,3.3
1840,74,1,1,2.56,79475,3.79
1841,63.3,0,0,1.55,75790,2.87
1842,86.1,1,1,3.26,92226,3.83
1843,85.5,1,1,3.09,114412,3.69
1844,47.5,0,0,2.16,90788,2.57
1845,52.9,0,0,1.85,76561,3.5
1846,72.7,1,1,2.67,80193,3.41
1847,54.7,0,0,0.67,83488,2.81
1848,76,1,1,2.89,90277,3.46
1849,58.7,0,0,1.55,66861,2.85
1850,55.7,0,0,1.4,80081,2.84
1851,48,0,0,1.54,69412,2.92
1852,72.3,1,1,3.05,105789,3.49
1853,63.4,0,0,1.96,106917,3.21
1854,66.6,0,0,1.83,61703,3.07
1855,80.6,1,1,2.76,137018,3.7
1856,48.8,0,0,0.66,92362,2.74
1857,49.1,0,1,2.07,79791,2.96
1858,78,1,1,2.65,63321,2.83
1859,62.7,0,1,1.76,84388,3.61
1860,55.3,0,1,2.29,62121,2.76
1861,60.9,0,0,1.81,68992,2.99
1862,66.7,0,0,2.29,99467,3.15
1863,63.5,0,0,2.02,91296,3.11
1864,71.2,1,1,2.59,97055,3.24
1865,52,0,0,1.55,93544,2.99
1866,53.7,0,0,1.67,88885,3.49
1867,67.3,0,0,2.02,106444,3.44
1868,71.9,1,1,2.48,104007,3.69
1869,83.5,1,1,2.55,108115,3.3
1870,62.7,0,0,1.24,84362,3.79
1871,57.2,0,0,1.31,74495,3.09
1872,70.1,1,1,2.88,97184,3.56
1873,65.5,0,0,1.84,53259,3.67
1874,73.6,1,1,2.6,88887,3.04
1875,60.5,0,0,2.25,60687,3.36
1876,67.5,0,1,2.12,88959,3.61
1877,66.8,0,0,2.3,72009,3.09
1878,56,0,0,1.88,89536,2.8
1879,75.7,1,0,1.86,86830,3.61
1880,61.9,0,0,1.7,92596,3.19
1881,73.2,1,1,2.64,91799,3.16
1882,84.6,1,1,3.14,118320,3.57
1883,48.3,0,0,1.52,53376,2.81
1884,66.5,0,0,1.77,84066,3.44
1885,50.7,0,0,1.76,61713,3.37
1886,87.5,1,1,3.01,77322,3.42
1887,64.6,0,0,2.14,85429,3.69
1888,72.4,1,1,2.69,84429,2.9
1889,77.2,1,1,2.97,104897,3.82
1890,72,1,1,2.5,91615,3.77
1891,78,1,1,2.82,96927,3.48
1892,60.2,0,0,1.69,60735,3.81
1893,66.5,0,0,2.13,77942,3.11
1894,53.3,0,0,1.04,77949,2.39
1895,71.6,1,1,2.24,94032,3.13
1896,70.7,1,1,2.54,78278,3.81
1897,68.4,0,0,2.34,87746,3.59
1898,70.3,1,0,2.39,104338,3.83
1899,71.3,1,1,2.71,94040,3.8
1900,59.2,0,0,2.26,80311,3.41
1901,77.8,1,1,2.02,93154,3.58
1902,61.2,0,0,1.97,57455,2.95
1903,68.9,0,0,2.09,58881,3.46
1904,73.7,1,1,2.76,81468,3.22
1905,43.4,0,0,1.5,63375,3.07
1906,54,0,0,1.58,88653,2.6
1907,65.7,0,0,1.83,89473,3.34
1908,65.1,0,0,2.32,67349,2.86
1909,55.7,0,0,2.36,71135,3.23
1910,83.6,1,1,2.62,89052,4
1911,72.6,1,1,2.45,92270,3.29
1912,44.4,0,0,1.75,67073,2.73
1913,63.2,0,0,1.74,87721,3.2
1914,62.4,0,0,1.37,63587,2.67
1915,53.9,0,0,1.77,70310,2.52
1916,56.8,0,0,1.46,99263,2.77
1917,70.7,1,1,2.47,89906,3.28
1918,66.7,0,1,1.91,82726,3.59
1919,64.6,0,0,2.28,62382,3.58
1920,69.7,0,0,1.8,71821,3.69
1921,71.9,1,1,3.18,74905,3.04
1922,53.5,0,0,0.84,70508,3.25
1923,58.1,0,0,1.8,76839,3.29
1924,65,0,0,2.13,82467,3.11
1925,54.3,0,0,1.29,77023,2.98
1926,77.9,1,1,2.75,95172,3.33
1927,56.5,0,1,1.97,92290,3
1928,56.9,0,0,2.11,113209,2.81
1929,59.5,0,0,1.72,89193,2.47
1930,67.5,0,0,2.51,82475,3.22
1931,71,1,1,2.69,60551,3.5
1932,46.9,0,0,1.79,83043,2.76
1933,90.8,1,1,3.77,121087,3.82
1934,82.6,1,1,2.6,106226,3.93
1935,52.5,0,0,1.44,82678,3.33
1936,79.2,1,1,3,108568,4
1937,59,0,0,1.51,84076,3.18
1938,61.4,0,0,1.66,73423,2.86
1939,66.3,0,0,2.02,64873,3.37
1940,60.1,0,0,1.51,61119,2.85
1941,66.6,0,0,2.42,73770,4
1942,59.8,0,0,1.77,93783,3.72
1943,71.4,1,1,2.49,80187,3.59
1944,71.5,1,1,2.17,85767,3.12
1945,63.1,0,0,1.87,71778,3.48
1946,74.6,1,1,2.28,106375,3.2
1947,81.5,1,0,2.34,70481,4
1948,64.9,0,1,2.66,74804,3.29
1949,45.7,0,0,1.49,71623,2.72
1950,48.6,0,0,1.36,61307,2.44
1951,62.8,0,0,1.52,65666,3.17
1952,57.8,0,0,1.61,74615,3.25
1953,61,0,0,1.89,83898,2.9
1954,65.3,0,0,2.02,87004,3.53
1955,54.3,0,0,1.54,81152,3.17
1956,71.6,1,1,1.94,71695,3.29
1957,60.7,0,0,1.9,78563,2.98
1958,70.8,1,1,2.86,61312,3.05
1959,60.8,0,0,1.44,86310,3.12
1960,62.3,0,0,1.66,79866,3.08
1961,40,0,0,0.85,82725,2.77
1962,68.9,0,0,2.39,101257,3.51
1963,54.6,0,0,1.4,88790,3.73
1964,71.6,1,1,2.84,90055,3.84
1965,72.5,1,1,2.71,71539,3.77
1966,66,0,0,2.7,86091,3.55
1967,58.3,0,0,1.32,102398,2.6
1968,56.4,0,0,1.79,99066,2.88
1969,71.6,1,1,2.26,99019,3.38
1970,59.1,0,0,2,88009,3.52
1971,62.6,0,0,2.09,100357,3.24
1972,73.6,1,1,2.59,56130,3.5
1973,69.3,0,0,2.34,92859,3.48
1974,64.5,0,0,1.79,86103,3.37
1975,59.1,0,0,2,80757,3.1
1976,49.7,0,0,1.29,65432,3.2
1977,72.6,1,1,2.32,108649,3.28
1978,59.4,0,0,2.05,53581,3.19
1979,65.4,0,0,2.08,89845,3.67
1980,56.8,0,0,1.78,78453,3.29
1981,59.2,0,0,1.99,85344,2.77
1982,68.1,0,0,2.3,106015,3.06
1983,63.9,0,0,2.08,76410,3.16
1984,63.2,0,0,1.79,74843,2.79
1985,77.7,1,0,2.67,95273,3.97
1986,76.4,1,1,2.91,74236,2.92
1987,58.6,0,0,2.11,66340,2.87
1988,73,1,0,1.88,120067,3.43
1989,67.5,0,0,2,85768,3.62
1990,66.5,0,0,2.06,90747,3.21
1991,77.5,1,1,2.75,73847,3.34
1992,52,0,0,1.92,66964,3.25
1993,86,1,1,3.19,79955,4
1994,76,1,0,2.59,76429,3.39
1995,58.2,0,0,1.95,67805,2.85
1996,66.2,0,0,2.24,79926,3.65
1997,69.9,0,0,2.47,68649,3.28
1998,57.7,0,0,1.79,87457,2.99
1999,62.7,0,0,1.86,78882,3.34
2000,47.6,0,0,1.55,79846,2.38
