"student_id","score","scholarship","gpa","family_income","high_school_gpa"
1,70.2,1,2.44,88083,3.77
2,54.2,0,0.94,79565,2.99
3,66.4,0,2.37,84407,3.88
4,64.2,0,2.21,69721,2.8
5,58.3,0,1.36,69858,2.93
6,39.8,0,0,78959,2.95
7,57.6,0,1.54,74077,3.37
8,54.8,0,0.95,80761,3.2
9,66.1,0,1.59,75438,3.51
10,60.3,0,1.66,58165,3.46
11,60.9,0,1.71,96331,2.72
12,57.7,0,0.45,77369,3.69
13,62.8,0,1.6,77430,3.1
14,62.7,0,1.53,87664,3.43
15,39.5,0,0,101403,2.65
16,78.5,1,2.57,89759,3.85
17,71.2,1,2.14,106896,3.31
18,67.2,0,1.84,96456,3.32
19,57,0,1.13,70883,3.37
20,71.9,1,2.52,95532,4
21,61.7,0,1.5,83306,3.12
22,63.4,0,1.43,94307,3.53
23,51.1,0,0.38,85518,2.75
24,79.7,1,2.91,84072,3.82
25,65.5,0,1.8,60340,3.14
26,84.1,1,3.35,98561,3.97
27,82.3,1,3.47,94903,3.85
28,65.6,0,1.49,74391,3.64
29,71.5,1,2.65,94567,3.33
30,82.3,1,3.17,87650,3.59
31,59.7,0,1.81,103517,3.04
32,66.7,0,1.7,85603,3.07
33,62.5,0,1.88,75271,2.95
34,68.3,0,2.01,103502,3.05
35,66.8,0,2.38,49701,3.65
36,76.6,1,2.88,85745,3.04
37,70.9,1,2.39,98165,3.13
38,56.1,0,1.6,78616,3.02
39,70.8,1,2.88,85625,3.65
40,56.8,0,1.64,87928,2.59
41,53.4,0,1.26,57320,3.32
42,72.8,1,2.35,79263,3.4
43,53,0,0.98,70126,3.15
44,68.1,0,1.6,78619,3.18
45,56.7,0,1.32,92283,3.04
46,79.2,1,3.21,81781,3.76
47,72.1,1,2.43,83339,3.54
48,61,0,1.42,68593,3.1
49,73,1,2.84,61901,3.06
50,69.3,0,2.15,112114,3.67
51,53.3,0,1.23,85920,3.15
52,62.9,0,1.72,77149,2.58
53,55.7,0,1.76,84841,2.58
54,69.5,0,1.87,85439,3.14
55,58.6,0,1.85,73168,3.16
56,62.7,0,1.53,67492,2.73
57,52.6,0,1.08,69602,3.1
58,55.4,0,1.53,55722,3.16
59,66.3,0,1.91,57927,3.59
60,55,0,1.69,52551,3.27
61,63.6,0,1.21,69227,3.38
62,66.7,0,1.53,81567,3.43
63,63,0,1.84,65882,3.72
64,62.1,0,1.55,95562,3.39
65,47.7,0,0,65021,3.08
66,62.3,0,1.74,69672,2.7
67,47,0,0.53,75382,3.14
68,76.5,1,2.43,87083,3.42
69,55,0,1.48,61185,2.93
70,66.5,0,2.11,100273,3.06
71,70.2,1,3.14,85777,3.5
72,65.1,0,1.86,98657,3.85
73,78.5,1,2.8,97745,3.83
74,56.5,0,1.17,90742,3.08
75,69.4,0,1.97,68206,3.6
76,55.2,0,1.54,66796,3.19
77,86.2,1,3.55,88691,3.83
78,71.9,1,2.29,63558,3.05
79,61.6,0,1.74,87934,3.14
80,72.9,1,2.58,91352,3.76
81,53.4,0,1.01,76918,3.68
82,80.1,1,2.69,66425,3.33
83,53.4,0,0.99,69372,3.12
84,49.4,0,0.48,83409,2.97
85,64.4,0,1.47,73044,3.7
86,73.5,1,2.59,85448,3.42
87,64.9,0,2.33,84371,3.15
88,57.4,0,1.51,96045,3.04
89,76.8,1,3.1,88753,2.79
90,89.1,1,3.62,88880,4
91,45.4,0,0.19,78437,3.33
92,79.7,1,3.21,75852,3.35
93,60.3,0,1.43,40308,3.51
94,74.8,1,2.55,86368,3.77
95,46.8,0,0.47,61092,2.47
96,62.4,0,1.22,69279,2.63
97,55.4,0,0.56,98641,3.27
98,60.1,0,1.52,88492,2.76
99,54.2,0,0.67,90255,3.24
100,68.7,0,1.96,108111,3.1
101,77.2,1,3.2,73377,3.16
102,60.1,0,1.84,79517,3.6
103,62.7,0,1.91,96945,3.33
104,53.9,0,1.52,81874,2.95
105,75,1,2.49,80026,3.35
106,70.6,1,2.31,84317,3.51
107,49.4,0,0.62,56409,3.16
108,79.8,1,3.16,103837,3.86
109,53.3,0,1.49,88989,3.22
110,54.5,0,1.06,66631,2.63
111,50.3,0,1.83,97057,2.55
112,53.1,0,1.71,96085,2.82
113,61.5,0,1.5,58494,3.71
114,70.3,1,2.3,111116,3.59
115,57.9,0,1.42,74976,3.47
116,63,0,1.61,102193,3.27
117,62.2,0,1.41,55126,3.53
118,76.7,1,3.18,88425,3.22
119,87.9,1,3.92,95909,3.79
120,54.3,0,1.27,71684,3.49
121,84.1,1,2.95,99146,3.32
122,86.3,1,3.19,79455,4
123,67.3,0,2.02,78920,3.43
124,74,1,2.81,71388,3.76
125,47.6,0,0.78,76100,2.88
126,69.7,0,1.91,81912,3.57
127,59.6,0,1.51,78827,3.28
128,63.3,0,1.36,92213,3.05
129,70.5,1,2.04,77846,3.21
130,75.3,1,2.27,82983,3.53
131,64.5,0,1.78,81727,3.48
132,91.4,1,4,92129,4
133,70.9,1,2.86,98506,3.43
134,63,0,1.85,96101,3.22
135,69.4,0,2.42,113907,3.37
136,64,0,1.82,77128,3.32
137,54.1,0,0.43,102684,3.1
138,70,1,2.83,87608,3.45
139,74.5,1,2.49,57446,3.55
140,68.8,0,1.82,62649,3.35
141,68.7,0,1.5,66458,3
142,66.6,0,2.13,65912,3.34
143,73.5,1,2.87,90043,3.54
144,52.2,0,0.95,100652,3.54
145,76.6,1,2.73,92230,3.51
146,55.9,0,1.99,72510,2.87
147,68.3,0,1.26,72863,2.68
148,72.8,1,1.71,107907,3.45
149,67.4,0,1.94,75197,2.63
150,49.4,0,0.56,86651,2.69
151,65.2,0,1.76,64169,2.71
152,68.3,0,1.97,75743,3.27
153,74.9,1,2.78,65649,3.77
154,70,1,2.01,76162,3.64
155,70.8,1,2.89,102541,3.12
156,76.4,1,2.93,82836,3.62
157,57.9,0,1.05,88637,2.94
158,58.8,0,1.01,53066,3.38
159,64.9,0,1.8,77479,3.16
160,68.4,0,1.73,83312,3.54
161,79.1,1,2.64,79418,3.31
162,56.3,0,0.86,86455,3.17
163,56.3,0,1.48,61819,2.87
164,72.7,1,2.31,91258,3.32
165,61,0,1.57,84269,3.5
166,62.8,0,1.3,91549,3.7
167,71.1,1,2.62,101658,3.45
168,58.9,0,1.34,93824,3.36
169,57.8,0,1.24,97135,3.39
170,62.4,0,1.47,85512,3.03
171,61.1,0,1.53,63816,2.83
172,58.1,0,0.87,93958,3.28
173,73.8,1,2.64,112482,3.5
174,60.2,0,2.01,86231,3.23
175,65.7,0,1.44,72729,3.22
176,66.4,0,1.9,87097,2.89
177,46.4,0,0.47,65662,3.37
178,68.5,0,1.63,86953,3.28
179,80,1,2.77,93536,3.88
180,64.9,0,2.33,52290,3.08
181,57.2,0,1.19,103964,3.32
182,78.1,1,2.98,98500,3.49
183,67.6,0,2.01,92918,3.56
184,75.1,1,2.37,80103,3.74
185,67.2,0,2.03,70737,3.45
186,71.1,1,2.76,102037,3.28
187,79.5,1,3.11,67583,3.48
188,71.6,1,2.19,103411,3.32
189,68.8,0,1.85,55524,3.24
190,58.3,0,1.09,86153,3.13
191,70.8,1,2.37,69595,3.39
192,60.9,0,1.37,66873,3.41
193,86.8,1,3.83,80362,3.8
194,68.4,0,1.71,87437,3.19
195,57,0,1.37,98712,3.3
196,81.4,1,3.02,94261,3.78
197,60.4,0,1.3,97615,3.11
198,49.1,0,0.33,81874,3.08
199,54.6,0,1.51,40244,3.1
200,65.4,0,1.98,85771,3.24
201,60.7,0,1.2,69954,3.09
202,69.6,0,1.89,101348,3.1
203,62.7,0,1.4,62326,3.14
204,46.4,0,0,61703,2.75
205,62.1,0,1.31,78509,3.01
206,82.7,1,3.66,105829,3.65
207,60.6,0,1.73,76436,3.22
208,59.1,0,1.09,95398,3.41
209,63.8,0,2.05,93469,3.31
210,81.5,1,2.95,100540,3.85
211,56.3,0,1.81,42084,2.97
212,72.8,1,2.61,83088,2.91
213,58.9,0,1.82,80545,3.43
214,61.7,0,1.73,98363,2.68
215,61.4,0,1.52,83369,3.53
216,72.8,1,2.41,92094,3.35
217,71.1,1,2.79,97521,3.79
218,75.8,1,2.14,94313,3.7
219,75.7,1,2.31,74044,3.21
220,86.6,1,3.34,68673,3.72
221,65.7,0,1.75,71425,3.05
222,39.6,0,0,43487,2.05
223,59.6,0,1.95,57994,3.54
224,57.2,0,1.21,80434,3.11
225,62,0,1.76,82184,3.31
226,76.5,1,2.49,72957,3.05
227,59.3,0,1.82,84436,3.3
228,56.9,0,1.57,67909,2.91
229,69.9,0,2.5,97768,3.36
230,72,1,2.04,70519,3.09
231,62.6,0,1.26,88955,3.33
232,69.1,0,1.99,70832,3.37
233,70,1,2.33,81494,3.43
234,68.7,0,2.13,61331,4
235,59.3,0,1.54,66919,3.22
236,72.4,1,2.23,111125,3.28
237,42.3,0,0.11,63611,2.84
238,71.1,1,2.16,70748,2.96
239,69,0,2.05,80028,3.39
240,85.5,1,3.63,111245,3.46
241,67.6,0,1.7,92222,3.3
242,66.1,0,1.77,80980,3.62
243,77,1,2.92,121431,3.48
244,72.3,1,2.8,87192,3.55
245,65,0,2.07,93447,3.35
246,64.8,0,1.28,65593,3.96
247,66.4,0,2.17,97572,3.73
248,54.3,0,1.24,77731,3.2
249,77.4,1,1.87,88404,3.18
250,59.6,0,1.49,102195,3.77
251,62,0,1.84,86990,3.57
252,71.9,1,2.77,102329,3.42
253,61,0,1.63,86736,3.16
254,64,0,1.82,71973,3
255,80.3,1,3.24,68884,3.64
256,58.7,0,1.22,83345,3.55
257,62.7,0,1.44,71209,2.99
258,80,1,3.22,94495,3.5
259,61.6,0,1.79,85497,3.31
260,59.5,0,1.44,63471,3.44
261,67.6,0,1.28,78477,3.35
262,71.1,1,2.47,71586,3.64
263,58.5,0,1.97,108155,2.83
264,63.6,0,1.73,96261,3.34
265,63.8,0,1.7,78432,3.5
266,55.4,0,1.35,98056,2.78
267,65.2,0,1.75,94017,2.75
268,81.9,1,3.18,88646,3.3
269,73.9,1,2.64,82264,3.56
270,57.7,0,1.11,66126,2.96
271,68.5,0,1.91,90772,3.4
272,62.5,0,1.84,76839,3.1
273,63.4,0,1.96,85613,2.66
274,73.7,1,2.98,103580,2.87
275,71.1,1,2.82,102444,3.01
276,74.3,1,2.48,90024,3.24
277,69.6,0,1.61,84875,3.36
278,57,0,1.42,100906,2.56
279,60,0,1.89,70285,3.6
280,52.9,0,1.32,46995,2.3
281,71.2,1,2.08,77064,3.48
282,78.6,1,2.99,66568,3.1
283,48.8,0,0.12,67499,3.3
284,65.8,0,1.82,84890,3.43
285,70.1,1,2.84,103306,3.46
286,62.8,0,1.75,84346,3.13
287,56.7,0,1.49,84136,3.78
288,54.9,0,1.41,94305,2.85
289,77.8,1,3.55,78302,3.66
290,62.9,0,1.46,97706,3.26
291,76.8,1,2.47,89443,4
292,58.5,0,1.12,87231,2.95
293,77.9,1,3.15,88739,3.98
294,70.4,1,2.46,74403,3.45
295,65.3,0,1.61,95750,3.24
296,76.6,1,2.78,82968,4
297,61.3,0,1.73,86136,3.65
298,61.4,0,1.76,80144,3.05
299,64.9,0,1.79,69345,3.15
300,64,0,1.39,47542,2.95
301,63.5,0,1.58,74718,3.15
302,63.2,0,1.35,84486,3.11
303,56.4,0,1.33,73649,3.16
304,74.6,1,2.17,74551,3.79
305,56.6,0,1.39,54930,3.09
306,57.4,0,1.9,79099,3.22
307,56.3,0,0.81,79227,2.72
308,81.6,1,2.68,110473,3.22
309,70.6,1,2.46,87215,3.22
310,71,1,3.1,107531,3.64
311,45.3,0,0.04,73008,3.05
312,61.2,0,1.53,73593,3.89
313,76.6,1,2.74,93049,3.65
314,78.9,1,2.94,88541,3.69
315,44.9,0,0,71102,2.58
316,41.6,0,0,50698,2.69
317,51.3,0,0.58,70389,3.13
318,51.3,0,0.89,52324,3.04
319,72.4,1,2.36,79446,3.71
320,69.5,0,2.3,98511,3.32
321,82.8,1,3.05,36280,3.85
322,66.9,0,1.84,72600,3.69
323,61.6,0,1.77,75717,3.48
324,81.1,1,3.14,72243,3.77
325,72.8,1,2.83,65730,3.5
326,72,1,2.66,113025,3.29
327,75.7,1,2.66,98602,2.79
328,62.9,0,1.6,64598,3.53
329,68.6,0,2.06,87326,3.94
330,75.8,1,2.43,79992,3.47
331,45.5,0,0,57362,3.33
332,65.2,0,1.56,90313,2.85
333,56.3,0,1.25,88716,2.67
334,56,0,1.53,62281,3.11
335,57.2,0,1.17,111612,3.21
336,68.6,0,2.01,67934,3.47
337,64.8,0,2.33,95133,3.12
338,53.8,0,1.18,76816,3.87
339,70.9,1,2.49,79095,3.16
340,69.9,0,2.2,83105,3.17
341,69.7,0,2.25,105880,3.62
342,68.6,0,1.96,103210,3.46
343,77.2,1,2.79,88809,2.81
344,58.3,0,1.28,93296,3.32
345,59,0,1.36,78432,3.16
346,72.4,1,3.2,100462,3.5
347,71,1,2.61,83554,3.53
348,76.1,1,2.33,112066,3.6
349,64.9,0,1.86,55355,3.32
350,71.1,1,2.5,105715,3.25
351,76.2,1,2.75,91182,3.7
352,57.9,0,2.35,95155,3.94
353,82.6,1,3.3,118763,3.58
354,57.7,0,1.73,95243,3.38
355,48.7,0,0,106169,3.07
356,63.8,0,2,92004,3.66
357,67,0,2.23,54647,3.46
358,58.2,0,1.24,70941,3.08
359,54.8,0,2.05,93486,3.01
360,58.3,0,1.78,71116,3.43
361,76.2,1,2.54,94325,3.56
362,44,0,0.02,64264,3.2
363,44.1,0,0,79135,2.49
364,52.1,0,0.65,76020,3.37
365,75.7,1,2.97,87123,3.99
366,73.9,1,2.31,96269,3.59
367,56.6,0,0.98,100492,3.26
368,65.5,0,2.11,76253,4
369,71.2,1,2.89,67681,3.87
370,69.9,0,1.96,102280,3.04
371,70.3,1,2.01,64062,3.61
372,67,0,2.11,88534,3.42
373,68.3,0,1.76,95787,3.36
374,50.6,0,0.65,78900,3.24
375,86.1,1,4,121034,3.5
376,63.2,0,2.02,80057,3.24
377,69.9,0,2.41,102337,3.37
378,51.4,0,0.37,97372,3.21
379,61.3,0,1.29,80107,3.32
380,72.6,1,2.83,94995,3.84
381,66.5,0,2.35,71605,3.8
382,67.6,0,2.12,102524,3.71
383,51.9,0,0.93,86746,3.68
384,69.9,0,1.73,59848,3.93
385,59.9,0,1.6,81827,3.47
386,48.4,0,0.35,81857,2.87
387,71.2,1,2.07,99178,3.28
388,65.2,0,1.18,83258,3.59
389,57.7,0,1.03,62284,3.31
390,67.8,0,1.44,82372,3.61
391,46.4,0,0.22,100561,3.12
392,85.8,1,4,77556,4
393,41.4,0,0,55633,2.87
394,68.3,0,1.32,78094,4
395,62.7,0,1.6,45620,3.38
396,53.2,0,0.61,57357,3.48
397,68.3,0,2.24,58231,3.24
398,60.9,0,2.12,97358,3.35
399,80.3,1,2.67,104842,3.45
400,54,0,1.33,60109,2.61
401,78.4,1,3.51,96534,3.2
402,70.5,1,2.76,79848,4
403,54.4,0,1.01,78290,2.79
404,63.1,0,2.05,104371,2.69
405,55.9,0,1.36,48316,3.03
406,45,0,0.09,68101,2.67
407,84.1,1,3.26,97183,3.88
408,80.7,1,3.27,60540,3.57
409,66.4,0,1.69,84340,3.38
410,50.8,0,0.97,89039,2.93
411,70.1,1,2.44,82305,3.41
412,55.1,0,1.39,78586,3.28
413,71,1,2.7,85951,3.7
414,73.7,1,2.13,90362,3.26
415,66.9,0,1.83,92735,3.93
416,64.3,0,1.43,79910,3.63
417,75.8,1,2.56,58404,3.39
418,75.7,1,3.1,110380,3.27
419,69.2,0,2.18,73001,3.6
420,63.8,0,1.68,74411,3.04
421,74.4,1,2.75,80354,3.15
422,67,0,1.77,86847,2.9
423,79.5,1,2.85,88010,3.68
424,52.2,0,0.6,82041,3.26
425,64.2,0,1.75,75062,3.08
426,76,1,2.58,88851,3.93
427,58.1,0,1.32,83162,2.64
428,47.7,0,0.73,85116,2.72
429,70.7,1,2.88,77042,3.41
430,59,0,1.94,83764,3.24
431,60.1,0,2.13,86672,2.82
432,72.7,1,2.46,85795,3.54
433,86.1,1,3.88,89165,3.58
434,65.4,0,1.23,98733,3.11
435,74.5,1,2.16,91505,3
436,43.8,0,0.45,30930,2.79
437,65.9,0,2.59,80432,3.24
438,47.6,0,0.46,67277,3.26
439,48,0,0.65,77112,2.35
440,79.1,1,2.83,95247,4
441,72,1,2.54,91966,3.33
442,70.8,1,2.33,96192,3.73
443,59.7,0,1.79,63409,3.26
444,52.2,0,0.98,52536,3.28
445,69.3,0,1.17,82466,3.49
446,53.7,0,1.25,72528,2.93
447,89.2,1,3.67,105530,3.61
448,65.8,0,2.18,101771,2.92
449,68.2,0,1.94,82287,3.49
450,49.2,0,0.67,48487,2.58
451,70.2,1,2.9,105239,3.37
452,76.4,1,2.56,94414,3.34
453,68.1,0,1.79,81279,3.4
454,65.6,0,1.89,93196,3.65
455,80.7,1,3.37,90729,3.11
456,72.2,1,2.92,121885,3.52
457,71.3,1,2.1,76942,3.29
458,75.7,1,2.44,89479,3.64
459,68.4,0,1.22,67441,3.04
460,96.4,1,4,76670,3.51
461,68.5,0,1.76,95433,3.46
462,75.7,1,2.78,107395,3.59
463,74.2,1,2.52,98018,3.65
464,72.2,1,2.76,64942,3.11
465,75.6,1,2.17,93997,2.94
466,68.5,0,2.04,69408,3.82
467,45.6,0,0.13,78815,2.84
468,57,0,1.3,46048,3.13
469,88.4,1,3.62,112434,3.76
470,84.2,1,3.59,120233,3.54
471,63.9,0,1.82,84297,2.83
472,39.9,0,0,89864,2.83
473,57.4,0,1.25,67434,2.91
474,49.9,0,1.13,71976,2.84
475,48.2,0,0.3,86067,3.41
476,74.5,1,2.55,87836,3.51
477,66.2,0,2.09,63918,2.92
478,79.4,1,2.32,87051,3.34
479,51.7,0,0.89,70111,2.93
480,55,0,1.44,70687,3.66
481,71.4,1,2.2,97063,3.53
482,76.6,1,2.1,110928,3.56
483,63.3,0,2.21,84882,3.28
484,55.4,0,1.45,82988,3.08
485,83.5,1,3.26,102107,3.46
486,81.8,1,2.84,90930,3.54
487,75.6,1,2.58,120896,3.74
488,73.1,1,2.71,90812,3.26
489,53.1,0,1.05,81208,2.5
490,44.7,0,0,97520,3.35
491,86.2,1,2.92,59256,3.73
492,68,0,1.95,90867,3.61
493,56.8,0,1.75,72472,3.02
494,80.2,1,3.22,81842,3.96
495,58.9,0,2.03,77160,3.32
496,60.4,0,1.74,117746,3.59
497,69.4,0,1.83,91210,3.71
498,51,0,0.56,70380,3.21
499,60,0,0.93,61765,2.47
500,54.4,0,1.17,107469,2.9
501,76.7,1,2.86,73908,3.05
502,68.3,0,1.86,90291,3.02
503,62.1,0,1.76,92824,3.1
504,78.2,1,2.39,99795,3.54
505,64.5,0,2.07,72233,3.22
506,62.9,0,2.09,68645,3.7
507,66.3,0,2.13,66530,3.37
508,58.6,0,1.38,84063,3.64
509,65.6,0,1.74,87060,3.43
510,74.3,1,2.3,84347,3.42
511,67,0,1.99,64342,3.43
512,81.3,1,3.02,67866,3.05
513,59.1,0,1.51,96863,3.59
514,61.9,0,1.95,80390,3.23
515,78.4,1,2.62,90925,3.9
516,52.9,0,1.39,89737,3.21
517,50.9,0,0.59,82512,3.05
518,71.4,1,2.2,71622,3.41
519,60.9,0,1.93,62677,3.55
520,55.2,0,1.49,53567,3.1
521,55.7,0,1.64,62058,2.99
522,72.9,1,2.31,88265,3.8
523,58.1,0,2.16,83804,3.15
524,64.6,0,1.41,67151,3.29
525,57.1,0,1.15,100962,3.36
526,69.3,0,2.14,90404,3.63
527,58.3,0,1.58,114181,3.24
528,69.5,0,2.26,96493,3.5
529,59.5,0,1.64,78145,3.4
530,83.6,1,3.34,106372,3.86
531,69,0,2.04,90000,2.92
532,46.4,0,0.14,80627,3.13
533,78.7,1,3.21,109037,3.51
534,64.3,0,1.35,105405,2.85
535,67.3,0,1.61,84676,2.89
536,78.9,1,3.28,90572,3.26
537,69.1,0,1.72,91676,3.85
538,90.6,1,3.95,86335,4
539,59.7,0,0.95,102615,3.13
540,68.5,0,1.98,97554,3.61
541,69.8,0,1.8,69430,3.38
542,72.9,1,2.03,82509,2.77
543,73.3,1,2.67,88420,3.58
544,70.5,1,2.21,102273,3.48
545,52.6,0,1.1,91073,3.24
546,60.9,0,1.38,100530,3.01
547,65.7,0,1.88,106037,3.56
548,60.1,0,1.12,84973,3.12
549,68.2,0,2.56,84506,3.17
550,57,0,1.28,76510,2.78
551,74.1,1,2.33,84088,3.61
552,67.1,0,1.82,106196,2.98
553,70.5,1,2.75,118216,3.24
554,62.8,0,1.63,100566,3.84
555,58.2,0,1.42,90411,2.77
556,79.6,1,3.1,122071,3.6
557,56.4,0,1.1,76197,3.36
558,57,0,1.56,56658,3.31
559,58.1,0,1.48,46550,3
560,83.2,1,3.02,85741,3.73
561,64,0,1.74,75219,3.28
562,76.1,1,3.01,82873,3.48
563,54.7,0,1.37,72044,3.14
564,60.8,0,1.25,75112,2.74
565,63.4,0,1.68,63838,3.85
566,71.6,1,2.19,103430,3.68
567,62,0,1.51,72432,3.54
568,72,1,2.57,82085,3.63
569,66.1,0,2.19,69542,3.77
570,66.8,0,2.17,49863,3.23
571,86.2,1,3.83,96677,3.63
572,58.2,0,1.46,89890,3.1
573,74.8,1,2.54,77453,3.82
574,76,1,2.96,110595,3.69
575,81.7,1,3.55,98701,3.64
576,68.2,0,1.62,56954,3.47
577,67.5,0,1.67,101537,3.64
578,66.5,0,1.83,114723,2.93
579,72.2,1,2.23,73627,3.08
580,71.1,1,2.31,70718,3.05
581,62.2,0,1.73,81793,3.58
582,73.9,1,2.6,90628,4
583,70.9,1,2.9,81157,3.35
584,72,1,2.14,83186,3.2
585,93.1,1,4,92766,4
586,67.8,0,1.91,92514,2.91
587,59.9,0,1.44,87978,3.02
588,69.2,0,1.36,89247,3.9
589,62.3,0,1.82,85125,2.97
590,57.3,0,1.48,77549,2.99
591,61.2,0,1.67,83887,2.79
592,66.1,0,1.68,103673,3.45
593,74.7,1,3.22,103795,3.25
594,68.6,0,1.47,67548,3.39
595,56.8,0,1.55,90506,3.51
596,63.4,0,2.21,65356,3.81
597,49.7,0,0.13,68143,3.26
598,63,0,1.52,97097,3.32
599,51.9,0,1.13,79139,3.16
600,51.1,0,1.1,91057,2.83
601,74.6,1,2.58,82824,2.97
602,63.2,0,1.79,81777,2.82
603,65,0,1.97,42563,3.22
604,70.1,1,2.46,86996,3.48
605,60.4,0,1.56,85650,3
606,62.9,0,1.54,103163,3.5
607,59.3,0,1.15,117145,3.43
608,61.5,0,1.72,81847,3.23
609,54.5,0,1.17,65957,3.39
610,72.9,1,2.66,88843,3.64
611,71.2,1,2.2,67618,3.82
612,57.1,0,1.59,80959,3.75
613,82.8,1,3.49,89876,3.31
614,62.5,0,1.62,91412,3.47
615,62,0,1.69,78221,3.11
616,50,0,1.36,80265,3.16
617,65.3,0,1.54,105372,3.26
618,55.9,0,1.13,74975,2.63
619,68.5,0,1.96,78253,3.16
620,67,0,2.63,95410,2.93
621,73.6,1,2.49,60848,3.1
622,58.3,0,1.46,77958,2.5
623,48.4,0,0.07,46347,2.93
624,68.9,0,2.24,74551,2.95
625,69.4,0,1.97,116523,3.3
626,77.8,1,2.69,111407,3.55
627,63.4,0,1.3,102879,3.21
628,70,1,2.71,104056,3.18
629,69.6,0,2,97581,3.29
630,60.2,0,1.28,58311,3
631,49.4,0,0.26,91958,3.07
632,58.1,0,1.41,82014,2.7
633,66.5,0,2.16,67140,3.71
634,66.4,0,1.79,100532,2.95
635,51.3,0,1.03,79785,2.85
636,64.1,0,1.83,82594,3.28
637,53.8,0,1.11,92976,2.72
638,72.4,1,2.08,92809,3.35
639,65.8,0,1.78,57956,3.76
640,60,0,1.65,78835,3.21
641,71.1,1,2.72,69771,3.53
642,56.3,0,0.9,99736,3.42
643,76.7,1,3,115291,3.68
644,57.3,0,1.7,60623,3.17
645,46.9,0,0,72655,3.08
646,55.8,0,0.54,74370,3.1
647,61.4,0,1.21,95070,3.44
648,63.2,0,1.43,78724,3.09
649,57,0,0.92,81776,2.96
650,61.1,0,1.71,81905,3.57
651,67.7,0,2.26,58477,4
652,67.6,0,2.2,73818,3.41
653,66.1,0,1.75,70666,3.56
654,55.8,0,1.38,57780,3.1
655,67.1,0,1.91,78331,2.79
656,79,1,2.99,70927,3.25
657,56.9,0,1.36,95097,3.35
658,84.2,1,2.98,91079,3.57
659,73.7,1,2.19,86399,3.66
660,52.4,0,1.71,83229,2.82
661,55.4,0,0.65,71986,3.62
662,62,0,1.79,90632,3.52
663,65,0,1.88,101789,3.37
664,55.9,0,1.46,70188,2.62
665,58.5,0,1.38,66174,2.81
666,68.8,0,1.79,115026,3.72
667,67.8,0,1.46,81793,3.38
668,57.5,0,1.92,85273,3.07
669,60.3,0,1.2,97498,3.05
670,55.9,0,1.23,81325,2.96
671,39,0,0,48947,2.37
672,59.1,0,1.6,65965,3.21
673,58.6,0,1.29,62405,2.75
674,63.9,0,1.45,67516,3.37
675,55.2,0,1.26,105152,3.1
676,69.8,0,2.24,79110,3.71
677,50.9,0,0.77,70391,3.13
678,81.3,1,2.89,94798,3.24
679,53.7,0,0.85,58275,3.29
680,69.4,0,1.54,74951,3.07
681,84,1,3.17,90836,3.6
682,58,0,1.39,64097,2.88
683,61.3,0,1.77,66810,3.25
684,58.2,0,0.89,47607,3.23
685,66,0,1.77,57195,3.37
686,70.5,1,2.15,94757,3.21
687,49.8,0,0.64,69579,3.02
688,54.8,0,1.36,82905,3.38
689,51.1,0,0.71,30063,3.15
690,69.3,0,2.46,76238,3.42
691,68.7,0,1.23,99123,3.92
692,57.9,0,1.79,65996,3.57
693,54.8,0,0.85,98000,3.26
694,48.6,0,0.53,72076,2.69
695,71.8,1,2.18,87513,3.14
696,57.5,0,0.87,78094,3.73
697,72.2,1,3.13,89178,3.02
698,85,1,3.38,97656,3.9
699,78.5,1,2.53,76673,4
700,56.7,0,1.37,83916,2.86
701,76.4,1,2.95,69926,3.91
702,58.3,0,1.45,94202,2.94
703,67.9,0,1.92,104028,3.15
704,66.6,0,1.97,90849,3.23
705,70.4,1,2.44,68222,3.45
706,65.1,0,1.43,73210,3.14
707,67.9,0,1.68,56839,3.07
708,71.3,1,2.41,102517,3.58
709,43.8,0,0,66103,3.04
710,62.3,0,1.82,87307,3.32
711,68.8,0,2.13,79606,3.67
712,67.1,0,2.3,70569,3.1
713,66.3,0,2.02,72617,3.38
714,82.3,1,3.25,93474,4
715,63.7,0,1.69,75140,2.53
716,65.9,0,2.17,83118,3.08
717,63.8,0,1.68,73267,3.59
718,88.5,1,3.94,90180,3.92
719,58.8,0,1.06,104574,3.18
720,76,1,2.25,89391,3.04
721,76.4,1,2.72,92332,3.47
722,57.6,0,1.69,81603,3.18
723,77.4,1,2.48,92767,3.63
724,70.9,1,2.53,100354,3.29
725,75.1,1,2.61,95581,3.62
726,47.5,0,0.41,49221,2.94
727,57.3,0,1.39,91466,3.56
728,61.1,0,1.65,73874,3.85
729,66.9,0,1.94,90739,3.24
730,64.4,0,2.59,76429,3.02
731,63.5,0,2.84,67618,3.63
732,71,1,2.73,77875,3.3
733,74.1,1,2.78,76036,3.34
734,81.7,1,3.1,88908,3.3
735,71,1,2.35,82066,3.37
736,53.4,0,0.73,59935,3
737,51.3,0,0.7,86544,2.62
738,78.3,1,2.14,99549,4
739,61.1,0,1.66,76616,2.87
740,68.5,0,1.91,59626,3.5
741,69,0,1.7,70858,3.27
742,71.7,1,2.27,95040,3.36
743,60.8,0,2.27,77802,3.05
744,61.7,0,1.49,94592,2.73
745,69.4,0,1.27,76885,3.8
746,57.2,0,1.42,75831,3.35
747,62.7,0,1.69,59597,3.61
748,59.2,0,1.07,96809,3.24
749,54,0,0.97,76820,2.63
750,66.6,0,1.75,83349,3.19
751,69.5,0,1.77,60055,3.49
752,66,0,1.92,91624,2.54
753,68.3,0,2.03,59782,3.03
754,64.1,0,1.93,125092,3.26
755,63.2,0,2.02,89256,2.98
756,49.3,0,0.55,56092,2.77
757,77.1,1,2.6,81850,3.52
758,79.6,1,2.78,88686,3.25
759,73.7,1,2.46,87741,3.21
760,70.9,1,2.69,88313,3.83
761,65.8,0,2.18,82108,3.19
762,61,0,1.59,73536,3.77
763,66.9,0,2.39,87877,3.33
764,59.5,0,1.57,80791,3.87
765,72,1,2.45,75430,3.34
766,69,0,2.08,80777,2.97
767,65.1,0,2.09,84027,3.35
768,62.4,0,1.58,76111,3.28
769,68,0,2.21,73276,3.47
770,72.2,1,2.39,100160,3.47
771,79.2,1,3.39,92655,3.32
772,51.3,0,1.31,83925,3.05
773,59,0,1.2,88530,2.67
774,82.1,1,3.17,108584,3.42
775,63.4,0,1.13,93128,3.8
776,81,1,3.14,70438,3.55
777,57,0,1.82,56714,3.08
778,76.8,1,2.89,84692,3.8
779,56.4,0,1.05,89915,3.96
780,56.3,0,0.87,86287,3.29
781,68,0,1.57,102173,3.25
782,62.3,0,1.44,75685,3.49
783,53.9,0,1.19,61786,2.95
784,53.9,0,1.2,57501,3.07
785,68.1,0,2.1,104960,2.54
786,54.1,0,1.84,102266,2.79
787,75.2,1,2.69,74668,3.59
788,77.9,1,3.06,78514,3.16
789,52.9,0,0.88,108867,2.88
790,47.5,0,0.31,59677,2.8
791,43,0,0.3,57459,2.74
792,72.8,1,2.51,69716,3.14
793,54.1,0,1.46,57916,2.89
794,75.2,1,2.63,77830,3.78
795,62.9,0,1.68,107247,3.09
796,51.6,0,0.93,68932,3.75
797,56.2,0,1.83,52715,2.78
798,65.5,0,1.63,90448,3.34
799,85.2,1,3.5,62458,3.9
800,68.7,0,1.87,72994,3.64
801,48.9,0,1.04,92488,2.93
802,60,0,1.58,76987,3.67
803,53,0,0.81,39858,3.05
804,54.3,0,0.95,96373,2.8
805,72.5,1,2.25,64041,3.61
806,60.6,0,1.27,77781,3.32
807,75.8,1,2.82,93148,2.81
808,67.4,0,2.01,61727,3.21
809,65.5,0,1.68,70395,3.19
810,81.5,1,2.96,88215,3.67
811,59.7,0,1.53,72801,3.51
812,68.3,0,1.67,88347,2.81
813,99.2,1,4,99357,3.97
814,61.4,0,1.18,58014,2.23
815,82.9,1,3.06,71287,3.52
816,49.1,0,0.72,66089,3.03
817,67.8,0,1.56,86946,3.21
818,59.5,0,1.28,103078,3.28
819,49.8,0,0.79,99059,3.31
820,58.8,0,1.88,79111,3.26
821,88.3,1,3.91,65272,3.63
822,63.1,0,2.08,94219,3.14
823,59.3,0,1.13,96316,3.03
824,75.5,1,2.84,81913,3.57
825,58.1,0,1.49,83377,3.03
826,67.4,0,1.93,71552,3.74
827,67.8,0,1.97,82934,2.88
828,60.8,0,1.9,85223,3.1
829,61.2,0,1.8,93224,3.2
830,81.7,1,3.34,98707,3.61
831,63.4,0,1.51,86892,3.26
832,86.8,1,3.69,74264,3.83
833,63,0,1.71,101766,3.46
834,62.5,0,2.26,45891,3.22
835,58.9,0,0.8,66264,2.62
836,36.1,0,0,85469,2.55
837,46,0,0.28,62172,2.92
838,64,0,2.26,76112,3.49
839,57.6,0,1.76,114291,2.44
840,80.6,1,3.5,104484,3.54
841,68.3,0,2,63133,3.61
842,60,0,1.96,72561,3.02
843,75.3,1,3,74166,3.57
844,57.8,0,1.64,80295,2.9
845,66.7,0,1.8,62992,3.62
846,71.4,1,2.28,81294,2.91
847,65.4,0,2.47,104107,2.97
848,62.7,0,1.4,91325,3.17
849,62.3,0,2.03,88700,3.17
850,61.2,0,1.93,72302,2.72
851,79.7,1,2.82,85118,3.76
852,65.1,0,2.24,88501,2.91
853,55.8,0,1.33,57321,3.25
854,59.7,0,1.49,41268,3.73
855,54.8,0,1.24,72240,3.92
856,69.4,0,2.19,79297,3.09
857,62.1,0,1.97,93004,3.43
858,67.9,0,2.04,75571,2.98
859,68.1,0,1.8,72610,3.59
860,34.5,0,0,74823,2.75
861,56.2,0,1.16,67476,2.68
862,86.5,1,3.67,116697,3.25
863,67,0,1.73,67948,3.43
864,63.6,0,1.85,94405,3.37
865,70.2,1,2.4,54112,3.49
866,70.6,1,2.49,107873,3.17
867,51.8,0,0.47,73894,3.19
868,65.1,0,2.09,51537,3.83
869,72.3,1,2.49,64225,3.52
870,67.3,0,1.54,81150,3.15
871,62.5,0,1.73,107434,3.23
872,62.8,0,1.67,72319,3.1
873,54.6,0,1.23,74788,2.47
874,61.8,0,1.4,94015,3.53
875,69,0,1.96,83787,2.54
876,58.3,0,1.37,74927,3.43
877,65.3,0,1.19,81507,3.2
878,67.5,0,2.12,78476,2.99
879,74.5,1,2.41,89942,3.22
880,48.9,0,0.53,80759,3.15
881,66.3,0,1.36,58658,3.9
882,75,1,2.74,82338,3.56
883,68.3,0,1.7,71378,3.72
884,46.3,0,0.67,80758,3.02
885,64.1,0,1.98,80641,2.87
886,77.8,1,3.17,68786,3.92
887,55.1,0,0.84,83187,3.18
888,66.5,0,2.09,50248,3.56
889,57.8,0,1.63,92413,2.73
890,75.5,1,3.55,63694,3.37
891,76.6,1,2.16,114507,3.34
892,68,0,1.22,74791,3.42
893,70,1,2.74,78400,3.8
894,63.8,0,1.53,63409,2.98
895,86.8,1,3.02,66124,3.41
896,75.2,1,2.23,90893,3.15
897,51.7,0,0.92,52867,3.39
898,51.3,0,1.08,86418,3.07
899,64.9,0,2.18,51829,3.39
900,61.6,0,1.33,70024,3.13
901,67.4,0,2.73,91801,3.2
902,60.8,0,1.63,77028,3.43
903,59.4,0,1.25,88880,3.14
904,74.7,1,2.35,89788,3.59
905,74.2,1,2.78,86705,2.98
906,72,1,2.85,113075,3.98
907,64.7,0,1.18,66448,3.64
908,73.4,1,2.48,84561,3.98
909,49.4,0,0.86,62023,3.12
910,51.4,0,0.69,62677,3.07
911,76.8,1,2.72,83378,3.59
912,60.5,0,1.46,65579,3.25
913,67.9,0,2.18,94627,3.32
914,83.3,1,2.72,103938,3.49
915,60.9,0,1.62,86246,3.29
916,54.6,0,1.42,47613,3
917,35.4,0,0,60063,2.93
918,63.1,0,1.54,86693,3.26
919,63.2,0,1.88,78128,3.16
920,74.6,1,2.98,107697,3.54
921,59.7,0,1.09,72961,3.22
922,62,0,1.38,78140,3.05
923,63.6,0,1.91,85017,3.3
924,68.4,0,2.31,90310,3.35
925,71.3,1,2.43,91056,3.64
926,58.1,0,1.98,70564,3.2
927,67.8,0,2.33,104557,3.29
928,68.5,0,1.8,90057,3.53
929,65.7,0,1.92,87664,3.6
930,79.1,1,2.66,73872,3.72
931,47.2,0,0.66,58515,2.8
932,71.2,1,2.76,75095,3.13
933,77.3,1,3.23,78261,3.13
934,52.6,0,1.13,88715,3.26
935,66.5,0,1.98,95879,3.13
936,55.3,0,1.61,88809,3.51
937,61.4,0,1.82,78694,3.47
938,65.4,0,1.89,71465,3.13
939,63.3,0,1.16,57567,3.3
940,84.6,1,3.99,72386,4
941,64.1,0,1.48,104319,3.41
942,51.5,0,0.8,63006,3.36
943,57.4,0,1.27,63912,3.08
944,61.8,0,1.06,71786,3.5
945,60.5,0,1.73,65317,3.3
946,71.2,1,3.33,72833,4
947,58.1,0,1.7,105304,2.95
948,70.5,1,2.35,73858,3.27
949,61.7,0,1.89,73178,3.19
950,53.5,0,0.69,75175,3.08
951,64.3,0,2.01,111574,3.29
952,58.7,0,1.5,72882,3.03
953,65.1,0,1.71,86026,3.56
954,81.3,1,3.35,95226,3.88
955,64.1,0,1.55,77019,3.57
956,63.4,0,2.46,48236,2.9
957,50.3,0,0.28,95492,2.87
958,67.2,0,1.69,80509,3.45
959,63.2,0,2.1,88075,3.1
960,79.8,1,2.8,78661,3.65
961,45.5,0,0.15,81224,2.81
962,56.6,0,1.82,90984,3.58
963,59.7,0,1.84,101905,3.31
964,65.7,0,2.22,68832,3.09
965,58.8,0,0.97,82671,3.36
966,67,0,1.82,79926,3.51
967,89.7,1,3.91,88609,3.49
968,61.1,0,1.06,66247,3.32
969,66,0,1.65,91564,3.33
970,57.6,0,1.7,84949,3.73
971,75.8,1,2.59,116341,3.07
972,52.7,0,0.56,44605,2.97
973,60.7,0,1.31,109998,4
974,67.7,0,1.98,74790,3.13
975,73.6,1,2.76,103619,3.14
976,67.5,0,2.16,86064,3.49
977,71.4,1,2.65,93461,3.04
978,51,0,0.3,79021,3.54
979,59.2,0,1.65,98345,3.02
980,64.1,0,2.2,72189,3.59
981,75.5,1,3.33,98741,3.7
982,64.8,0,2.22,59959,3.3
983,62.5,0,1.56,68256,3.2
984,65.8,0,2.06,91122,2.82
985,54.1,0,0.95,81844,2.72
986,50.8,0,0.73,71770,2.63
987,69.3,0,2.12,82791,3.33
988,55.9,0,1.32,80787,3.67
989,67.9,0,2.08,97121,3.44
990,52.3,0,0.87,49122,3.38
991,57.7,0,1.6,82136,2.98
992,65.6,0,1.89,58952,3.13
993,53.6,0,1.13,97446,3.26
994,63.4,0,2.12,94608,3.03
995,67.3,0,1.64,78976,2.97
996,81.1,1,2.91,108123,3.54
997,58.4,0,1.61,71996,2.95
998,69.5,0,2.02,51198,2.97
999,72,1,2.66,64281,3.79
1000,88.3,1,4,92771,3.67
1001,82.7,1,2.92,77428,3.96
1002,74,1,2.08,90580,3.74
1003,78.3,1,3.37,115653,3.74
1004,61.5,0,1.47,75944,3.35
1005,75.6,1,2.91,88624,3.11
1006,58.8,0,1.21,93524,3.04
1007,71.6,1,2.43,113349,3.18
1008,66.2,0,2.42,45938,3.33
1009,59.9,0,1.43,92418,2.81
1010,69.1,0,2.04,72916,3.09
1011,73.6,1,2.45,86439,3.74
1012,71.3,1,2.52,55414,3.51
1013,53.9,0,0.43,66673,2.67
1014,49,0,0.26,93189,3.21
1015,62.9,0,1.3,92350,3.19
1016,52.8,0,0.7,60967,3.58
1017,65.1,0,1.82,85153,3.59
1018,64.8,0,1.69,76657,3.09
1019,60,0,1.84,55206,3.52
1020,48.2,0,0.71,63468,2.66
1021,60.5,0,1.39,100586,3.2
1022,60.7,0,1.84,72954,3.02
1023,48.4,0,0.27,56582,2.88
1024,71,1,2.77,95600,3.5
1025,63.3,0,1.21,80696,3.48
1026,65.6,0,2.05,70944,2.68
1027,71,1,2.25,87452,3.69
1028,76.6,1,2.61,45086,3.89
1029,51.9,0,0.9,85876,3.34
1030,88.3,1,3.62,80457,4
1031,58.3,0,1.41,90268,3.1
1032,65.9,0,2.31,108330,3.47
1033,70.5,1,1.87,94539,3.58
1034,60.2,0,1.89,79537,2.91
1035,76.2,1,3.07,66289,2.93
1036,61.8,0,1.34,57769,3.3
1037,62.9,0,1.8,79580,2.44
1038,89.1,1,3.99,77140,3.55
1039,65.4,0,1.91,76039,2.99
1040,69.4,0,1.95,66124,3.41
1041,43.6,0,0,95957,3.3
1042,66.5,0,1.6,74827,3.76
1043,65.2,0,2.08,85625,3.52
1044,49.9,0,0.63,77547,3.1
1045,62.6,0,1.7,83193,2.92
1046,55.9,0,0.83,61589,3.13
1047,55.9,0,0.73,80558,2.78
1048,64.3,0,2.26,91822,2.96
1049,65.9,0,1.99,69290,3.46
1050,67.4,0,1.98,124604,3.34
1051,78.4,1,2.46,85715,3.72
1052,59.7,0,1.65,74374,3.22
1053,65,0,1.36,70925,3.19
1054,67.3,0,2.22,103453,2.99
1055,72.9,1,2.17,126604,3.92
1056,53.6,0,0.99,66981,3.45
1057,65.5,0,2.33,70888,3.24
1058,66.5,0,1.61,75640,3.45
1059,52,0,1.01,55653,3.21
1060,51.7,0,0.5,100149,3.56
1061,77.6,1,3.33,77630,3.61
1062,72.6,1,2.42,64041,3.49
1063,58.8,0,1.23,60256,3.51
1064,67.5,0,1.74,78080,3.76
1065,63.5,0,1.99,60010,3.59
1066,57.3,0,1.14,83007,3.43
1067,73.3,1,2.56,74782,3.68
1068,58.3,0,1.49,93494,3.08
1069,66.4,0,2.49,96802,3.44
1070,70.9,1,2.25,88264,3.33
1071,76.6,1,2.64,93090,3.03
1072,58.3,0,1.32,82470,3.43
1073,78.4,1,2.67,84653,3.44
1074,86,1,3.5,86986,3.45
1075,66.2,0,1.3,87749,3.51
1076,56.5,0,0.98,68690,3.05
1077,57.3,0,1.46,72979,2.38
1078,59.5,0,0.98,73401,3.03
1079,70.2,1,1.95,81785,2.76
1080,78.8,1,3.21,70469,3.71
1081,65.2,0,1.8,85715,2.93
1082,56.4,0,1.69,88395,3.31
1083,59.9,0,1.27,93673,3.14
1084,76.5,1,2.48,61944,3.91
1085,50.5,0,0.84,61463,2.61
1086,64.7,0,1.84,102268,3.21
1087,58.9,0,1.99,108675,2.85
1088,73.7,1,2.63,77039,3.99
1089,68.4,0,1.7,84762,2.76
1090,62.1,0,1.4,69371,3.53
1091,47,0,0.57,40903,3.14
1092,67.4,0,1.8,92177,3.21
1093,53.3,0,1.85,63115,3
1094,59.8,0,1.38,86734,3.5
1095,80.3,1,3.16,110482,3.73
1096,82.6,1,3.29,83346,3.7
1097,75.8,1,2.58,108473,3.5
1098,66.7,0,1.93,75784,2.73
1099,59,0,1.25,104854,3.1
1100,69.8,0,2.04,97404,3.19
1101,73.4,1,2.76,88585,3.44
1102,73.8,1,2.77,94118,3.55
1103,52.4,0,0.84,75524,2.93
1104,53.6,0,1.58,79152,3.15
1105,56.2,0,1.15,76328,3.32
1106,69,0,2.5,73728,3.96
1107,51.1,0,1.06,99102,3.38
1108,73.1,1,2.99,69903,3.84
1109,50.1,0,0.92,87284,3.27
1110,69.1,0,1.68,114299,3.43
1111,64,0,1.65,58737,3.08
1112,65.9,0,1.95,67051,3.29
1113,84.1,1,3.51,74438,4
1114,64.1,0,1.59,82284,3.3
1115,65,0,1.8,74552,3.2
1116,61.6,0,1.29,93740,3.25
1117,72.6,1,2.47,104168,3.22
1118,79,1,3.35,114627,3.7
1119,54.9,0,1.12,70868,3.08
1120,67.7,0,2.06,82498,3.22
1121,48.7,0,0.64,73996,2.28
1122,80.7,1,2.66,72975,3.7
1123,69.7,0,2.03,64606,3.6
1124,80.2,1,2.81,71749,3.43
1125,60.2,0,1.52,77178,3.34
1126,67.9,0,1.79,78759,3.5
1127,77.2,1,3.28,90119,3.5
1128,70.6,1,2.86,81411,3.43
1129,73.9,1,2.62,69118,3.27
1130,77.8,1,2.98,59896,3.59
1131,62,0,1.42,64103,2.9
1132,66.3,0,1.84,93255,3.65
1133,65.8,0,1.88,61042,3.46
1134,60.6,0,1.71,84750,3.02
1135,44.6,0,0,63726,2.94
1136,59.4,0,1.75,73029,3.39
1137,80,1,2.42,98983,3.57
1138,88,1,3.94,86657,3.78
1139,55,0,1.13,87111,2.61
1140,58.6,0,1.16,99693,2.91
1141,44.2,0,0,89689,2.97
1142,67.7,0,1.79,69339,3.48
1143,59.9,0,1.9,82807,2.92
1144,52.8,0,1.3,79905,3.07
1145,62,0,2.16,62568,2.83
1146,55.3,0,1.09,71792,3.29
1147,74.6,1,2.68,101780,3.08
1148,69.2,0,1.68,96288,3.76
1149,66.1,0,2.41,86326,3.7
1150,74.2,1,2.43,91563,3.81
1151,70.1,1,2.83,76303,2.73
1152,41.5,0,0,78658,2.61
1153,67.8,0,1.94,89517,3.97
1154,70,1,2.51,87357,3.28
1155,68.2,0,1.95,102564,2.6
1156,59,0,1.48,71641,2.98
1157,66.3,0,1.85,69767,3.15
1158,63.4,0,1.67,82757,3.29
1159,53.3,0,0.57,67629,3.25
1160,84.7,1,3.2,74768,3.08
1161,49.3,0,0.84,49461,3.15
1162,58.2,0,1.09,76667,3.25
1163,76.9,1,3.13,108006,3.49
1164,48.7,0,0.51,82706,2.9
1165,71.8,1,2.07,95799,3.79
1166,61.8,0,1.62,89551,3.54
1167,61.5,0,1.28,61948,3.1
1168,45.7,0,0.65,53213,3.06
1169,57.9,0,1.6,86970,3.09
1170,69.1,0,2.01,79308,3.62
1171,61,0,2.12,63091,3.45
1172,77.1,1,2.51,74526,3.38
1173,65.7,0,1.97,74168,3.62
1174,64.9,0,1.76,106732,3.44
1175,64.1,0,1.76,63323,3.33
1176,69.1,0,1.99,89656,3.42
1177,77.9,1,2.92,85806,3.32
1178,73.5,1,2.54,113913,3.34
1179,73.1,1,2.86,66734,3.3
1180,80.4,1,2.99,72901,4
1181,60.8,0,1.38,69515,3.36
1182,64.5,0,2.08,54340,3.4
1183,83.6,1,3.03,85371,3.66
1184,60.1,0,1.97,61706,2.82
1185,72.3,1,2.47,74626,3.64
1186,68.1,0,1.69,104427,3.01
1187,85.4,1,3.87,93606,3.42
1188,81,1,2.92,106849,3.51
1189,67.4,0,2.06,82934,2.99
1190,71,1,2.92,73185,3.13
1191,35.1,0,0,69735,3.04
1192,64.4,0,2.01,78000,3.05
1193,71.9,1,2.43,95834,3.25
1194,89.6,1,3.58,82357,3.26
1195,66.3,0,1.83,87861,3.35
1196,71.3,1,1.72,71584,3.59
1197,65.8,0,1.78,90837,3.36
1198,52.5,0,1.15,71202,3.06
1199,65.9,0,1.34,99534,3.42
1200,71.3,1,2.32,84497,3.48
1201,67.9,0,1.3,91136,3
1202,72.4,1,2.38,104991,2.86
1203,65,0,1.72,92574,3.25
1204,60.5,0,1.32,82555,3.75
1205,75.1,1,2.41,69664,3.73
1206,52.1,0,1,82520,2.97
1207,72.5,1,2.54,65313,2.93
1208,66.4,0,1.72,97482,2.98
1209,38.9,0,0,60132,2.67
1210,60,0,1.67,83953,3.39
1211,77.9,1,2.45,74801,3.51
1212,44.3,0,0,74148,2.82
1213,79.5,1,2.74,90478,3.49
1214,79.4,1,3.1,88142,3.29
1215,76.8,1,2.83,81485,3.5
1216,64.3,0,1.61,60435,3.3
1217,59.4,0,1.1,118980,3.18
1218,49.5,0,0.73,57798,2.84
1219,64.2,0,1.57,91583,2.99
1220,62.8,0,1.69,68108,3.41
1221,84.1,1,3.36,72729,3.78
1222,67.6,0,2.17,105835,2.77
1223,59.7,0,1.7,72538,3.45
1224,75,1,2.86,85192,3.08
1225,73.3,1,2.44,115497,2.89
1226,60.1,0,1.77,91044,2.58
1227,69.7,0,1.77,89744,4
1228,58.8,0,1.04,71946,2.94
1229,58.2,0,1.61,75278,3.49
1230,56.1,0,1.39,74250,3.08
1231,61,0,1.39,74585,3.36
1232,55,0,1.06,99121,3.25
1233,73.4,1,3.08,86515,2.96
1234,71.6,1,2.6,74271,2.92
1235,63.8,0,2.31,95813,3.58
1236,81.3,1,2.49,92522,3.49
1237,70,1,2.48,57287,2.92
1238,72,1,2.56,72191,3.62
1239,61.1,0,1.36,71961,3.02
1240,79.2,1,2.78,95904,4
1241,66.2,0,1.39,71296,3.83
1242,60.3,0,1.86,79764,3.25
1243,73.9,1,2.97,71328,3.3
1244,57,0,1.48,95744,3.42
1245,54.3,0,1.44,75493,3.2
1246,78.3,1,2.77,87683,3.51
1247,75,1,2.26,71830,3.93
1248,75.4,1,2.52,82710,3.24
1249,71.8,1,1.93,98359,3.45
1250,67,0,2.32,71265,2.78
1251,55.5,0,1.83,70481,2.92
1252,59.7,0,1.55,75660,3.31
1253,62.6,0,1.91,49979,3.52
1254,74.6,1,2.65,87742,3.45
1255,63.1,0,1.96,48901,3.16
1256,71.8,1,2.32,110500,3.26
1257,71,1,2.23,84332,3.5
1258,61.5,0,1.72,73469,3.33
1259,51.7,0,0.64,72347,3.17
1260,63.3,0,1.34,91501,3.03
1261,61.4,0,1.77,77848,3.13
1262,49,0,0.37,77522,3.5
1263,61.4,0,2.07,88137,2.97
1264,77.8,1,2.49,79684,3.41
1265,57.8,0,1.38,69813,3.54
1266,58.3,0,1.6,86943,2.84
1267,82.5,1,3.11,94305,3.78
1268,65.9,0,1.58,87353,3.65
1269,48.6,0,0.33,101573,2.72
1270,52.7,0,0.44,82492,3.2
1271,86.4,1,4,67179,3.8
1272,76.5,1,2.96,109598,3.25
1273,63.3,0,1.73,47325,2.95
1274,45.4,0,0.35,74887,2.61
1275,46.1,0,0.28,77958,3.32
1276,51.5,0,0.53,71972,2.45
1277,50.8,0,0.68,59676,3.16
1278,61.7,0,1.87,79198,3.27
1279,76.9,1,2.6,87844,3.4
1280,60.3,0,1.32,75840,3.24
1281,57.1,0,1.41,72514,3.18
1282,53,0,0.95,74520,3.18
1283,52.7,0,0.99,52916,3.22
1284,60.8,0,1.78,101108,3.62
1285,52.3,0,1.31,87795,3
1286,82.3,1,2.73,83833,3.99
1287,62.1,0,1.86,72572,3.77
1288,74.8,1,2.43,86400,3.76
1289,58.4,0,1.52,81832,2.76
1290,65.7,0,1.93,84454,3.56
1291,55,0,1.1,61141,2.73
1292,56.9,0,1.61,90028,2.76
1293,60.5,0,1.34,89450,2.83
1294,63.1,0,1.32,80064,2.94
1295,66.8,0,2.1,84282,3.03
1296,66.6,0,1.46,82453,4
1297,72.8,1,1.96,89955,3.24
1298,57,0,0.81,76234,2.39
1299,74.6,1,2.31,106575,3.21
1300,70,1,1.86,61972,3.1
1301,49.6,0,0.74,85424,3.47
1302,51.8,0,1.08,84086,2.92
1303,80.5,1,2.88,81307,3.36
1304,66.8,0,1.97,69861,3.23
1305,61.8,0,1.83,80955,3.67
1306,67.5,0,1.71,89247,3.36
1307,51.8,0,0.86,91074,3.15
1308,62.4,0,1.2,78203,3.16
1309,72,1,2.71,96101,3.5
1310,59.7,0,1.86,59271,3.54
1311,58.3,0,1.65,64203,3.07
1312,57.2,0,1.3,69721,3.02
1313,79.2,1,3.32,85794,3.47
1314,69.8,0,2.06,83428,3.33
1315,50,0,1.21,65536,3.06
1316,58.2,0,1.99,84667,3.2
1317,44.8,0,0,91335,3.04
1318,65.2,0,1.69,71961,2.97
1319,67.5,0,1.95,76343,3.04
1320,62.2,0,1.82,52437,3.71
1321,53.7,0,1.77,71025,3.1
1322,47.3,0,0.03,82644,3.22
1323,59.5,0,1.7,70027,3.89
1324,41.6,0,0,49383,3.38
1325,74.9,1,2.93,67748,3.68
1326,58,0,0.99,88412,3.42
1327,38.1,0,0,85957,2.66
1328,75.3,1,2.17,75635,3.26
1329,68.4,0,1.74,96850,3.2
1330,37.4,0,0,58422,2.67
1331,62.2,0,1.86,67256,3.12
1332,54.6,0,1.21,93711,2.8
1333,78.3,1,2.95,108837,3.83
1334,84,1,3.44,89289,3.7
1335,66.4,0,1.5,63026,3.89
1336,74.9,1,2.81,89730,3.37
1337,79.7,1,3.05,70154,3.56
1338,60.5,0,1.81,83478,3.21
1339,69.9,0,1.93,103069,4
1340,62.5,0,2.01,78126,3.5
1341,59,0,1.44,77426,3.33
1342,68.7,0,2.11,55652,3.73
1343,62.3,0,1.59,72353,3.85
1344,73.8,1,3.29,108635,3.61
1345,61.2,0,1.4,59227,3.73
1346,54.8,0,1.32,82410,3.57
1347,70,1,2.14,72178,3.52
1348,73.7,1,1.93,71513,3.58
1349,49.8,0,0.58,96780,3.36
1350,51.2,0,1.17,43520,3.02
1351,66,0,1.82,107895,3.65
1352,66.3,0,1.87,63694,3.4
1353,59.1,0,1.39,57527,3.2
1354,79.9,1,2.85,94369,3.68
1355,48.5,0,0.53,76146,2.58
1356,50.2,0,0.3,61569,3.1
1357,61.2,0,1.89,61314,3.1
1358,66.7,0,1.82,68244,2.95
1359,53.6,0,0.36,93600,2.55
1360,75.3,1,2.79,85326,2.99
1361,61.7,0,1.98,102096,2.75
1362,53.6,0,1.04,87225,3.03
1363,54.9,0,1.48,84385,3.15
1364,55.9,0,1.19,94413,2.54
1365,68.8,0,2.07,74742,3.3
1366,54.5,0,0.98,87803,3.06
1367,65.1,0,1.74,94645,3.22
1368,52.1,0,0.89,65690,3.05
1369,65,0,1.54,116182,3.6
1370,66.6,0,1.51,94261,3.72
1371,77.7,1,2.29,92167,3.35
1372,63.9,0,1.53,87808,3.8
1373,72.9,1,2.2,89505,3.99
1374,47.5,0,0.32,95382,2.92
1375,68.3,0,1.98,77813,3.02
1376,64.7,0,1.89,92237,3.26
1377,78.4,1,2.88,75565,3.48
1378,50.3,0,0.74,41571,3.13
1379,72.6,1,2.83,67545,3.29
1380,60.9,0,1.55,100457,3.05
1381,65.3,0,1.87,98788,3
1382,64.7,0,1.43,78647,3.11
1383,67.4,0,2.36,87953,3.22
1384,58.9,0,1.39,56455,3.15
1385,67.9,0,1.92,83552,3.95
1386,68.9,0,2.29,85978,3.68
1387,62.7,0,1.68,68815,2.9
1388,61,0,1.03,83479,3.16
1389,85.3,1,2.79,85109,4
1390,53.5,0,1.06,74471,3.36
1391,62.3,0,1.22,70336,3.1
1392,70.9,1,2.67,87268,3.13
1393,66.7,0,1.8,98964,3.27
1394,78,1,2.71,97756,3.31
1395,69.4,0,1.67,79053,3.79
1396,72.3,1,2.89,90907,3.17
1397,74.5,1,2.62,80003,3.36
1398,49.9,0,0.67,48844,3.04
1399,64.3,0,2.18,54340,3.04
1400,71.4,1,2.25,63356,3.79
1401,80.9,1,2.94,97631,3.29
1402,45.5,0,0,92007,2.63
1403,55.1,0,1.31,76123,3.19
1404,74.9,1,2.53,76064,3.45
1405,74.9,1,2.4,101545,3.09
1406,59.8,0,1.28,84960,2.84
1407,48.7,0,1.12,100437,2.68
1408,55.2,0,1.39,85416,2.96
1409,79.6,1,2.89,99437,3.61
1410,42.5,0,0,88022,2.99
1411,61.8,0,1.92,94084,3.33
1412,70.6,1,2.19,70146,3.69
1413,63.7,0,1.8,100631,3.35
1414,64.6,0,1.8,79892,3.12
1415,81.2,1,3.54,107724,3.49
1416,61.2,0,1.85,89999,2.75
1417,67.4,0,1.74,79912,3.6
1418,60.4,0,1.98,85380,3.37
1419,70.1,1,2.2,82351,3.82
1420,61.1,0,1.65,98437,2.68
1421,68.4,0,2.11,75339,3.73
1422,63.9,0,1.03,93119,3.22
1423,88.8,1,3.96,59859,4
1424,82.1,1,2.56,78908,3.75
1425,58.7,0,1.24,75286,2.74
1426,59.5,0,1.19,60261,2.99
1427,50.8,0,0.66,95287,2.63
1428,54.2,0,0.99,67650,3.03
1429,45.3,0,0.28,46369,2.48
1430,71.5,1,2.71,75064,3.2
1431,55.4,0,1.68,92667,3.04
1432,63.7,0,1.86,54621,3.06
1433,82.7,1,3.46,82885,3.78
1434,71.6,1,2.49,94004,4
1435,52,0,0.74,55675,3.32
1436,56.6,0,1.36,82434,2.71
1437,46.5,0,0,77427,3.49
1438,52.8,0,0.96,81626,2.63
1439,79.8,1,2.97,109648,3.24
1440,69.6,0,1.98,78775,3.63
1441,51.2,0,0.92,69404,3.4
1442,71.1,1,3.16,74645,3.54
1443,72.4,1,2.27,106344,3.55
1444,54,0,0.97,66389,3.41
1445,63.5,0,2.21,93450,3.45
1446,66.1,0,2.17,86973,3.56
1447,68.4,0,2.08,86027,3.75
1448,73,1,2.69,120263,3.58
1449,70.4,1,2.46,92041,3.68
1450,65.5,0,1.85,75294,3.54
1451,91.4,1,4,68807,3.29
1452,64.3,0,1.25,80005,3.53
1453,47.7,0,0.48,107229,3.07
1454,55.6,0,1.18,50027,2.93
1455,61.2,0,1.16,101942,3.38
1456,73.7,1,2.61,98049,3.39
1457,50.7,0,1.11,57934,2.99
1458,51.4,0,1.12,81880,3.07
1459,62.1,0,1.95,124579,3.38
1460,71.2,1,2.2,91982,2.87
1461,72.5,1,2.87,118702,3.9
1462,61.7,0,1.43,59806,3.52
1463,56.1,0,1.18,75031,3.36
1464,87,1,3.26,88923,3.83
1465,69.6,0,1.85,100100,3.64
1466,65.9,0,2.03,76572,3.35
1467,70.8,1,2.96,106216,3.51
1468,57.5,0,1.37,69925,3.37
1469,67.2,0,1.65,82670,2.88
1470,69.7,0,1.99,100058,3.78
1471,57.8,0,1.46,102082,2.71
1472,62.4,0,1.65,79771,2.5
1473,70.7,1,2.72,61381,3.71
1474,49.3,0,0.63,62054,2.82
1475,76.5,1,2.66,94301,3.8
1476,63.1,0,1.57,73829,2.96
1477,59.2,0,1.47,107101,2.99
1478,57.3,0,1.63,105908,2.9
1479,80.8,1,2.88,73208,3.71
1480,61.3,0,1.68,54252,3.45
1481,65.4,0,1.26,71078,4
1482,59,0,1.27,74158,3.37
1483,55.8,0,1.18,52953,3.58
1484,70.8,1,2.55,60299,4
1485,64.3,0,1.7,84346,3.62
1486,66.8,0,1.76,67194,3.48
1487,58.2,0,1.41,80450,3.3
1488,74.9,1,2.41,78548,3.42
1489,70.3,1,2.6,91489,3.9
1490,69.1,0,1.37,93531,3.77
1491,69.4,0,1.89,95675,2.8
1492,77.2,1,3.17,75130,3.27
1493,72.9,1,2.41,113495,3.41
1494,59.9,0,2.08,55038,2.64
1495,68.9,0,2.31,86644,3.23
1496,65.3,0,1.62,69605,3.6
1497,82.7,1,3.37,83266,3.61
1498,51.9,0,0.92,67196,3.51
1499,67.6,0,2.08,102590,3.41
1500,57,0,1.43,65232,3.52
1501,47.5,0,0.04,83267,2.34
1502,60.2,0,1.47,86639,3.23
1503,54.9,0,1.35,105178,3.2
1504,65.5,0,1.82,95816,3.48
1505,68.9,0,1.98,51978,3.36
1506,66,0,2.25,95215,3.5
1507,64.9,0,1.88,100322,3.08
1508,71.9,1,2.01,72975,3.74
1509,60.2,0,1.71,91606,3.06
1510,38,0,0,41622,3.3
1511,76.3,1,2.92,82193,3.56
1512,63.9,0,1.61,83086,3.22
1513,72.4,1,2.63,92563,3.49
1514,70.4,1,2.51,92203,3.5
1515,63.6,0,1.72,95729,2.86
1516,71.6,1,2.97,76247,3.6
1517,52.1,0,0.9,57257,3.8
1518,69.8,0,2.22,96506,3.24
1519,77.7,1,2.53,88243,3.79
1520,80.3,1,3.09,77085,3.8
1521,60.3,0,1.24,96134,2.76
1522,62.1,0,1.6,77822,3.1
1523,75.7,1,2.02,96509,3.66
1524,59.6,0,1.36,76135,3.31
1525,70.4,1,2.27,98373,3.72
1526,62.6,0,1.31,97668,3.4
1527,58.2,0,1.81,69403,3.24
1528,65.6,0,1.73,81480,3.56
1529,63.5,0,1.46,94565,3.31
1530,60.8,0,1.92,90928,3.05
1531,59.1,0,1.53,81783,2.65
1532,72,1,2.3,81549,3.28
1533,82.8,1,2.65,102830,4
1534,61.1,0,1.87,64631,3.57
1535,53.1,0,1.01,59463,2.62
1536,56,0,1.27,55143,3.37
1537,67,0,2.31,95494,3.19
1538,65.2,0,2.01,110507,3.38
1539,54.2,0,1.34,83304,2.89
1540,67.3,0,1.98,103741,2.93
1541,64,0,1.57,96441,3.46
1542,68.1,0,1.76,72316,3.23
1543,63.9,0,1.75,84182,3.46
1544,50.4,0,0.99,57313,3.06
1545,78.8,1,3.21,103768,3.89
1546,78.7,1,2.99,102229,3.15
1547,65.4,0,1.74,87847,3.98
1548,80.5,1,2.98,88268,3.63
1549,74.2,1,2.29,93599,3.02
1550,55,0,1.22,55317,3.04
1551,73.4,1,2.75,91215,3.51
1552,53.8,0,1.37,109814,3.13
1553,61.6,0,1.86,69151,2.83
1554,69.9,0,1.72,60867,3.32
1555,78.4,1,3.31,78338,3.33
1556,57.3,0,1.15,94575,2.77
1557,67.4,0,1.93,86201,3.43
1558,76.9,1,2.57,75055,3.4
1559,65.4,0,2.45,66304,3.9
1560,47,0,0.44,64526,2.54
1561,74.3,1,2.89,106805,3.24
1562,71.2,1,2.57,94259,3.22
1563,74.4,1,2.7,74952,3.28
1564,64.5,0,1.09,96383,3.3
1565,77.2,1,2.7,77103,3.63
1566,66.7,0,1.9,78621,2.95
1567,65.5,0,1.96,94784,3.28
1568,64.2,0,1.47,95707,3.29
1569,88.1,1,4,60719,3.75
1570,73.3,1,2.41,109246,3.16
1571,40.8,0,0,79475,3.04
1572,60.5,0,2.01,77655,2.98
1573,72.6,1,2.66,70119,3.74
1574,58.7,0,0.88,74169,2.59
1575,56.7,0,1.84,74526,2.71
1576,57.2,0,1.28,63858,3.19
1577,68.6,0,1.66,87277,3.55
1578,59.7,0,1.41,95133,3.34
1579,64.9,0,1.65,97224,3.5
1580,63.7,0,1.57,62509,3.38
1581,63.5,0,2.03,76652,3
1582,59.7,0,2.05,61070,3.13
1583,57.1,0,1.41,84144,3.67
1584,80.3,1,2.73,91414,3.09
1585,73.9,1,2.83,107223,3.36
1586,66.3,0,1.89,68932,3.05
1587,66.4,0,1.88,60367,3.55
1588,67.3,0,1.76,72581,3.44
1589,83.5,1,3.09,104290,3.73
1590,61.4,0,1.3,86905,3.5
1591,53.5,0,1.23,94747,3.07
1592,65.7,0,2.37,76916,3.1
1593,70.6,1,1.89,72213,3.22
1594,66.3,0,2.32,123334,3.23
1595,60.9,0,1,72488,3.06
1596,73.6,1,2.33,80625,3.75
1597,80.2,1,2.64,114715,3.99
1598,65.5,0,2.34,53451,3.34
1599,83.6,1,3.24,87849,3.6
1600,50.9,0,0.92,83131,3.46
1601,57,0,1.4,102179,3.41
1602,76.3,1,2.93,90206,3.15
1603,59.3,0,1.6,82935,4
1604,76.6,1,2.55,67227,3.45
1605,58.4,0,1.56,97796,3.28
1606,77.3,1,3.08,79484,4
1607,61.2,0,1.52,75335,3.05
1608,64.7,0,0.94,84921,3.66
1609,68.6,0,2.49,80513,3.52
1610,52.6,0,1.07,90905,3.36
1611,64.6,0,1.71,69059,3.26
1612,65.2,0,2.25,77226,3.57
1613,77.4,1,2.35,117914,3.36
1614,54.5,0,1.36,89701,2.92
1615,77.8,1,3.11,85529,3.48
1616,64.1,0,1.89,83972,3.23
1617,61.3,0,1.6,69747,3.59
1618,74.3,1,2.35,111581,3.45
1619,68,0,2.09,80113,3.53
1620,73.8,1,2.7,74659,3.26
1621,81.2,1,3.24,83534,3.59
1622,64.5,0,2.22,69794,3.65
1623,47.5,0,0.7,73240,2.65
1624,59.9,0,1.81,72759,2.8
1625,62.8,0,1.47,93346,3.47
1626,65.8,0,1.76,84697,2.77
1627,49.5,0,0.95,56849,2.78
1628,57.9,0,1.35,101042,3.23
1629,60.3,0,1.12,94267,2.86
1630,62.8,0,1.99,85017,2.59
1631,58.7,0,1.05,86869,2.87
1632,59.9,0,1.57,96806,2.98
1633,82.7,1,3.32,97633,3.81
1634,63.2,0,1.6,98786,3.24
1635,52,0,1.1,87231,3.06
1636,54.3,0,0.98,75378,2.61
1637,65.3,0,1.63,100601,3.48
1638,83.7,1,3.79,65199,4
1639,71.1,1,2.27,86657,3.24
1640,52.2,0,0.77,69570,2.96
1641,64.5,0,2.04,93395,3.58
1642,57.3,0,1.49,81434,3.12
1643,53.5,0,1.46,95450,3.07
1644,65.9,0,1.58,84673,3.87
1645,89.4,1,4,99614,3.56
1646,79.2,1,2.85,98274,4
1647,51,0,0.56,97603,2.91
1648,69,0,2.01,76120,3.78
1649,71.1,1,1.93,112516,3.48
1650,74.1,1,3.1,77016,3.72
1651,69.4,0,1.6,68308,3.42
1652,80.2,1,2.85,108006,3.32
1653,52.3,0,0.72,83219,3.16
1654,73,1,2.85,79381,3.21
1655,61.6,0,1.55,100707,2.96
1656,59.9,0,1.81,88589,2.95
1657,75.8,1,2.51,75796,3.56
1658,86.1,1,4,97604,2.99
1659,69,0,2.3,83844,3.59
1660,72.8,1,2.62,70380,3.1
1661,60.7,0,1.61,89698,3.2
1662,67.5,0,1.83,87763,4
1663,51.2,0,0.73,79117,2.88
1664,66.9,0,2.33,72611,3.3
1665,79.9,1,2.93,89197,3.31
1666,79.1,1,3.02,83918,3.78
1667,63.8,0,1.61,67877,3.47
1668,66.5,0,2.04,81219,3.58
1669,51,0,0.08,55468,2.92
1670,44.2,0,0,73269,2.71
1671,71,1,2.17,60362,3.45
1672,57.1,0,1.37,77772,2.89
1673,65.9,0,2.31,83730,3.1
1674,71.4,1,2.56,46565,2.85
1675,79.5,1,2.65,119593,3.06
1676,77.9,1,3.24,95969,3.33
1677,74.6,1,2.89,75688,3.31
1678,61.6,0,2.17,108133,2.88
1679,76,1,2.43,111066,3.24
1680,56.3,0,0.92,52746,3.2
1681,56,0,1.97,77411,3.14
1682,52.6,0,1,63501,3.73
1683,65.4,0,2.13,91308,3.42
1684,71.1,1,2.07,56085,3.4
1685,76.1,1,3.19,111522,3.6
1686,75.4,1,2.52,68821,3.27
1687,66.7,0,1.53,76833,3.58
1688,61.8,0,1.42,87145,2.96
1689,65.2,0,1.34,102260,2.54
1690,70.5,1,2.66,79562,3.28
1691,76.2,1,2.77,84442,3.84
1692,58.4,0,1.55,98216,2.79
1693,53.7,0,1.03,103998,3.26
1694,45.5,0,0.77,85768,2.6
1695,51.9,0,0.73,77466,3.4
1696,57.8,0,2.05,80883,3.38
1697,59.4,0,1.82,68945,3.09
1698,67.5,0,2.25,61367,4
1699,56.7,0,1.38,99763,3.61
1700,62.2,0,1.73,81216,3.34
1701,54.7,0,1.17,95709,3.06
1702,53.9,0,1.09,107092,2.6
1703,61.7,0,1.67,81195,3.38
1704,51.1,0,0.47,83231,3.33
1705,57.8,0,1.65,64103,3.11
1706,89.3,1,3.9,101451,4
1707,66.9,0,1.54,77172,3.65
1708,58.8,0,1.55,65202,3.39
1709,64.5,0,1.64,81021,3.93
1710,71.9,1,3.36,69449,3.54
1711,68,0,2.47,88329,3.04
1712,62.9,0,1.74,83667,3.7
1713,50.7,0,0.85,86365,2.86
1714,62.2,0,1.53,86994,3.15
1715,76.5,1,2.99,69008,3.39
1716,66,0,1.66,48637,3.23
1717,68.8,0,1.7,100624,3.92
1718,65.7,0,2.15,95330,3.19
1719,71,1,2.35,92672,3.38
1720,83.6,1,3.25,75011,3.79
1721,70.3,1,2.61,71799,3.25
1722,50.1,0,0.04,64156,2.72
1723,68.3,0,1.83,85351,3.13
1724,60.9,0,1.49,102946,3.29
1725,66.1,0,1.87,106040,3.84
1726,58.6,0,1.83,84451,2.83
1727,77.5,1,2.44,73426,3.53
1728,64.9,0,2.03,96386,3.58
1729,70.2,1,2.42,81126,3
1730,60.6,0,1.45,59965,3.18
1731,89.6,1,3.81,80186,3.83
1732,63.6,0,1.92,72342,4
1733,69.5,0,1.85,79902,3.29
1734,61.7,0,1.33,101083,3.44
1735,59.9,0,0.88,92085,3.21
1736,65.6,0,1.75,79760,2.87
1737,77.5,1,3.09,115099,3.72
1738,80.6,1,2.82,113753,4
1739,63.3,0,1.74,81616,3.63
1740,65.2,0,1.75,78607,2.68
1741,76.6,1,2.8,104850,3.66
1742,80.3,1,3.57,136485,3.01
1743,61.2,0,1.27,43627,3.14
1744,63.4,0,2.14,73314,3.05
1745,76.8,1,2.56,81444,3.64
1746,68.8,0,1.73,108107,3.35
1747,56.1,0,1.43,100440,2.86
1748,72.8,1,2.19,86857,3.66
1749,37.3,0,0,58906,2.69
1750,74.2,1,2.28,80442,3.49
1751,69.8,0,2.33,92077,3.18
1752,70.2,1,2.4,92950,3.35
1753,71.2,1,2.76,64947,3.39
1754,61.5,0,1.54,82614,3.22
1755,64.2,0,1.73,88417,3.01
1756,56.1,0,1.34,75897,3.05
1757,51.3,0,0.74,83001,2.38
1758,71.2,1,2.33,70903,3.32
1759,54.4,0,1.2,71008,2.72
1760,78.5,1,3.4,126237,3.47
1761,77.1,1,2.56,100177,2.97
1762,62.4,0,2.22,80787,3.35
1763,66.7,0,1.68,101124,3.67
1764,80,1,3.19,95343,3.83
1765,66,0,2.27,90014,3.28
1766,71.2,1,2.24,115490,3.35
1767,72.2,1,2.2,61767,3.48
1768,78.8,1,3.27,101574,3.55
1769,61.8,0,1.78,61625,3.14
1770,66.1,0,2.55,60371,3.22
1771,60.1,0,1.86,53691,3.01
1772,51.1,0,0.86,71056,3.68
1773,42.9,0,0,62514,3.39
1774,57.3,0,2.4,93996,3.24
1775,65.6,0,2.02,101515,3.42
1776,58.1,0,1.58,65299,2.97
1777,64.6,0,2.27,80878,2.84
1778,66.7,0,1.88,40340,3.6
1779,75.5,1,2.86,71639,3.54
1780,46.8,0,0.01,98256,2.65
1781,86.7,1,3.49,99115,4
1782,66.2,0,2.12,80775,3.44
1783,74.7,1,2.41,78917,3.32
1784,47.1,0,0.21,58740,3.08
1785,80.6,1,3.14,79718,3.32
1786,66,0,2.08,92700,3.69
1787,60,0,1.23,84779,3.52
1788,58.9,0,1.3,112155,3.53
1789,64,0,1.49,81209,3.26
1790,56.8,0,0.99,85333,3.16
1791,58.4,0,1.93,69002,3.06
1792,46.9,0,0.28,69419,2.86
1793,62.5,0,1.88,89458,4
1794,55.3,0,1.62,95553,2.77
1795,52.9,0,1,106078,3.4
1796,57.7,0,1.37,73742,2.38
1797,72.9,1,1.91,70758,3.25
1798,58.4,0,1.24,72565,3.23
1799,81.3,1,3.11,108651,3.35
1800,86.7,1,3.79,104332,3.99
1801,49.4,0,0.49,75166,3
1802,59.3,0,1.39,98438,3.33
1803,64.1,0,1.32,82694,3.39
1804,57.7,0,1.25,106802,3.36
1805,78.6,1,3.42,71616,3.43
1806,66.5,0,2.12,80999,2.63
1807,56.7,0,1.34,83075,3.13
1808,59.9,0,1.54,88863,2.76
1809,54.1,0,1.27,101124,3.29
1810,60.2,0,1.82,76602,3.21
1811,75.9,1,2.8,92494,3.69
1812,55.4,0,1.47,90812,3.78
1813,71.2,1,2.44,72115,3.85
1814,62.5,0,2.21,62033,4
1815,48.5,0,0.56,54019,2.9
1816,57.1,0,1.29,87559,3.35
1817,48.4,0,0.76,66391,3.01
1818,83.9,1,3.13,85585,3.79
1819,67.5,0,2.66,72882,3.05
1820,66.4,0,1.75,92173,3.52
1821,65.1,0,1.73,79632,3.38
1822,67.4,0,1.81,72919,3.12
1823,62.1,0,1.19,100537,3.06
1824,61.1,0,1.59,83006,3.11
1825,56.1,0,1.64,76518,3.35
1826,63.2,0,1.94,72116,3.38
1827,64,0,2.01,122187,3.61
1828,55.4,0,1.4,76548,3.06
1829,66.4,0,2.07,93944,3.26
1830,51.7,0,0.57,75182,2.38
1831,67.4,0,1.5,70374,3.34
1832,64.3,0,1.47,69269,3.85
1833,74.1,1,2.55,106357,3.74
1834,65.1,0,1.75,76471,3.26
1835,70.3,1,2.6,64006,3.72
1836,79.4,1,2.9,90282,3.69
1837,68.3,0,1.81,87072,3.37
1838,73.6,1,2.8,72710,3.5
1839,61.6,0,1.18,101116,2.91
1840,59.6,0,1.75,104395,3.03
1841,62.1,0,2.01,93339,2.96
1842,55.7,0,1.04,93821,2.9
1843,66.8,0,1.36,64674,3.56
1844,67.5,0,1.72,83451,3.57
1845,55,0,0.52,109138,3.53
1846,64.5,0,1.79,64343,3.58
1847,69,0,1.8,87677,3.33
1848,59.1,0,2.07,64846,3
1849,54.5,0,1.42,85346,3.31
1850,66.1,0,1.79,105246,3.46
1851,51.4,0,0.81,67622,2.95
1852,77.4,1,3.06,95833,3.35
1853,63.7,0,1.7,59175,3.19
1854,54.8,0,1.01,68598,2.98
1855,60.5,0,1.3,90118,3.09
1856,72.4,1,2.67,96514,3.7
1857,62.1,0,1.6,51137,3.26
1858,64,0,1.32,81080,3.21
1859,71,1,2.24,74317,3.37
1860,74.3,1,2.78,91986,3.39
1861,60.9,0,1.4,58248,3.17
1862,70.2,1,1.85,72365,3.96
1863,64.6,0,1.6,86173,3.65
1864,67.2,0,1.81,74599,2.8
1865,68.1,0,1.95,62837,2.97
1866,69.8,0,2,80790,3.26
1867,67.1,0,2.5,96870,3.34
1868,61.2,0,1.77,74553,3.09
1869,68.4,0,1.58,94531,3.91
1870,66.9,0,2.78,82175,3.08
1871,69.1,0,2.46,88123,2.94
1872,62,0,2.14,100170,3.11
1873,68,0,2.06,94740,3.02
1874,61.9,0,1.4,78208,3.72
1875,67.2,0,1.97,69123,3.55
1876,56.4,0,1.88,87121,3.28
1877,84,1,3.48,100597,3.98
1878,66.5,0,2.26,89801,3.24
1879,63.9,0,2.05,70886,2.69
1880,52.5,0,1.26,83985,2.83
1881,64.1,0,1.7,96085,2.62
1882,67.2,0,1.84,73647,3.94
1883,67.8,0,1.75,104439,3.73
1884,64.1,0,1.86,88865,3.4
1885,63.7,0,1.54,74192,3.81
1886,69.1,0,2.23,78552,3.67
1887,73.7,1,2.39,86603,4
1888,58.6,0,1.83,91564,2.79
1889,62.9,0,1.86,88102,2.78
1890,55.1,0,1.37,100401,2.91
1891,60.2,0,1.79,88163,2.98
1892,53.3,0,1.09,56382,2.35
1893,58.4,0,1.82,64929,3.92
1894,75.6,1,2.47,112473,3.35
1895,73.9,1,2.96,94541,3.11
1896,60,0,1.65,101418,2.96
1897,67.2,0,1.42,89415,3.24
1898,67.2,0,2,74927,3.5
1899,86.1,1,3.86,84713,3.26
1900,52.5,0,0.37,73355,2.48
1901,62,0,1.35,63432,3.78
1902,67.4,0,2.1,98792,3.94
1903,57.2,0,1.32,65714,3.2
1904,64.7,0,2.36,99584,3.6
1905,55.3,0,1.26,100915,3.22
1906,63.2,0,1.11,91307,3.23
1907,74.9,1,2.35,80423,3.87
1908,64.9,0,2.22,41265,3.51
1909,65.7,0,1.86,81337,3.79
1910,64.1,0,1.98,90056,3.42
1911,55.5,0,1.44,92128,2.91
1912,42,0,0,90663,2.71
1913,68.4,0,1.81,104515,3.69
1914,55.5,0,0.75,96019,3.05
1915,38.4,0,0,73882,2.59
1916,63.1,0,2.13,100115,3.46
1917,54.2,0,1.05,64598,3.23
1918,65.2,0,1.98,84113,3.44
1919,61.6,0,2.08,87301,2.88
1920,66,0,1.41,91228,3.23
1921,74.9,1,2.37,84397,3.43
1922,55,0,1.17,91119,2.78
1923,71.9,1,2.61,88915,3.37
1924,63.7,0,1.9,72354,2.51
1925,58.7,0,1.39,106716,3.35
1926,58.4,0,1.16,73339,3.12
1927,59.8,0,1.56,76226,2.86
1928,58.7,0,1.73,91581,3.53
1929,51.9,0,0.84,73176,2.97
1930,59.1,0,1.6,69684,3.24
1931,69.7,0,2.14,116966,3.78
1932,61.6,0,1.45,92317,3.49
1933,57.4,0,1.41,67042,2.69
1934,69.5,0,2,77372,3.31
1935,55.9,0,0.68,82503,3.34
1936,57.9,0,1.56,84723,3.09
1937,67.5,0,1.73,74448,3.97
1938,59.8,0,1.13,84406,2.65
1939,65.8,0,1.98,57956,3.16
1940,53.6,0,0.92,72111,2.4
1941,58.6,0,1.43,65982,3.83
1942,74.8,1,2.75,80498,3.03
1943,63.6,0,2.59,89045,3.25
1944,73.3,1,2.48,110237,3.3
1945,54.6,0,0.85,82759,3.16
1946,55.3,0,1.39,84491,2.85
1947,64.2,0,2.26,72357,3.04
1948,73.7,1,2.79,98052,2.82
1949,56.3,0,1.03,86968,3.09
1950,59.4,0,1.21,91831,3.4
1951,73.2,1,2.49,66495,3.82
1952,69.9,0,1.44,81003,3.4
1953,63,0,2.38,74132,3.62
1954,63.8,0,1.52,55426,3.35
1955,72.3,1,2.54,85639,3.94
1956,83.3,1,2.99,79899,3.79
1957,65.9,0,1.39,69961,3.6
1958,70.2,1,2.49,79078,3.67
1959,66.4,0,2.05,84266,2.88
1960,70,1,1.96,66596,3.22
1961,70.8,1,2.68,93308,3.67
1962,66.1,0,1.9,81436,3.53
1963,68.8,0,2.12,108541,3.65
1964,70.2,1,2.18,87316,3.55
1965,78.5,1,3.11,60001,3.44
1966,76.4,1,2.81,90741,4
1967,48.3,0,0.05,67651,3.82
1968,59.1,0,1.82,52566,3.43
1969,90.3,1,3.65,108557,3.43
1970,73.3,1,1.98,80448,3.88
1971,46.5,0,0.02,49052,3.5
1972,68.1,0,2.08,89193,3.59
1973,62.8,0,1.79,88866,3.79
1974,79.1,1,2.84,83062,3.95
1975,59.1,0,1.74,95087,3.07
1976,60.9,0,1.22,74728,3.3
1977,80.6,1,2.84,84099,3.85
1978,58.4,0,0.97,86248,2.84
1979,59.6,0,1.78,87866,2.65
1980,54,0,1.04,111828,2.98
1981,55.8,0,1.03,68763,3
1982,51.8,0,0.75,79022,2.92
1983,69.5,0,2.2,92573,3.49
1984,60.2,0,1.36,61643,3.33
1985,75.3,1,2.76,58903,3.39
1986,60.9,0,1.41,72794,3.39
1987,65.4,0,2.19,118335,3.39
1988,57.7,0,1.09,70839,3.13
1989,69.6,0,2.14,86268,3.71
1990,80.8,1,3.39,105191,4
1991,67.7,0,1.55,86148,3.1
1992,73,1,2.69,99759,3.09
1993,64.6,0,1.35,72491,3.58
1994,65,0,1.79,90641,3.16
1995,57,0,1.13,59978,3.17
1996,55.4,0,1.11,90678,3.07
1997,49.1,0,0.76,61094,3.41
1998,55.8,0,1.39,86352,2.8
1999,71.2,1,2.42,95184,3.88
2000,70.2,1,1.9,78066,3.96
