"unit","time","cohort","treat_post","outcome"
1,1,2,0,5.56156578075341
13,1,2,0,3.35624529148812
24,1,2,0,2.39804044542405
35,1,2,0,4.36493106288912
46,1,2,0,5.5740538025254
57,1,2,0,1.58145852380767
68,1,2,0,3.0744353646437
79,1,2,0,3.402041441936
90,1,2,0,4.2256080775333
2,1,2,0,3.16010882254678
4,1,2,0,3.70828048538826
5,1,2,0,3.29822661725558
6,1,2,0,5.91213049014175
7,1,2,0,4.13186860307614
8,1,2,0,4.83075617115575
9,1,2,0,4.59720675641839
10,1,2,0,4.49902741186871
11,1,2,0,7.70294697102251
12,1,2,0,4.79660015528782
14,1,2,0,2.67270205927853
15,1,2,0,3.23553998658213
16,1,2,0,6.77743977239139
17,1,2,0,6.77928875469472
18,1,2,0,4.35501124010173
19,1,2,0,3.82292348642752
20,1,2,0,2.96712744435008
21,1,2,0,4.86716687012526
22,1,2,0,4.67443960406086
23,1,2,0,3.87754346535583
25,1,2,0,5.02987453515168
26,1,2,0,2.79704339405142
27,1,2,0,3.6388745701951
28,1,2,0,4.01082802855858
29,1,2,0,4.10179239367025
30,1,2,0,3.7554626991425
31,1,2,0,6.51021100421049
32,1,2,0,4.94873109466905
33,1,2,0,5.86173324645019
34,1,2,0,2.55703227723111
36,1,2,0,4.50899958519873
37,1,2,0,2.46819462282264
38,1,2,0,4.11386881015818
39,1,2,0,4.88400313027612
40,1,2,0,3.0254021884876
41,1,2,0,5.79329781801254
42,1,2,0,3.60987063255174
43,1,2,0,6.4505481315633
44,1,2,0,5.58028331788747
45,1,2,0,4.12982313488462
47,1,2,0,6.27242874732346
48,1,2,0,2.8614193483057
49,1,2,0,6.25345199796027
50,1,2,0,4.63251697951203
51,1,2,0,2.51340058201799
52,1,2,0,3.66196667000914
53,1,2,0,5.59412638799872
54,1,2,0,5.78199430583055
55,1,2,0,5.58963097404101
56,1,2,0,2.71526042866401
58,1,2,0,3.87239172452377
59,1,2,0,2.60283638830876
60,1,2,0,5.57709718834082
61,1,2,0,5.31626174173671
62,1,2,0,7.17130888872404
63,1,2,0,1.02386633040664
64,1,2,0,5.26555757033865
65,1,2,0,3.21687659786473
66,1,2,0,4.43309836078216
67,1,2,0,4.22331376258793
69,1,2,0,4.80084636692105
70,1,2,0,4.4030963304514
71,1,2,0,3.80530905852965
72,1,2,0,2.53117123753704
73,1,2,0,5.3846999136882
74,1,2,0,2.69508993867198
75,1,2,0,4.99402138966753
76,1,2,0,4.58533645818788
77,1,2,0,4.17724207504959
78,1,2,0,3.68944927290714
80,1,2,0,4.89702909644755
81,1,2,0,5.41454763595168
82,1,2,0,5.20810893598102
83,1,2,0,4.73492228654352
84,1,2,0,3.6988962340491
85,1,2,0,3.91972060451181
86,1,2,0,2.94461298571335
87,1,2,0,3.21512656553103
88,1,2,0,4.11596480410806
89,1,2,0,4.35288244060329
91,1,2,0,5.10460648329859
92,1,2,0,4.62391630935243
93,1,2,0,4.78556633790109
94,1,2,0,3.97958647465327
95,1,2,0,7.28329830466295
96,1,2,0,4.61519976607171
97,1,2,0,2.31175723148832
98,1,2,0,4.61261047918518
99,1,2,0,3.39749877240028
100,1,2,0,4.30075688451945
3,1,2,0,5.1684224259699
1,2,2,1,6.88912004801399
13,2,2,1,5.4950036229206
24,2,2,1,4.95074956463612
35,2,2,1,5.25829828588903
46,2,2,1,5.72224583276396
57,2,2,1,4.13802558065368
68,2,2,1,5.02626094852299
79,2,2,1,5.52388178218544
90,2,2,1,4.66245841533136
2,2,2,1,3.76240980104977
4,2,2,1,5.39686116550747
5,2,2,1,5.80531542972622
6,2,2,1,6.03102595361654
7,2,2,1,5.02335999558622
8,2,2,1,5.46013159342558
9,2,2,1,5.59820980140449
10,2,2,1,5.71369638285259
11,2,2,1,7.55781582133858
12,2,2,1,5.53927438649419
14,2,2,1,5.06030081413277
15,2,2,1,5.11028665576543
16,2,2,1,8.58688487106344
17,2,2,1,6.08067045822317
18,2,2,1,5.11970130775453
19,2,2,1,6.51534547805872
20,2,2,1,4.75022324716796
21,2,2,1,8.55270864544668
22,2,2,1,3.72497775174255
23,2,2,1,4.68693297490552
25,2,2,1,5.29398529761283
26,2,2,1,5.62115832875008
27,2,2,1,4.91212737783405
28,2,2,1,6.02353880738808
29,2,2,1,4.73211942588935
30,2,2,1,4.36366939878673
31,2,2,1,7.48734369605103
32,2,2,1,5.44101342688558
33,2,2,1,7.0991052041659
34,2,2,1,4.66062366549738
36,2,2,1,4.8000496526752
37,2,2,1,6.21178364100675
38,2,2,1,4.69282107988116
39,2,2,1,6.02590616019845
40,2,2,1,4.74756988155456
41,2,2,1,7.07005916068897
42,2,2,1,4.63333460384009
43,2,2,1,6.27396769587413
44,2,2,1,7.13375853160372
45,2,2,1,5.49085495263918
47,2,2,1,5.88831626573008
48,2,2,1,4.7364113848022
49,2,2,1,6.96923289505148
50,2,2,1,6.97328109372594
51,2,2,1,3.48289018344181
52,2,2,1,4.66835833566778
53,2,2,1,6.0844523067493
54,2,2,1,6.14408075315612
55,2,2,1,5.84351502256017
56,2,2,1,5.62833205056948
58,2,2,1,5.5749602251681
59,2,2,1,4.76436500508785
60,2,2,1,6.00118405004539
61,2,2,1,6.41471353518021
62,2,2,1,9.41911114235151
63,2,2,1,3.52623235753643
64,2,2,1,5.52906996337432
65,2,2,1,4.59666656604116
66,2,2,1,6.2194349837089
67,2,2,1,6.53325395328396
69,2,2,1,5.55519496785539
70,2,2,1,5.9559104684183
71,2,2,1,5.22107529443547
72,2,2,1,2.5060307690884
73,2,2,1,6.63108110207003
74,2,2,1,5.97134361530379
75,2,2,1,5.9313018092649
76,2,2,1,5.96944674697897
77,2,2,1,4.72129260276245
78,2,2,1,4.41272914082425
80,2,2,1,4.64744044731169
81,2,2,1,7.84424875671854
82,2,2,1,5.1968136300871
83,2,2,1,6.55516075903499
84,2,2,1,5.29843492642313
85,2,2,1,4.6005180474648
86,2,2,1,4.52064511723532
87,2,2,1,4.57150312539123
88,2,2,1,6.13616558887679
89,2,2,1,4.66176516539664
91,2,2,1,6.08800251414443
92,2,2,1,6.59937139468519
93,2,2,1,6.91122493993057
94,2,2,1,6.67788838805831
95,2,2,1,7.96875015299689
96,2,2,1,5.86828500698042
97,2,2,1,4.87006277791733
98,2,2,1,5.37122455326585
99,2,2,1,6.88071735129069
100,2,2,1,5.88395411084503
3,2,2,1,6.58381885897884
1,3,2,1,8.44786863569453
13,3,2,1,4.79768024642618
24,3,2,1,4.68721689264167
35,3,2,1,7.38805321639692
46,3,2,1,7.95337810643146
57,3,2,1,5.39687660851481
68,3,2,1,5.62107720871733
79,3,2,1,3.93004154512123
90,3,2,1,6.09564918491715
2,3,2,1,6.20036587264553
4,3,2,1,5.2216915877344
5,3,2,1,6.49530509600174
6,3,2,1,7.34029554824773
7,3,2,1,6.23888896066357
8,3,2,1,7.1439586856054
9,3,2,1,6.34875083805176
10,3,2,1,6.40178510669236
11,3,2,1,7.89875659058372
12,3,2,1,7.76930527958655
14,3,2,1,5.50953507257773
15,3,2,1,5.61716600309222
16,3,2,1,9.92969262055925
17,3,2,1,6.45082691997519
18,3,2,1,5.11882670863889
19,3,2,1,5.6053609234481
20,3,2,1,5.59412425156818
21,3,2,1,6.11390658834133
22,3,2,1,6.2249628921353
23,3,2,1,6.59081288333329
25,3,2,1,5.42458548628306
26,3,2,1,5.24129522117678
27,3,2,1,4.37662777989127
28,3,2,1,5.34618079576234
29,3,2,1,6.44791057655661
30,3,2,1,5.1148900333429
31,3,2,1,7.76948284992866
32,3,2,1,5.4008902979523
33,3,2,1,7.96292179156123
34,3,2,1,6.42961906179728
36,3,2,1,5.07159256059365
37,3,2,1,5.38127911688124
38,3,2,1,6.38096148018678
39,3,2,1,6.55522227070673
40,3,2,1,3.75550440401731
41,3,2,1,8.11185625171939
42,3,2,1,4.42023598977873
43,3,2,1,7.31721163125818
44,3,2,1,7.24080045433352
45,3,2,1,7.41749737435706
47,3,2,1,7.12474311788801
48,3,2,1,6.39044256442902
49,3,2,1,8.09016810576093
50,3,2,1,7.34098628440606
51,3,2,1,5.33841143626412
52,3,2,1,6.50306432453914
53,3,2,1,7.00032631924219
54,3,2,1,6.10090483100317
55,3,2,1,6.62236207643388
56,3,2,1,6.38553318118445
58,3,2,1,5.57116494667499
59,3,2,1,6.01325998063611
60,3,2,1,7.20455796365776
61,3,2,1,7.06880795197429
62,3,2,1,9.25705299211013
63,3,2,1,5.03074450356522
64,3,2,1,6.39818254752232
65,3,2,1,7.18565170568486
66,3,2,1,4.94611539029273
67,3,2,1,7.07227995867483
69,3,2,1,8.09510859228107
70,3,2,1,6.19061978956657
71,3,2,1,4.28414262916268
72,3,2,1,3.65495689331263
73,3,2,1,7.46277726109547
74,3,2,1,4.97832065491121
75,3,2,1,5.55250854864838
76,3,2,1,6.96983199455295
77,3,2,1,6.9525074206147
78,3,2,1,5.45420049765705
80,3,2,1,6.73813165433211
81,3,2,1,7.50558321144888
82,3,2,1,6.13131263503923
83,3,2,1,8.19210786168661
84,3,2,1,6.2581171003577
85,3,2,1,6.28240810215752
86,3,2,1,4.74530962550375
87,3,2,1,6.80609585520042
88,3,2,1,7.90071482363693
89,3,2,1,6.53941316730539
91,3,2,1,7.23207340022957
92,3,2,1,6.2562486718436
93,3,2,1,7.04747025575789
94,3,2,1,5.06144732089473
95,3,2,1,6.72084640865252
96,3,2,1,5.50582642223527
97,3,2,1,4.26041356206102
98,3,2,1,6.26788367029755
99,3,2,1,7.24600340145935
100,3,2,1,6.24222421105083
3,3,2,1,7.99583295091697
1,4,2,1,9.1833986372709
13,4,2,1,7.27193333451094
24,4,2,1,6.346721984227
35,4,2,1,8.21875165324771
46,4,2,1,8.79690274682618
57,4,2,1,5.57097914765653
68,4,2,1,6.28875275640868
79,4,2,1,6.45441708652019
90,4,2,1,7.00858857872804
2,4,2,1,6.57837265301573
4,4,2,1,6.51631710328844
5,4,2,1,6.62394518553541
6,4,2,1,9.19522931716405
7,4,2,1,6.40533257533094
8,4,2,1,8.96560922960981
9,4,2,1,7.29534276733956
10,4,2,1,7.64581615284276
11,4,2,1,8.71645047877313
12,4,2,1,8.2657713030337
14,4,2,1,5.90628408525585
15,4,2,1,7.60984889664869
16,4,2,1,9.07789749528406
17,4,2,1,8.03878447407795
18,4,2,1,7.78357939500288
19,4,2,1,7.21518222459402
20,4,2,1,5.08250548187871
21,4,2,1,9.25823067290218
22,4,2,1,5.92453693761693
23,4,2,1,6.35579634802002
25,4,2,1,7.61962637392808
26,4,2,1,6.50210281204165
27,4,2,1,6.04519418398191
28,4,2,1,6.74665163770333
29,4,2,1,6.31696314134373
30,4,2,1,5.61013321122503
31,4,2,1,8.06459004780733
32,4,2,1,7.11493937853299
33,4,2,1,8.54347143652073
34,4,2,1,6.3489466738002
36,4,2,1,7.65158429903879
37,4,2,1,6.02123484264642
38,4,2,1,7.02274573142937
39,4,2,1,6.97577022827106
40,4,2,1,7.33843523084811
41,4,2,1,10.45821177253
42,4,2,1,5.00448324294522
43,4,2,1,8.17625827647289
44,4,2,1,9.21778809775883
45,4,2,1,7.21724715325499
47,4,2,1,6.93971986612162
48,4,2,1,7.56602463108222
49,4,2,1,8.74383705077989
50,4,2,1,6.10019514105614
51,4,2,1,5.81859950188235
52,4,2,1,7.82065998451636
53,4,2,1,7.35762820054494
54,4,2,1,7.10937588716658
55,4,2,1,6.85720940182511
56,4,2,1,6.86217255224042
58,4,2,1,7.27090861639828
59,4,2,1,7.25645642435466
60,4,2,1,8.55162631706002
61,4,2,1,8.56374562324863
62,4,2,1,9.80244272038703
63,4,2,1,7.02046306742463
64,4,2,1,4.99946861146421
65,4,2,1,7.26985971090032
66,4,2,1,7.09866201148836
67,4,2,1,8.87956945681609
69,4,2,1,8.47279742866238
70,4,2,1,7.697751761533
71,4,2,1,5.33890810193484
72,4,2,1,4.65466949133948
73,4,2,1,7.3942678883954
74,4,2,1,6.934104009146
75,4,2,1,7.2751632340449
76,4,2,1,8.70704813528975
77,4,2,1,5.47272716731844
78,4,2,1,6.76071321451154
80,4,2,1,6.54757020218844
81,4,2,1,8.60858760887136
82,4,2,1,8.43429454143672
83,4,2,1,8.9229978791369
84,4,2,1,7.23482891791332
85,4,2,1,6.62541172902011
86,4,2,1,5.95203085165158
87,4,2,1,5.99688379394219
88,4,2,1,7.89160825064052
89,4,2,1,8.55412767199275
91,4,2,1,8.48194858266353
92,4,2,1,6.96903104883717
93,4,2,1,8.751061304297
94,4,2,1,7.01428394494216
95,4,2,1,8.45412013523181
96,4,2,1,6.80752116963834
97,4,2,1,7.48241142171296
98,4,2,1,5.48192581634477
99,4,2,1,7.43000203273724
100,4,2,1,6.92940849494492
3,4,2,1,9.78743723960615
1,5,2,1,8.31255769687225
13,5,2,1,7.00647953448375
24,5,2,1,7.18899260052133
35,5,2,1,8.23859549899538
46,5,2,1,8.54497294913486
57,5,2,1,6.16038697512767
68,5,2,1,8.16403752911012
79,5,2,1,7.38097428371924
90,5,2,1,6.45732065452972
2,5,2,1,7.53828094074325
4,5,2,1,8.67084947132368
5,5,2,1,6.12419689920524
6,5,2,1,8.56805248272941
7,5,2,1,7.4617762303352
8,5,2,1,9.4011917813439
9,5,2,1,7.76994847918863
10,5,2,1,8.39085002335864
11,5,2,1,10.397010245801
12,5,2,1,8.23113845570935
14,5,2,1,8.40837163761375
15,5,2,1,7.54914169317162
16,5,2,1,9.71864121578819
17,5,2,1,7.82740282431543
18,5,2,1,6.9947811014424
19,5,2,1,8.13744923581498
20,5,2,1,6.70026192999243
21,5,2,1,8.90496272432598
22,5,2,1,6.18943813247694
23,5,2,1,7.33410048127412
25,5,2,1,7.73955880866187
26,5,2,1,6.24322831267185
27,5,2,1,6.77678370485154
28,5,2,1,8.83512942301718
29,5,2,1,8.33630063979737
30,5,2,1,5.065603413059
31,5,2,1,9.35193757773172
32,5,2,1,9.7219026771383
33,5,2,1,10.2635336275049
34,5,2,1,6.48983015791982
36,5,2,1,6.1533102654002
37,5,2,1,7.64710312565803
38,5,2,1,8.69567622761236
39,5,2,1,7.58713404012627
40,5,2,1,6.25438324571164
41,5,2,1,9.95393019298218
42,5,2,1,6.74408017737374
43,5,2,1,8.03099643835606
44,5,2,1,8.30576827643546
45,5,2,1,8.12473025744768
47,5,2,1,9.84016208547674
48,5,2,1,7.06824677546989
49,5,2,1,8.50543003259334
50,5,2,1,8.40130598442222
51,5,2,1,6.46287297771251
52,5,2,1,8.28599684933805
53,5,2,1,7.76478235178256
54,5,2,1,8.32524775432738
55,5,2,1,5.73619666075602
56,5,2,1,9.07373972323632
58,5,2,1,8.38878508216905
59,5,2,1,7.0316414026133
60,5,2,1,9.56803368699986
61,5,2,1,7.90134466858191
62,5,2,1,9.65099864518512
63,5,2,1,7.64742878693217
64,5,2,1,6.98862210264402
65,5,2,1,6.91866530686958
66,5,2,1,8.69248876608244
67,5,2,1,8.21688910441391
69,5,2,1,8.8805396611701
70,5,2,1,6.90508273838785
71,5,2,1,7.10363607136845
72,5,2,1,4.86253026697546
73,5,2,1,7.72828158983905
74,5,2,1,5.89938571493004
75,5,2,1,7.59622198919023
76,5,2,1,9.30225883188718
77,5,2,1,5.89935755730584
78,5,2,1,7.50688871830193
80,5,2,1,6.6377455294704
81,5,2,1,9.0596655377247
82,5,2,1,7.43545761963433
83,5,2,1,9.70341027482076
84,5,2,1,6.29984803211017
85,5,2,1,7.21638269268644
86,5,2,1,7.16887788248413
87,5,2,1,6.89552494608011
88,5,2,1,8.50878914332194
89,5,2,1,8.49805519632317
91,5,2,1,9.11919711658847
92,5,2,1,7.51161026699528
93,5,2,1,8.65396394774612
94,5,2,1,7.02275035051523
95,5,2,1,9.78585941148563
96,5,2,1,7.3502041946767
97,5,2,1,7.44408074954665
98,5,2,1,7.92882851762268
99,5,2,1,8.90646084910008
100,5,2,1,8.44765014271423
3,5,2,1,8.34009069800094
1,6,2,1,9.54835304703037
13,6,2,1,7.44251875029987
24,6,2,1,8.31491808757544
35,6,2,1,8.88978448041213
46,6,2,1,10.8480131300135
57,6,2,1,7.66554830249874
68,6,2,1,8.01269554500064
79,6,2,1,8.63067852261685
90,6,2,1,8.58147861937555
2,6,2,1,6.75329696430916
4,6,2,1,7.94551149292189
5,6,2,1,6.83848280433346
6,6,2,1,9.97646029292452
7,6,2,1,9.56481518225809
8,6,2,1,9.03227392352668
9,6,2,1,8.72549570768968
10,6,2,1,7.87279832934594
11,6,2,1,9.90166220010597
12,6,2,1,8.78079205012938
14,6,2,1,8.24977658004798
15,6,2,1,8.48388497903603
16,6,2,1,9.12997376167927
17,6,2,1,10.5526747326997
18,6,2,1,8.60969556844277
19,6,2,1,8.55145542311337
20,6,2,1,7.60631111123104
21,6,2,1,8.26469896466282
22,6,2,1,7.10645384335572
23,6,2,1,7.5156134315462
25,6,2,1,8.32206812133668
26,6,2,1,7.62299727126485
27,6,2,1,7.52547206755242
28,6,2,1,9.18901621009717
29,6,2,1,8.36603352783846
30,6,2,1,7.17046043822477
31,6,2,1,9.9835655965329
32,6,2,1,8.07100202167035
33,6,2,1,10.2496454223259
34,6,2,1,8.27915703725241
36,6,2,1,8.62795391127311
37,6,2,1,9.32982639984883
38,6,2,1,8.64305676831283
39,6,2,1,9.29757294270737
40,6,2,1,7.581566365595
41,6,2,1,10.1650239468165
42,6,2,1,7.93919608960064
43,6,2,1,10.7087063802976
44,6,2,1,9.75170596430926
45,6,2,1,8.71332478789019
47,6,2,1,9.04607658335852
48,6,2,1,8.83862509407051
49,6,2,1,8.70677644206616
50,6,2,1,10.9163648718548
51,6,2,1,8.10580099946008
52,6,2,1,8.32844426361149
53,6,2,1,8.94167356982611
54,6,2,1,9.00694896307167
55,6,2,1,8.60551163258086
56,6,2,1,9.81234416274667
58,6,2,1,7.53058979325418
59,6,2,1,6.40956205858762
60,6,2,1,9.86392934368638
61,6,2,1,8.08074234832011
62,6,2,1,11.296012010222
63,6,2,1,7.74674168608717
64,6,2,1,8.91376585891816
65,6,2,1,8.03669696175711
66,6,2,1,10.7325289972983
67,6,2,1,9.5381967659569
69,6,2,1,10.1346983432339
70,6,2,1,9.39598365650161
71,6,2,1,7.29591958492378
72,6,2,1,6.62558766890216
73,6,2,1,9.56858767486542
74,6,2,1,9.22986682525326
75,6,2,1,9.42848128385315
76,6,2,1,10.4547520661978
77,6,2,1,8.98863748692397
78,6,2,1,9.57047246437168
80,6,2,1,9.01950312917927
81,6,2,1,9.77469783780412
82,6,2,1,6.73570029953406
83,6,2,1,10.0311018487843
84,6,2,1,7.5895623320831
85,6,2,1,8.565225527529
86,6,2,1,6.16650518901219
87,6,2,1,7.03197726384358
88,6,2,1,10.0094480443352
89,6,2,1,9.77081170622689
91,6,2,1,11.3064332525097
92,6,2,1,9.11279216439727
93,6,2,1,9.28010354072226
94,6,2,1,7.86072089533957
95,6,2,1,10.9217416182413
96,6,2,1,8.67360682086337
97,6,2,1,7.71602665564074
98,6,2,1,7.75247336754033
99,6,2,1,7.99506677910646
100,6,2,1,10.1085582230178
3,6,2,1,9.35945866189624
1,7,2,1,11.6195098941476
13,7,2,1,8.79250926216588
24,7,2,1,9.48676404218005
35,7,2,1,9.78533118625874
46,7,2,1,9.95364414414963
57,7,2,1,6.1477517605587
68,7,2,1,9.43998799436615
79,7,2,1,7.98124026039337
90,7,2,1,9.37644849453206
2,7,2,1,8.75590263880773
4,7,2,1,9.06136880162252
5,7,2,1,8.50270963807277
6,7,2,1,10.5821042457764
7,7,2,1,9.00062801798861
8,7,2,1,11.4323471843411
9,7,2,1,10.275148078162
10,7,2,1,8.25155432175008
11,7,2,1,11.0936464880456
12,7,2,1,10.838001800415
14,7,2,1,8.65626020609575
15,7,2,1,9.19984787899281
16,7,2,1,11.2085279164678
17,7,2,1,10.49563227565
18,7,2,1,10.3399443170002
19,7,2,1,9.90871338890056
20,7,2,1,9.05332195115512
21,7,2,1,10.1603993992775
22,7,2,1,8.88899385805778
23,7,2,1,8.17438445117806
25,7,2,1,10.6599315075505
26,7,2,1,9.56753494920847
27,7,2,1,7.98255486986715
28,7,2,1,9.42541567967197
29,7,2,1,9.47888540562664
30,7,2,1,7.80317542780108
31,7,2,1,10.1188185646392
32,7,2,1,9.02931966277109
33,7,2,1,11.3584116360197
34,7,2,1,9.52920941979413
36,7,2,1,8.34836183576963
37,7,2,1,9.03324417918628
38,7,2,1,8.64539390649237
39,7,2,1,11.033044460018
40,7,2,1,7.13821277073081
41,7,2,1,12.1656946047335
42,7,2,1,9.90896906950209
43,7,2,1,9.34288368848285
44,7,2,1,11.95867924814
45,7,2,1,8.55576504480853
47,7,2,1,9.82438016187693
48,7,2,1,9.03863870713094
49,7,2,1,11.6223417140607
50,7,2,1,10.4083964584059
51,7,2,1,6.80879449481329
52,7,2,1,9.41672059842072
53,7,2,1,9.55538546758718
54,7,2,1,9.50645842118968
55,7,2,1,9.17713020302093
56,7,2,1,9.80051218040746
58,7,2,1,9.21703150743469
59,7,2,1,7.22672822387809
60,7,2,1,9.38224824849967
61,7,2,1,11.2924074619362
62,7,2,1,11.5071699532014
63,7,2,1,7.83710264022991
64,7,2,1,7.32202632270491
65,7,2,1,7.82488901984434
66,7,2,1,9.51526199998595
67,7,2,1,9.46437306320157
69,7,2,1,9.70524379773124
70,7,2,1,10.3312515662202
71,7,2,1,8.91158162130349
72,7,2,1,8.08426488177191
73,7,2,1,10.3552425527685
74,7,2,1,8.82207494398523
75,7,2,1,9.26796432699901
76,7,2,1,9.98304366105183
77,7,2,1,8.20093232717116
78,7,2,1,10.7761368642284
80,7,2,1,9.02923960385323
81,7,2,1,11.323122052784
82,7,2,1,8.94913808955062
83,7,2,1,11.0528033781027
84,7,2,1,8.55833176884101
85,7,2,1,8.81773300863901
86,7,2,1,7.11577866240608
87,7,2,1,8.06955897672555
88,7,2,1,9.52860946739656
89,7,2,1,8.53942009170272
91,7,2,1,10.650166432929
92,7,2,1,9.9047935775131
93,7,2,1,10.6754853516267
94,7,2,1,9.01895188674475
95,7,2,1,9.82554910172488
96,7,2,1,10.7766486347688
97,7,2,1,7.8369687312862
98,7,2,1,9.91616015082531
99,7,2,1,10.3879417524052
100,7,2,1,10.4736178444331
3,7,2,1,10.6615873018278
1,8,2,1,10.3356302619165
13,8,2,1,10.0456032744219
24,8,2,1,10.759089225436
35,8,2,1,10.2454557197941
46,8,2,1,12.8361075000656
57,8,2,1,7.22144398026839
68,8,2,1,9.06863702952334
79,8,2,1,8.81558928064617
90,8,2,1,9.79683347414819
2,8,2,1,9.21775617110783
4,8,2,1,11.3112735644046
5,8,2,1,8.27631033964519
6,8,2,1,11.57542779215
7,8,2,1,10.2377222453499
8,8,2,1,11.7781100033148
9,8,2,1,10.1253670833658
10,8,2,1,10.5447981040445
11,8,2,1,12.9565010526744
12,8,2,1,12.142059136352
14,8,2,1,9.34457865361199
15,8,2,1,9.4110499616666
16,8,2,1,14.2439166197272
17,8,2,1,10.689675170497
18,8,2,1,10.0774191600664
19,8,2,1,10.3659160605091
20,8,2,1,9.0225208839859
21,8,2,1,12.2711090215517
22,8,2,1,8.82265629701203
23,8,2,1,9.42246224508419
25,8,2,1,9.51710897305705
26,8,2,1,8.76459323575574
27,8,2,1,9.57345979071371
28,8,2,1,10.0611454972841
29,8,2,1,9.30597696099331
30,8,2,1,9.42021576650093
31,8,2,1,11.7667829644751
32,8,2,1,11.0662769916609
33,8,2,1,11.5698594017859
34,8,2,1,9.94013906389236
36,8,2,1,11.7458558289885
37,8,2,1,8.9784839743584
38,8,2,1,10.9685626559209
39,8,2,1,10.6457630703865
40,8,2,1,9.7734521999291
41,8,2,1,12.8804956778082
42,8,2,1,9.08831656378022
43,8,2,1,13.1343020562482
44,8,2,1,11.0537986608227
45,8,2,1,10.693455029366
47,8,2,1,10.2704156237826
48,8,2,1,10.1817943283306
49,8,2,1,11.0186179900706
50,8,2,1,11.6493211571364
51,8,2,1,9.67447725367075
52,8,2,1,10.3198429130917
53,8,2,1,10.8629512663232
54,8,2,1,11.1921203814608
55,8,2,1,10.3654724278762
56,8,2,1,10.5102143800622
58,8,2,1,10.5944726617014
59,8,2,1,8.17843108518705
60,8,2,1,11.1465833617265
61,8,2,1,11.5357141319763
62,8,2,1,13.7093379911768
63,8,2,1,7.41059459694836
64,8,2,1,8.57834564813425
65,8,2,1,9.51617979623768
66,8,2,1,10.6368232752193
67,8,2,1,11.3729159809298
69,8,2,1,11.787972295332
70,8,2,1,10.2919155437565
71,8,2,1,9.51595306413048
72,8,2,1,8.65620647322162
73,8,2,1,11.5079494147438
74,8,2,1,9.53998432980412
75,8,2,1,9.92084499697803
76,8,2,1,11.9688464339619
77,8,2,1,8.71485070598194
78,8,2,1,10.6234182410118
80,8,2,1,10.0190615680429
81,8,2,1,11.1756188817938
82,8,2,1,10.1809185861519
83,8,2,1,10.2150110815106
84,8,2,1,8.12552512904163
85,8,2,1,10.1099054370915
86,8,2,1,8.4906197533745
87,8,2,1,10.4050274902106
88,8,2,1,10.8390179945078
89,8,2,1,10.0332292192127
91,8,2,1,11.6123865131515
92,8,2,1,10.5074794050928
93,8,2,1,12.5019875948014
94,8,2,1,10.278321498554
95,8,2,1,12.1692647793028
96,8,2,1,10.9396817858175
97,8,2,1,9.25241587487635
98,8,2,1,10.7133043961313
99,8,2,1,10.4478580763417
100,8,2,1,10.7412446194464
3,8,2,1,11.3484103508414
101,1,4,0,4.43747012961776
113,1,4,0,4.41677188387335
124,1,4,0,6.53771047580423
135,1,4,0,4.37685895113701
146,1,4,0,7.14460034939219
157,1,4,0,4.60886295617545
168,1,4,0,6.51374380319267
179,1,4,0,4.37203602215005
190,1,4,0,4.27960748526793
102,1,4,0,6.61471991259886
104,1,4,0,5.3074878676891
105,1,4,0,4.14116489836021
106,1,4,0,2.51313333027449
107,1,4,0,6.37224243940035
108,1,4,0,6.20249682823921
109,1,4,0,4.53305628640237
110,1,4,0,5.643635489572
111,1,4,0,3.70057065115648
112,1,4,0,6.02463272995412
114,1,4,0,6.12783026274359
115,1,4,0,6.5091284367825
116,1,4,0,4.57791534034309
117,1,4,0,4.56127723405734
118,1,4,0,5.78608097894943
119,1,4,0,7.23033095851972
120,1,4,0,6.26171943402073
121,1,4,0,3.47740459060267
122,1,4,0,6.05523875637413
123,1,4,0,4.07817475568403
125,1,4,0,6.06802464497538
126,1,4,0,5.56099552303846
127,1,4,0,8.73298334073274
128,1,4,0,6.59655563581796
129,1,4,0,5.81771544902239
130,1,4,0,4.21157615524312
131,1,4,0,6.6911967228384
132,1,4,0,4.95086238522758
133,1,4,0,5.0579153054723
134,1,4,0,5.42446652160013
136,1,4,0,4.87054863491343
137,1,4,0,5.59465901931708
138,1,4,0,5.51797395734302
139,1,4,0,7.07086726483307
140,1,4,0,5.69701242437727
141,1,4,0,6.21783600287706
142,1,4,0,4.60949416580709
143,1,4,0,6.42746278335641
144,1,4,0,7.14954766459247
145,1,4,0,3.29455021423163
147,1,4,0,4.73285320679852
148,1,4,0,5.75553443116165
149,1,4,0,3.75081523459606
150,1,4,0,5.02430419609786
151,1,4,0,7.27603466104886
152,1,4,0,5.21333423211743
153,1,4,0,4.53592838459999
154,1,4,0,5.68186942426941
155,1,4,0,7.73133942717352
156,1,4,0,4.35773722851263
158,1,4,0,5.58493705355544
159,1,4,0,5.08439068445792
160,1,4,0,5.54535466159836
161,1,4,0,4.56827211550657
162,1,4,0,4.76030413366316
163,1,4,0,4.88671136361187
164,1,4,0,4.6729998837148
165,1,4,0,3.48342850132274
166,1,4,0,5.5181159617186
167,1,4,0,7.03436919928574
169,1,4,0,3.25432313482788
170,1,4,0,4.54020780193023
171,1,4,0,5.48620561627782
172,1,4,0,4.53857701647468
173,1,4,0,4.46984100499776
174,1,4,0,7.58775594026614
175,1,4,0,5.99820560025011
176,1,4,0,4.29764099692259
177,1,4,0,5.15535190548487
178,1,4,0,6.22975089620421
180,1,4,0,4.79208030379375
181,1,4,0,7.56211299921338
182,1,4,0,6.20283088718877
183,1,4,0,6.22949119121016
184,1,4,0,3.44924985707951
185,1,4,0,4.72562973811981
186,1,4,0,3.58054311078872
187,1,4,0,7.72096508768068
188,1,4,0,5.87255270361226
189,1,4,0,5.59827255309921
191,1,4,0,4.77010779692339
192,1,4,0,5.04492416912322
193,1,4,0,5.75369700474451
194,1,4,0,2.88592649117675
195,1,4,0,4.77585239198823
196,1,4,0,3.98237927241768
197,1,4,0,7.46692431963096
198,1,4,0,5.84811607098575
199,1,4,0,5.54000086477307
200,1,4,0,4.50922757865925
103,1,4,0,6.81698495793748
101,2,4,0,5.03175202081191
113,2,4,0,5.95373180128739
124,2,4,0,7.16776839179841
135,2,4,0,5.47743481262619
146,2,4,0,5.97499902510992
157,2,4,0,5.50033664870374
168,2,4,0,6.28677944330158
179,2,4,0,3.78264462191325
190,2,4,0,4.84793842942949
102,2,4,0,6.34773410343968
104,2,4,0,5.39039119613441
105,2,4,0,5.09806091395781
106,2,4,0,4.47491676796402
107,2,4,0,7.422886677094
108,2,4,0,5.81296672378668
109,2,4,0,5.67848382268666
110,2,4,0,6.8543997924865
111,2,4,0,4.97652329523143
112,2,4,0,6.48601412900959
114,2,4,0,5.51256957535643
115,2,4,0,7.29176458901006
116,2,4,0,4.99016381294842
117,2,4,0,4.26695797232077
118,2,4,0,6.12867873402113
119,2,4,0,8.13834805975919
120,2,4,0,6.21483365537013
121,2,4,0,3.80007417060066
122,2,4,0,6.50925861511717
123,2,4,0,3.44631883093388
125,2,4,0,6.09279755256135
126,2,4,0,6.71091877930405
127,2,4,0,8.95257320129635
128,2,4,0,7.29839282639756
129,2,4,0,6.53463271853045
130,2,4,0,3.85409383916578
131,2,4,0,6.77023777838452
132,2,4,0,3.9623797879393
133,2,4,0,6.1344870431398
134,2,4,0,6.24335283906818
136,2,4,0,5.61661869520921
137,2,4,0,6.82413673839288
138,2,4,0,6.51299261065997
139,2,4,0,8.06185082980883
140,2,4,0,6.37548072067713
141,2,4,0,6.82151624943593
142,2,4,0,3.28163747683538
143,2,4,0,5.72407990282177
144,2,4,0,7.91814476802148
145,2,4,0,4.14257065868663
147,2,4,0,4.11513850613659
148,2,4,0,4.62763576993588
149,2,4,0,4.27295804044538
150,2,4,0,5.76103732065704
151,2,4,0,5.94545871229046
152,2,4,0,5.08237815966482
153,2,4,0,4.70850841185464
154,2,4,0,4.52056743012847
155,2,4,0,8.28629496167944
156,2,4,0,3.25458546776572
158,2,4,0,6.21725362876233
159,2,4,0,4.32750470190474
160,2,4,0,5.7738712988328
161,2,4,0,5.11065752166876
162,2,4,0,4.89955696425096
163,2,4,0,3.96015806152492
164,2,4,0,5.4422075001615
165,2,4,0,5.83171285707285
166,2,4,0,5.89930109403987
167,2,4,0,6.39408262798214
169,2,4,0,2.80211675266899
170,2,4,0,5.59904699623685
171,2,4,0,6.0473490193732
172,2,4,0,5.56262197885353
173,2,4,0,4.3148106247061
174,2,4,0,6.04715679050689
175,2,4,0,6.17281138830719
176,2,4,0,3.60002626853436
177,2,4,0,4.59213653247881
178,2,4,0,7.65701647539477
180,2,4,0,4.67611711646347
181,2,4,0,6.67278481485966
182,2,4,0,5.94863102594823
183,2,4,0,6.40616707514955
184,2,4,0,5.06584251628936
185,2,4,0,4.53310112502361
186,2,4,0,4.41830747633876
187,2,4,0,8.11928670975672
188,2,4,0,6.24247186381748
189,2,4,0,5.98941629625699
191,2,4,0,6.55109768992973
192,2,4,0,6.37011177148004
193,2,4,0,7.08608101146218
194,2,4,0,3.07222913952616
195,2,4,0,6.29757746831739
196,2,4,0,4.5381252564795
197,2,4,0,7.40052620397183
198,2,4,0,6.35680693326813
199,2,4,0,6.71801843241735
200,2,4,0,5.04800129999075
103,2,4,0,6.05784433304694
101,3,4,0,6.00614642817521
113,3,4,0,4.97452182073223
124,3,4,0,7.28579476302286
135,3,4,0,5.91058711351345
146,3,4,0,7.00975877960325
157,3,4,0,4.59987751076969
168,3,4,0,7.19254312196075
179,3,4,0,5.33821709852365
190,3,4,0,3.73164380119364
102,3,4,0,7.98323179832134
104,3,4,0,6.17726662772434
105,3,4,0,4.06438652017034
106,3,4,0,3.43203324390749
107,3,4,0,7.222144684125
108,3,4,0,5.63781106147517
109,3,4,0,5.22014856755495
110,3,4,0,6.26558434747592
111,3,4,0,4.73885812764995
112,3,4,0,6.14034819203185
114,3,4,0,5.33602353280692
115,3,4,0,7.4740423341251
116,3,4,0,4.80165226908562
117,3,4,0,4.83608274451147
118,3,4,0,6.52791149060164
119,3,4,0,6.49906363156709
120,3,4,0,4.74376701224645
121,3,4,0,4.1181077566738
122,3,4,0,7.90454510888194
123,3,4,0,4.09599569717594
125,3,4,0,7.64548192928529
126,3,4,0,7.33992019253822
127,3,4,0,9.21015103524412
128,3,4,0,8.28211462753273
129,3,4,0,5.90439083867857
130,3,4,0,4.4613511236593
131,3,4,0,7.74989123468327
132,3,4,0,5.60798811648081
133,3,4,0,4.57959293603577
134,3,4,0,5.4876682836988
136,3,4,0,6.21798929337681
137,3,4,0,6.71936159063383
138,3,4,0,6.41941961069246
139,3,4,0,5.40884949259743
140,3,4,0,6.35208858111928
141,3,4,0,7.29183973285116
142,3,4,0,5.95746429281201
143,3,4,0,7.05901491753241
144,3,4,0,8.3736042843057
145,3,4,0,3.44612331911423
147,3,4,0,5.0218301508811
148,3,4,0,6.35063386991934
149,3,4,0,4.54921688366874
150,3,4,0,5.96413256087269
151,3,4,0,6.33939722998696
152,3,4,0,6.36020393786131
153,3,4,0,4.60207610914502
154,3,4,0,5.77301071838911
155,3,4,0,7.95164802166637
156,3,4,0,5.14123475821293
158,3,4,0,6.6326545162323
159,3,4,0,5.78294394888133
160,3,4,0,7.06333162556864
161,3,4,0,5.1288626147629
162,3,4,0,5.2534931601558
163,3,4,0,4.25928861753032
164,3,4,0,7.00745753981503
165,3,4,0,5.00846894703451
166,3,4,0,5.24808265863041
167,3,4,0,6.60382546530245
169,3,4,0,3.29000830231583
170,3,4,0,4.56440668009247
171,3,4,0,5.03192458871874
172,3,4,0,6.16299513669238
173,3,4,0,5.67409813284167
174,3,4,0,6.47709729574039
175,3,4,0,7.30300633062937
176,3,4,0,3.7583521419606
177,3,4,0,4.7338707134318
178,3,4,0,6.78246099281453
180,3,4,0,5.4783421608596
181,3,4,0,9.24522087846858
182,3,4,0,5.870053035131
183,3,4,0,7.86485131906542
184,3,4,0,4.10795639558001
185,3,4,0,3.3853282998288
186,3,4,0,5.12746971531509
187,3,4,0,8.35517291531748
188,3,4,0,6.18823155490106
189,3,4,0,5.70417904278697
191,3,4,0,6.19815652739601
192,3,4,0,6.13156097655118
193,3,4,0,5.94238772481392
194,3,4,0,4.23073241948788
195,3,4,0,7.07332281593241
196,3,4,0,4.76364398935159
197,3,4,0,7.71678612287041
198,3,4,0,5.68540023477641
199,3,4,0,5.96424945627697
200,3,4,0,4.12559629460398
103,3,4,0,6.39375590843636
101,4,4,1,8.16471647989575
113,4,4,1,6.67842636648924
124,4,4,1,9.50405428639648
135,4,4,1,6.65580758722368
146,4,4,1,8.45761364167719
157,4,4,1,5.85253886427096
168,4,4,1,7.42818909560527
179,4,4,1,5.87110915624732
190,4,4,1,5.37745050352145
102,4,4,1,8.86778572921456
104,4,4,1,6.39910285405792
105,4,4,1,5.78760921857584
106,4,4,1,5.99681315597053
107,4,4,1,8.85797206295402
108,4,4,1,6.31432176883763
109,4,4,1,5.87315229738846
110,4,4,1,8.9819519461561
111,4,4,1,6.9503542066692
112,4,4,1,7.53512128210048
114,4,4,1,7.70912086200413
115,4,4,1,9.32513156145708
116,4,4,1,5.81558470387218
117,4,4,1,6.1439005428245
118,4,4,1,7.86253475100155
119,4,4,1,8.93283455403052
120,4,4,1,6.72063375337266
121,4,4,1,5.01765777884389
122,4,4,1,6.79615757885544
123,4,4,1,4.43234716467424
125,4,4,1,8.79837383859467
126,4,4,1,8.00788264106263
127,4,4,1,9.79700715485133
128,4,4,1,8.96384390193266
129,4,4,1,8.90410709306568
130,4,4,1,5.05414360967108
131,4,4,1,9.40184285755982
132,4,4,1,6.92918973299043
133,4,4,1,7.50391595384353
134,4,4,1,6.72869810435268
136,4,4,1,7.4799564900222
137,4,4,1,7.15937330029571
138,4,4,1,7.74533359328186
139,4,4,1,7.22101258208777
140,4,4,1,7.88049142576329
141,4,4,1,7.77777798832557
142,4,4,1,6.85591969409259
143,4,4,1,7.42530331649723
144,4,4,1,8.94010149315503
145,4,4,1,5.66654567515346
147,4,4,1,6.27433318212277
148,4,4,1,6.83812164416477
149,4,4,1,4.93182796850537
150,4,4,1,6.35465997420236
151,4,4,1,8.00311328262358
152,4,4,1,6.43023995411076
153,4,4,1,5.9929294323592
154,4,4,1,5.96639823592462
155,4,4,1,9.03801015844757
156,4,4,1,6.23915674166355
158,4,4,1,6.01148502350826
159,4,4,1,6.96959391616523
160,4,4,1,7.60280092633
161,4,4,1,6.79043745885636
162,4,4,1,7.30086498193728
163,4,4,1,6.90639112610789
164,4,4,1,8.69452955613113
165,4,4,1,7.73882654538723
166,4,4,1,6.28575211303676
167,4,4,1,9.39994371229716
169,4,4,1,5.29366164474175
170,4,4,1,6.0552503127866
171,4,4,1,9.02392077719596
172,4,4,1,6.90578085930437
173,4,4,1,7.16321132492915
174,4,4,1,7.7120000994811
175,4,4,1,7.59394160403154
176,4,4,1,7.0548865814392
177,4,4,1,6.66829741153348
178,4,4,1,8.57676841641382
180,4,4,1,7.60934862466972
181,4,4,1,9.34030810602903
182,4,4,1,6.88481806060704
183,4,4,1,7.50619656855233
184,4,4,1,6.17766100132888
185,4,4,1,6.02231883409825
186,4,4,1,5.98608587275029
187,4,4,1,9.9214039058679
188,4,4,1,7.32056052240285
189,4,4,1,7.93507797792058
191,4,4,1,6.23664970618622
192,4,4,1,7.35711537426736
193,4,4,1,8.34774494654878
194,4,4,1,4.41006849572719
195,4,4,1,7.16323798354815
196,4,4,1,4.80402524468175
197,4,4,1,7.7768741344387
198,4,4,1,6.76669456209555
199,4,4,1,8.48252279409006
200,4,4,1,5.91258428959755
103,4,4,1,8.45369032071533
101,5,4,1,7.61821873839395
113,5,4,1,8.64870129018219
124,5,4,1,10.1205128983855
135,5,4,1,7.17790694307486
146,5,4,1,9.33888051847735
157,5,4,1,6.89962544508501
168,5,4,1,8.55017959973785
179,5,4,1,4.50923932526866
190,5,4,1,6.87341088959367
102,5,4,1,9.07870729120947
104,5,4,1,7.20794846503283
105,5,4,1,8.38038295460269
106,5,4,1,7.4303592564004
107,5,4,1,10.8030256349615
108,5,4,1,7.51937011667323
109,5,4,1,7.81205564214298
110,5,4,1,7.94597332356087
111,5,4,1,6.0546632500415
112,5,4,1,7.64784794576157
114,5,4,1,7.76877656946084
115,5,4,1,10.8086737821275
116,5,4,1,6.76837690237363
117,5,4,1,7.99033906554447
118,5,4,1,8.29469262343068
119,5,4,1,9.91529178033215
120,5,4,1,7.81717930906299
121,5,4,1,6.41071755923998
122,5,4,1,9.0636912188259
123,5,4,1,4.88040496982095
125,5,4,1,10.473536771653
126,5,4,1,7.9182516834129
127,5,4,1,10.54559055948
128,5,4,1,9.01886666847395
129,5,4,1,8.54580954937762
130,5,4,1,6.68503028040518
131,5,4,1,9.19386373197602
132,5,4,1,7.98579323329877
133,5,4,1,7.3210857467567
134,5,4,1,8.16824612727743
136,5,4,1,6.9191357308532
137,5,4,1,8.62869260381868
138,5,4,1,9.7585968782565
139,5,4,1,9.60614320176284
140,5,4,1,8.21981628470963
141,5,4,1,9.04301743936682
142,5,4,1,7.45700535192951
143,5,4,1,9.10907591978013
144,5,4,1,9.95767411690242
145,5,4,1,6.88073794439213
147,5,4,1,6.98667208512192
148,5,4,1,7.44171252561727
149,5,4,1,6.35943366649728
150,5,4,1,7.68568165401802
151,5,4,1,8.5232177134615
152,5,4,1,8.49950382212243
153,5,4,1,7.79973838864887
154,5,4,1,8.32022333698542
155,5,4,1,10.2674604596124
156,5,4,1,7.22508659336973
158,5,4,1,7.32158218314914
159,5,4,1,8.0599277416875
160,5,4,1,7.18476762012679
161,5,4,1,7.40192086635898
162,5,4,1,5.54433025659985
163,5,4,1,7.53629298794395
164,5,4,1,7.7188585606874
165,5,4,1,7.83120762562326
166,5,4,1,6.80442587135501
167,5,4,1,8.88122531930866
169,5,4,1,5.57174124861586
170,5,4,1,6.51235916943594
171,5,4,1,8.40422972059102
172,5,4,1,8.47524545757315
173,5,4,1,7.79706073013237
174,5,4,1,8.95989079392749
175,5,4,1,10.6036240762428
176,5,4,1,7.08579654457166
177,5,4,1,5.89685101309755
178,5,4,1,9.70169733439739
180,5,4,1,7.97310132842921
181,5,4,1,9.08208400988012
182,5,4,1,8.81396607479248
183,5,4,1,8.94507439893027
184,5,4,1,5.54462014775712
185,5,4,1,7.31403806874146
186,5,4,1,7.84851815376059
187,5,4,1,10.3897445083237
188,5,4,1,9.13994918287111
189,5,4,1,8.21910540348166
191,5,4,1,8.64533967780602
192,5,4,1,7.31155452002011
193,5,4,1,9.40114926233718
194,5,4,1,5.92300610316733
195,5,4,1,8.43594165635794
196,5,4,1,5.60398123658912
197,5,4,1,9.52371800384622
198,5,4,1,7.71343928730352
199,5,4,1,10.1154391328706
200,5,4,1,6.57416624437995
103,5,4,1,8.27793353561132
101,6,4,1,8.9869876368266
113,6,4,1,7.83295825759873
124,6,4,1,10.6223920609122
135,6,4,1,8.79245678639234
146,6,4,1,10.0552746358396
157,6,4,1,8.14536467753411
168,6,4,1,9.18030956695035
179,6,4,1,7.15693524522186
190,6,4,1,7.55554538542868
102,6,4,1,11.5604362289345
104,6,4,1,7.04097915902365
105,6,4,1,7.0704844545258
106,6,4,1,5.8971541772437
107,6,4,1,9.76636919377464
108,6,4,1,9.33326239164529
109,6,4,1,9.47876012626572
110,6,4,1,8.71061063246546
111,6,4,1,7.42607885380428
112,6,4,1,10.3544024443894
114,6,4,1,9.4779847489907
115,6,4,1,10.1606261959288
116,6,4,1,8.65315058110932
117,6,4,1,7.76503539301094
118,6,4,1,9.38648635547853
119,6,4,1,10.9245724770458
120,6,4,1,7.6968777905812
121,6,4,1,8.31698628230114
122,6,4,1,8.99515393410562
123,6,4,1,7.08876129496097
125,6,4,1,10.1276041078575
126,6,4,1,10.4176487945039
127,6,4,1,12.4696208678981
128,6,4,1,9.56277322598785
129,6,4,1,10.1681032749668
130,6,4,1,8.99407241153441
131,6,4,1,11.4185427688269
132,6,4,1,6.79253298146761
133,6,4,1,7.89106302042904
134,6,4,1,8.33296432699388
136,6,4,1,8.3304019754836
137,6,4,1,9.38261877941044
138,6,4,1,9.69258300930236
139,6,4,1,8.8417258434643
140,6,4,1,10.1741335656105
141,6,4,1,9.91570426667982
142,6,4,1,8.13336322584836
143,6,4,1,8.51933255572051
144,6,4,1,10.7186182266607
145,6,4,1,7.55384824150124
147,6,4,1,7.71307982567111
148,6,4,1,8.21786053489543
149,6,4,1,7.57213386646301
150,6,4,1,9.11914372656504
151,6,4,1,10.0376472395224
152,6,4,1,8.484622161462
153,6,4,1,9.17609307087476
154,6,4,1,7.0956513156529
155,6,4,1,9.56703160069567
156,6,4,1,6.95896009004585
158,6,4,1,8.99148093672385
159,6,4,1,7.34864698261608
160,6,4,1,9.31770075065551
161,6,4,1,8.06002178312842
162,6,4,1,7.08475503129958
163,6,4,1,6.7112254218568
164,6,4,1,8.54016102805722
165,6,4,1,7.44777559206591
166,6,4,1,8.43707437208442
167,6,4,1,9.86957974948204
169,6,4,1,7.17325549833485
170,6,4,1,6.49064178615445
171,6,4,1,7.59639456553257
172,6,4,1,9.209887853243
173,6,4,1,9.02135832879429
174,6,4,1,9.75395443767478
175,6,4,1,9.0528035288668
176,6,4,1,8.43531078901327
177,6,4,1,7.45549549097493
178,6,4,1,11.1057055395874
180,6,4,1,8.24325160364767
181,6,4,1,9.58778848307043
182,6,4,1,6.99708165082377
183,6,4,1,9.8011475439035
184,6,4,1,8.9370457346122
185,6,4,1,6.04917026897312
186,6,4,1,7.16409975451286
187,6,4,1,11.7000765426948
188,6,4,1,9.78762013315115
189,6,4,1,8.83336353679445
191,6,4,1,8.07404496103195
192,6,4,1,8.50712976315565
193,6,4,1,9.39040190269151
194,6,4,1,7.05436414957902
195,6,4,1,8.30686691263062
196,6,4,1,8.05621713841053
197,6,4,1,10.110075029661
198,6,4,1,10.1507732530046
199,6,4,1,9.70651551902587
200,6,4,1,8.1305111994251
103,6,4,1,8.6455871594512
101,7,4,1,9.96138954661591
113,7,4,1,10.062225396781
124,7,4,1,12.2843503288988
135,7,4,1,8.55224270741683
146,7,4,1,11.5838877959123
157,7,4,1,8.90870032108723
168,7,4,1,11.1707386897678
179,7,4,1,7.08817459771858
190,7,4,1,6.9153022180528
102,7,4,1,11.1324970930362
104,7,4,1,9.74988143283467
105,7,4,1,7.84251029939644
106,7,4,1,7.74888049424912
107,7,4,1,10.5700576870546
108,7,4,1,8.84201853262752
109,7,4,1,9.16615130443091
110,7,4,1,10.678423853599
111,7,4,1,9.31583155643678
112,7,4,1,10.6510717945311
114,7,4,1,10.3190495692593
115,7,4,1,10.32883786509
116,7,4,1,8.16280476644136
117,7,4,1,8.16756325900992
118,7,4,1,9.87833796047514
119,7,4,1,10.0724473365817
120,7,4,1,9.20866639112047
121,7,4,1,7.5804094917043
122,7,4,1,10.0796245667637
123,7,4,1,7.57630873426592
125,7,4,1,11.6628744497222
126,7,4,1,10.57337440057
127,7,4,1,12.8344657669489
128,7,4,1,11.488852459274
129,7,4,1,9.92401455575213
130,7,4,1,7.38784444694771
131,7,4,1,12.6144101605572
132,7,4,1,8.26667954454605
133,7,4,1,8.74470088245488
134,7,4,1,8.69940822547796
136,7,4,1,9.32252483280296
137,7,4,1,10.4801445430028
138,7,4,1,9.14846192720448
139,7,4,1,11.1088285494294
140,7,4,1,10.4660319780243
141,7,4,1,9.88242648686611
142,7,4,1,8.11244952036663
143,7,4,1,8.40054618562077
144,7,4,1,11.9021957776704
145,7,4,1,8.38273184514031
147,7,4,1,7.92354587567406
148,7,4,1,9.60701792526261
149,7,4,1,8.88455989703158
150,7,4,1,8.78393335694864
151,7,4,1,9.47515684269459
152,7,4,1,7.82785842974513
153,7,4,1,8.68320902286043
154,7,4,1,8.21428440115578
155,7,4,1,11.2212503409471
156,7,4,1,9.29083420309101
158,7,4,1,9.08226970571259
159,7,4,1,7.49363955102931
160,7,4,1,9.63721351050387
161,7,4,1,9.20226328039962
162,7,4,1,8.03275335726556
163,7,4,1,9.33902096596485
164,7,4,1,8.90520034538554
165,7,4,1,7.5747749826991
166,7,4,1,9.26817879768848
167,7,4,1,9.3735282941088
169,7,4,1,7.06625637069121
170,7,4,1,8.59235680201285
171,7,4,1,8.75025568659236
172,7,4,1,11.121464354432
173,7,4,1,8.25447272592832
174,7,4,1,11.6401449546203
175,7,4,1,11.1360664373738
176,7,4,1,10.0766980102179
177,7,4,1,9.12350057626914
178,7,4,1,10.4761659525008
180,7,4,1,8.95135793910156
181,7,4,1,11.0499602412223
182,7,4,1,10.4235289709044
183,7,4,1,11.0338300081865
184,7,4,1,9.06208869194209
185,7,4,1,8.7500895513667
186,7,4,1,9.00101004183562
187,7,4,1,11.4825666028682
188,7,4,1,9.94590025429996
189,7,4,1,9.50831829194158
191,7,4,1,9.09960432605639
192,7,4,1,9.55691822003514
193,7,4,1,10.0654457137576
194,7,4,1,6.91940703122764
195,7,4,1,9.78429242182033
196,7,4,1,7.65085026196863
197,7,4,1,11.1166018277249
198,7,4,1,9.81030834456739
199,7,4,1,10.8915635360593
200,7,4,1,8.02819965966961
103,7,4,1,9.78898163607683
101,8,4,1,10.69430510651
113,8,4,1,11.0708623989943
124,8,4,1,11.1477013339225
135,8,4,1,11.3256648306204
146,8,4,1,11.5821071305396
157,8,4,1,10.951410555044
168,8,4,1,11.6219838453468
179,8,4,1,8.56337024461282
190,8,4,1,7.87457919967075
102,8,4,1,12.1646506018525
104,8,4,1,9.82824159525944
105,8,4,1,10.4083630887906
106,8,4,1,7.82500112029539
107,8,4,1,11.9452578266477
108,8,4,1,11.1318468805687
109,8,4,1,9.18389426357809
110,8,4,1,11.1805786541746
111,8,4,1,8.96254408473229
112,8,4,1,11.007519147271
114,8,4,1,10.0823335901609
115,8,4,1,11.8018542172622
116,8,4,1,8.55685530094345
117,8,4,1,9.14760663664304
118,8,4,1,12.078934930574
119,8,4,1,12.0063458323624
120,8,4,1,10.553934152557
121,8,4,1,6.98952082996703
122,8,4,1,11.9945847816421
123,8,4,1,8.384208431476
125,8,4,1,12.8154499743559
126,8,4,1,12.2779591066264
127,8,4,1,15.0844760669873
128,8,4,1,13.2320786841566
129,8,4,1,12.2645549905367
130,8,4,1,8.94657299298575
131,8,4,1,13.8590353645113
132,8,4,1,10.4770332353608
133,8,4,1,9.91959916859344
134,8,4,1,10.3507880260999
136,8,4,1,9.82568131199247
137,8,4,1,10.151468475513
138,8,4,1,10.5729728086547
139,8,4,1,10.1970865420718
140,8,4,1,11.0758815649038
141,8,4,1,9.10286074784849
142,8,4,1,10.9700453801346
143,8,4,1,10.9843735839081
144,8,4,1,12.6820827607189
145,8,4,1,9.38874110028059
147,8,4,1,9.76485149521593
148,8,4,1,11.1243623342586
149,8,4,1,7.64037372577622
150,8,4,1,9.8054246487841
151,8,4,1,12.3628439654173
152,8,4,1,10.2404690667314
153,8,4,1,12.5711284537848
154,8,4,1,10.1565613006626
155,8,4,1,13.2825190831564
156,8,4,1,7.41575211660184
158,8,4,1,10.7139636313473
159,8,4,1,8.82692947398292
160,8,4,1,9.81899452807107
161,8,4,1,10.4158516966657
162,8,4,1,9.61299526766297
163,8,4,1,10.6798967254079
164,8,4,1,11.1665726347355
165,8,4,1,9.73678459275904
166,8,4,1,9.72687957378631
167,8,4,1,12.6063997274503
169,8,4,1,8.59657757943522
170,8,4,1,9.50013513451856
171,8,4,1,11.2595354704204
172,8,4,1,10.4671773277917
173,8,4,1,8.23500514977759
174,8,4,1,12.2193031632458
175,8,4,1,11.3631345668488
176,8,4,1,9.89901511251013
177,8,4,1,10.4851666776415
178,8,4,1,13.0640660234885
180,8,4,1,9.02599885983771
181,8,4,1,13.3396369974804
182,8,4,1,10.611941679608
183,8,4,1,11.1854571372844
184,8,4,1,9.61066639391066
185,8,4,1,8.9969316319802
186,8,4,1,9.09327714452483
187,8,4,1,13.5803263600385
188,8,4,1,12.3771410079211
189,8,4,1,10.7444988605151
191,8,4,1,10.5380418239564
192,8,4,1,11.053369506518
193,8,4,1,11.406933868562
194,8,4,1,7.63774704406567
195,8,4,1,11.4448158581748
196,8,4,1,9.76406795252767
197,8,4,1,10.4665180397486
198,8,4,1,9.30621012283091
199,8,4,1,11.0951130739972
200,8,4,1,9.58018438524538
103,8,4,1,11.8356108248268
201,1,6,0,5.56338061623099
213,1,6,0,5.83391898639182
224,1,6,0,6.91911468664579
235,1,6,0,4.26209044141061
246,1,6,0,4.90182966775834
257,1,6,0,4.93046793268537
268,1,6,0,6.25819768419376
279,1,6,0,6.21817256917258
290,1,6,0,5.29867520469136
202,1,6,0,6.08254000969445
204,1,6,0,7.14414660806317
205,1,6,0,5.54293564164516
206,1,6,0,4.62078811791031
207,1,6,0,4.67739186233797
208,1,6,0,6.72902233643231
209,1,6,0,6.69684509934587
210,1,6,0,6.93040379792205
211,1,6,0,6.3284516892109
212,1,6,0,5.34169662036289
214,1,6,0,6.1846398144588
215,1,6,0,3.52705284040376
216,1,6,0,7.73554853254537
217,1,6,0,6.82041247852013
218,1,6,0,5.54369443269732
219,1,6,0,6.14111341198973
220,1,6,0,6.71933648108993
221,1,6,0,7.3123005073519
222,1,6,0,5.8734870241716
223,1,6,0,7.08085911773408
225,1,6,0,8.56835019981795
226,1,6,0,7.58640355314885
227,1,6,0,8.11994154366612
228,1,6,0,7.92177900271941
229,1,6,0,4.52904506306813
230,1,6,0,5.23377896788611
231,1,6,0,7.24683970354793
232,1,6,0,5.9725489895434
233,1,6,0,5.72523411835881
234,1,6,0,4.82115574113311
236,1,6,0,6.07032726490295
237,1,6,0,6.94658420031155
238,1,6,0,6.24365623090283
239,1,6,0,5.73025755781549
240,1,6,0,5.79459212808531
241,1,6,0,7.36122151723141
242,1,6,0,5.90079798830061
243,1,6,0,6.05950971137168
244,1,6,0,7.858706607702
245,1,6,0,5.70657722710466
247,1,6,0,7.7419367918259
248,1,6,0,4.25770214667655
249,1,6,0,6.6329693081774
250,1,6,0,5.74081954600426
251,1,6,0,7.46030482158945
252,1,6,0,6.9717505875841
253,1,6,0,3.59109606089284
254,1,6,0,5.18796040274046
255,1,6,0,5.45028968199969
256,1,6,0,7.93355362075454
258,1,6,0,8.55151567377918
259,1,6,0,8.04277592443868
260,1,6,0,5.24891698137413
261,1,6,0,6.4214859204166
262,1,6,0,6.63147967997715
263,1,6,0,7.2848995630187
264,1,6,0,2.82495013116215
265,1,6,0,4.37249161255653
266,1,6,0,6.78816328909117
267,1,6,0,7.86233646396952
269,1,6,0,7.35793167123329
270,1,6,0,7.19730116735499
271,1,6,0,7.38008792700723
272,1,6,0,5.06475590659315
273,1,6,0,6.40103589355427
274,1,6,0,6.86919413048575
275,1,6,0,5.34707921652453
276,1,6,0,7.55765274766677
277,1,6,0,6.79011957528151
278,1,6,0,6.96220202962008
280,1,6,0,6.99058107436902
281,1,6,0,7.69436541646924
282,1,6,0,6.5668018666106
283,1,6,0,6.16665246010571
284,1,6,0,6.48670389650203
285,1,6,0,6.22029514013507
286,1,6,0,6.68053749451786
287,1,6,0,6.34494952155217
288,1,6,0,7.82479503467408
289,1,6,0,5.4825909516665
291,1,6,0,6.76236123778009
292,1,6,0,5.77861613683382
293,1,6,0,4.57782366016928
294,1,6,0,4.92929770274361
295,1,6,0,5.34988953599278
296,1,6,0,4.6785285653621
297,1,6,0,3.98498510686371
298,1,6,0,6.31947401158809
299,1,6,0,6.99039847297463
300,1,6,0,7.35845934474092
203,1,6,0,5.09619468186923
201,2,6,0,3.2320788651231
213,2,6,0,5.38451413828945
224,2,6,0,6.55264521790857
235,2,6,0,3.51630546771944
246,2,6,0,5.4299677363322
257,2,6,0,3.1806458885498
268,2,6,0,4.20967287931749
279,2,6,0,6.95519525277717
290,2,6,0,5.23360827784155
202,2,6,0,6.50470482103073
204,2,6,0,9.23350143862707
205,2,6,0,5.26716292037341
206,2,6,0,6.7655626112821
207,2,6,0,6.67656133106422
208,2,6,0,7.79846866669774
209,2,6,0,5.67415276801608
210,2,6,0,4.97862297131568
211,2,6,0,5.28747123124497
212,2,6,0,7.2094027486849
214,2,6,0,5.53138587091898
215,2,6,0,5.47137034794064
216,2,6,0,7.50469898283821
217,2,6,0,5.98031631763029
218,2,6,0,6.6132984031496
219,2,6,0,8.2381181003209
220,2,6,0,6.07435964824544
221,2,6,0,6.47157579003125
222,2,6,0,6.45205294576991
223,2,6,0,6.17454034041567
225,2,6,0,9.77490377632867
226,2,6,0,8.25562645962951
227,2,6,0,7.26279841325151
228,2,6,0,7.41624968900163
229,2,6,0,5.39941474752477
230,2,6,0,5.52858995942352
231,2,6,0,7.2775536888589
232,2,6,0,5.69697859912452
233,2,6,0,6.40161309359022
234,2,6,0,4.02497463690602
236,2,6,0,7.06984335381464
237,2,6,0,8.35376432494515
238,2,6,0,5.8170875754894
239,2,6,0,5.62168953074975
240,2,6,0,6.69851857151259
241,2,6,0,6.37965262528701
242,2,6,0,5.32164968388033
243,2,6,0,6.0219557219741
244,2,6,0,7.65129431912599
245,2,6,0,5.47146894585942
247,2,6,0,8.16216700707215
248,2,6,0,4.97139073264978
249,2,6,0,7.9286824370176
250,2,6,0,6.79896546292263
251,2,6,0,7.24860514143527
252,2,6,0,6.99631912689806
253,2,6,0,3.36204015895031
254,2,6,0,5.78718306412967
255,2,6,0,5.8101419184411
256,2,6,0,7.54576467822164
258,2,6,0,8.23717599024942
259,2,6,0,9.15452446518058
260,2,6,0,4.54059846160666
261,2,6,0,6.72570920303956
262,2,6,0,6.93678846891099
263,2,6,0,5.71581721701157
264,2,6,0,4.10912602686645
265,2,6,0,6.11209541227015
266,2,6,0,7.58739910987581
267,2,6,0,7.92081939788118
269,2,6,0,7.1784192011182
270,2,6,0,6.84363835433879
271,2,6,0,8.33966029949121
272,2,6,0,3.8865364709764
273,2,6,0,8.65187945536581
274,2,6,0,6.79297993022034
275,2,6,0,6.09782839938108
276,2,6,0,7.22193413013695
277,2,6,0,7.19929485845377
278,2,6,0,6.75715299542593
280,2,6,0,7.23449173157329
281,2,6,0,8.81477190706988
282,2,6,0,7.16659461027925
283,2,6,0,5.69010640779993
284,2,6,0,5.77447472055692
285,2,6,0,7.93881991926786
286,2,6,0,6.28309632001893
287,2,6,0,7.02341032413479
288,2,6,0,7.87472823893756
289,2,6,0,6.245779710419
291,2,6,0,5.9332159548138
292,2,6,0,6.16849065641527
293,2,6,0,4.91381179962698
294,2,6,0,6.12650088605232
295,2,6,0,6.43170912092265
296,2,6,0,6.37288514580536
297,2,6,0,5.78622861536028
298,2,6,0,5.77605666521205
299,2,6,0,7.01502750714955
300,2,6,0,8.55447034697953
203,2,6,0,7.2166505779587
201,3,6,0,5.42944619407678
213,3,6,0,5.68355853275856
224,3,6,0,6.41175850474225
235,3,6,0,4.17193815800406
246,3,6,0,5.80766867654954
257,3,6,0,4.00116223455362
268,3,6,0,5.40090005895217
279,3,6,0,7.79956320736283
290,3,6,0,5.05070197745841
202,3,6,0,6.81535145336716
204,3,6,0,6.8800676490392
205,3,6,0,6.48410398284469
206,3,6,0,5.46908236626441
207,3,6,0,7.98374443406732
208,3,6,0,7.31360798171175
209,3,6,0,7.76000537578339
210,3,6,0,6.75566924783812
211,3,6,0,5.0386340504565
212,3,6,0,5.6405367249047
214,3,6,0,7.56204544875477
215,3,6,0,5.84479490491555
216,3,6,0,8.40843378444197
217,3,6,0,6.28078645165013
218,3,6,0,6.8361659269587
219,3,6,0,8.39387105530161
220,3,6,0,6.69573136998305
221,3,6,0,6.8902019037647
222,3,6,0,7.13305976700622
223,3,6,0,6.84124018765669
225,3,6,0,10.9662079590256
226,3,6,0,8.54294701375066
227,3,6,0,8.55989495614074
228,3,6,0,7.98674092290725
229,3,6,0,6.13335452194166
230,3,6,0,6.44680231378348
231,3,6,0,5.44269328318019
232,3,6,0,5.66085278297294
233,3,6,0,5.94840295541128
234,3,6,0,4.12948901069894
236,3,6,0,7.74086481053741
237,3,6,0,8.85265864317291
238,3,6,0,6.40880184102491
239,3,6,0,8.38062139459873
240,3,6,0,8.49373151985349
241,3,6,0,7.10422258856244
242,3,6,0,6.43213435024782
243,3,6,0,6.87709557952028
244,3,6,0,8.2399071735927
245,3,6,0,6.2069817058392
247,3,6,0,8.84816314324529
248,3,6,0,4.72275443575614
249,3,6,0,7.21872737341217
250,3,6,0,6.63317989797782
251,3,6,0,7.03404556683707
252,3,6,0,7.83126472076037
253,3,6,0,4.38002194941049
254,3,6,0,5.46248627607374
255,3,6,0,5.98789776122994
256,3,6,0,8.1647387681119
258,3,6,0,8.55688463576099
259,3,6,0,7.59875470588949
260,3,6,0,5.8375258168898
261,3,6,0,6.10258200372354
262,3,6,0,6.59689200844888
263,3,6,0,6.87987010474689
264,3,6,0,3.57745612219204
265,3,6,0,5.7890534324421
266,3,6,0,6.6986332196132
267,3,6,0,7.10428366644973
269,3,6,0,6.55083555009492
270,3,6,0,6.33914650694587
271,3,6,0,6.5197754348245
272,3,6,0,6.94490413550118
273,3,6,0,6.53102571940435
274,3,6,0,6.68641978696891
275,3,6,0,6.99436085857916
276,3,6,0,5.30377601944111
277,3,6,0,6.09303414622166
278,3,6,0,5.65381936886085
280,3,6,0,6.02598293379459
281,3,6,0,8.06959977036699
282,3,6,0,7.44550670813802
283,3,6,0,6.02153006190896
284,3,6,0,4.1406050440174
285,3,6,0,6.94324819070405
286,3,6,0,7.09914736410759
287,3,6,0,7.83885872991612
288,3,6,0,9.07757353714834
289,3,6,0,6.52293552773809
291,3,6,0,6.73911782710379
292,3,6,0,8.27307983977941
293,3,6,0,5.14059241349518
294,3,6,0,7.05815757033234
295,3,6,0,7.52687749259689
296,3,6,0,5.99542795115699
297,3,6,0,6.64756131724891
298,3,6,0,7.0488498895899
299,3,6,0,8.0094569800964
300,3,6,0,7.802112365239
203,3,6,0,5.62825603513744
201,4,6,0,4.54883260647519
213,4,6,0,6.41692427987419
224,4,6,0,6.71360095232524
235,4,6,0,4.68994705781263
246,4,6,0,5.94065098157466
257,4,6,0,4.0299315434093
268,4,6,0,5.65683915905414
279,4,6,0,8.19472671112539
290,4,6,0,6.14920337548527
202,4,6,0,8.60670391018606
204,4,6,0,7.96358576901251
205,4,6,0,5.9248162434206
206,4,6,0,7.14106200052086
207,4,6,0,6.91131269822552
208,4,6,0,8.2344306159872
209,4,6,0,7.25772701848427
210,4,6,0,6.94239616066468
211,4,6,0,5.78826915288498
212,4,6,0,6.41806224894417
214,4,6,0,7.3396739981148
215,4,6,0,5.77542907997424
216,4,6,0,8.77902053474017
217,4,6,0,6.67004165568165
218,4,6,0,7.41371090038804
219,4,6,0,7.94516259394158
220,4,6,0,6.85916066534313
221,4,6,0,7.6859159002508
222,4,6,0,6.23943918210519
223,4,6,0,7.6778914644318
225,4,6,0,9.97590709759788
226,4,6,0,7.9746208358787
227,4,6,0,8.69491815429392
228,4,6,0,8.7384767488531
229,4,6,0,4.98238869732172
230,4,6,0,6.82570251055761
231,4,6,0,7.413013090293
232,4,6,0,6.29800224765491
233,4,6,0,7.53850748908179
234,4,6,0,5.95403589262018
236,4,6,0,6.73938063800353
237,4,6,0,8.50442490316567
238,4,6,0,6.89248272375938
239,4,6,0,8.25588222349758
240,4,6,0,7.86472772069816
241,4,6,0,6.11169663450284
242,4,6,0,6.2613794126707
243,4,6,0,7.53768361590722
244,4,6,0,8.05304546481308
245,4,6,0,5.50403150890036
247,4,6,0,9.2905002440344
248,4,6,0,6.57924286586233
249,4,6,0,7.99569402514382
250,4,6,0,7.65717548471639
251,4,6,0,7.75305897591969
252,4,6,0,8.6988173174076
253,4,6,0,7.26198533461533
254,4,6,0,5.89667281078581
255,4,6,0,6.31712047918611
256,4,6,0,7.63378583350218
258,4,6,0,9.61056536178989
259,4,6,0,8.28914715768997
260,4,6,0,4.82328640269224
261,4,6,0,7.80369681160222
262,4,6,0,6.39863018195609
263,4,6,0,6.31886097252252
264,4,6,0,4.62659567773175
265,4,6,0,6.54849621784961
266,4,6,0,7.74935281902498
267,4,6,0,7.20568974449892
269,4,6,0,8.23570503227532
270,4,6,0,6.79246860311763
271,4,6,0,7.95836705813347
272,4,6,0,6.81293576319161
273,4,6,0,7.78504094438321
274,4,6,0,7.59888343217889
275,4,6,0,6.98859939185778
276,4,6,0,6.74490974143155
277,4,6,0,7.32427729033655
278,4,6,0,6.38759452093282
280,4,6,0,7.8255560999355
281,4,6,0,8.60323258584384
282,4,6,0,7.92529161856493
283,4,6,0,6.20141346211189
284,4,6,0,6.18570399858905
285,4,6,0,6.95095286021596
286,4,6,0,6.78098819719689
287,4,6,0,6.58940690332932
288,4,6,0,9.58082145238396
289,4,6,0,6.44594670725255
291,4,6,0,5.77228948266627
292,4,6,0,8.13179933438772
293,4,6,0,4.00541969722462
294,4,6,0,6.76921690350588
295,4,6,0,6.68279126807041
296,4,6,0,5.97511653914204
297,4,6,0,6.82950065456465
298,4,6,0,7.08436861160065
299,4,6,0,7.67117719497893
300,4,6,0,8.37556031761418
203,4,6,0,6.87207925961328
201,5,6,0,5.44732581019962
213,5,6,0,6.36494415541938
224,5,6,0,7.32534841655328
235,5,6,0,5.81406453953314
246,5,6,0,8.11163910871655
257,5,6,0,5.22338596800507
268,5,6,0,7.59762052964543
279,5,6,0,8.08504115456967
290,5,6,0,7.36551403026537
202,5,6,0,7.81756627050597
204,5,6,0,6.7912333630258
205,5,6,0,6.80603545518151
206,5,6,0,7.55276748607042
207,5,6,0,7.02163421342559
208,5,6,0,7.89422377583563
209,5,6,0,7.72099341913915
210,5,6,0,7.54070899581526
211,5,6,0,6.91004074936907
212,5,6,0,7.3908183818966
214,5,6,0,7.14161008095685
215,5,6,0,6.71848884652463
216,5,6,0,9.23803050140942
217,5,6,0,7.74321533440525
218,5,6,0,7.38523420064059
219,5,6,0,7.52807879035899
220,5,6,0,8.09055199190336
221,5,6,0,7.60061717427885
222,5,6,0,7.03690838848395
223,5,6,0,7.34381381681027
225,5,6,0,10.3906796263721
226,5,6,0,8.45256614850696
227,5,6,0,7.95442344450438
228,5,6,0,8.6857580912722
229,5,6,0,6.62276140140145
230,5,6,0,6.60700708358939
231,5,6,0,7.71655629345484
232,5,6,0,6.2770532073134
233,5,6,0,7.63436710340686
234,5,6,0,4.91980288578062
236,5,6,0,6.85106557155436
237,5,6,0,7.88847797048469
238,5,6,0,6.4612184439816
239,5,6,0,7.89287317976626
240,5,6,0,7.68373678900613
241,5,6,0,7.6524262056718
242,5,6,0,6.5055556949698
243,5,6,0,6.40003148456204
244,5,6,0,8.90991160801598
245,5,6,0,7.50944780477319
247,5,6,0,9.25203346583804
248,5,6,0,6.28082951783363
249,5,6,0,8.2308483004617
250,5,6,0,7.37158272805244
251,5,6,0,8.31312386049698
252,5,6,0,9.10175919837951
253,5,6,0,4.62555541471064
254,5,6,0,6.64083211274841
255,5,6,0,7.0155250750887
256,5,6,0,8.21860196293459
258,5,6,0,9.48035155301316
259,5,6,0,8.08642210288737
260,5,6,0,6.32913640963456
261,5,6,0,8.91088593328494
262,5,6,0,6.93888332743309
263,5,6,0,6.65055795857881
264,5,6,0,5.39433898296283
265,5,6,0,8.08208096099376
266,5,6,0,7.8056758943433
267,5,6,0,8.645888048339
269,5,6,0,7.58403638086368
270,5,6,0,8.14874591550155
271,5,6,0,9.06667505349623
272,5,6,0,7.26436004025688
273,5,6,0,7.96583309237758
274,5,6,0,7.98953748287717
275,5,6,0,6.78667007650482
276,5,6,0,7.02707024516534
277,5,6,0,7.67776741892494
278,5,6,0,8.92698307556491
280,5,6,0,8.40089512613473
281,5,6,0,9.16903125323282
282,5,6,0,7.98732586193787
283,5,6,0,6.82468182115407
284,5,6,0,7.12303226573684
285,5,6,0,8.58303905283525
286,5,6,0,8.39849631923721
287,5,6,0,7.58486954717891
288,5,6,0,9.29636723647814
289,5,6,0,7.0412835178209
291,5,6,0,5.83286130974637
292,5,6,0,7.88171262743836
293,5,6,0,6.2617968245124
294,5,6,0,7.29317464975232
295,5,6,0,6.15980843379105
296,5,6,0,5.3314839220868
297,5,6,0,7.46506607320797
298,5,6,0,7.58961229062095
299,5,6,0,6.72971626983247
300,5,6,0,8.9352031086152
203,5,6,0,7.45505422322115
201,6,6,1,7.47244626100149
213,6,6,1,7.75639117922625
224,6,6,1,8.03401921476311
235,6,6,1,6.72072083593125
246,6,6,1,7.52260275968114
257,6,6,1,7.38641049426847
268,6,6,1,7.75490265404429
279,6,6,1,7.59763825214896
290,6,6,1,7.56459604888436
202,6,6,1,8.67879531936251
204,6,6,1,8.91303956266195
205,6,6,1,7.72970390122048
206,6,6,1,8.37481831662641
207,6,6,1,9.4902186870621
208,6,6,1,10.1988132559637
209,6,6,1,9.5660482233506
210,6,6,1,9.10041431183502
211,6,6,1,6.92326929257867
212,6,6,1,9.37768044999523
214,6,6,1,8.23802948871136
215,6,6,1,6.80662126715872
216,6,6,1,10.7436782400411
217,6,6,1,8.80003926118864
218,6,6,1,8.93806345566884
219,6,6,1,8.80403748203677
220,6,6,1,8.15381418867412
221,6,6,1,9.55267609935721
222,6,6,1,8.23226197580912
223,6,6,1,9.60224585365905
225,6,6,1,11.3028020214559
226,6,6,1,10.0145499432456
227,6,6,1,8.52334814864918
228,6,6,1,9.08036668801064
229,6,6,1,7.83249522201915
230,6,6,1,9.0640217397029
231,6,6,1,10.128205189301
232,6,6,1,6.9298113156024
233,6,6,1,8.92721261110407
234,6,6,1,5.71156493752925
236,6,6,1,7.43284865132894
237,6,6,1,8.36359413130522
238,6,6,1,8.20087005191906
239,6,6,1,7.6257261495472
240,6,6,1,8.64553988060487
241,6,6,1,8.8873124333303
242,6,6,1,7.48716851803921
243,6,6,1,9.43442954375737
244,6,6,1,9.54877050143446
245,6,6,1,7.45857933285316
247,6,6,1,9.27708872937842
248,6,6,1,6.89546038657286
249,6,6,1,9.26179632648195
250,6,6,1,9.51564300264988
251,6,6,1,9.43004011712296
252,6,6,1,9.6330589881903
253,6,6,1,6.40287960498612
254,6,6,1,6.04150344474985
255,6,6,1,8.17241185349371
256,6,6,1,10.4088021298268
258,6,6,1,10.5317683577069
259,6,6,1,9.46841495942405
260,6,6,1,6.38218296713356
261,6,6,1,8.51786257215646
262,6,6,1,7.97391210843778
263,6,6,1,9.14716629144519
264,6,6,1,6.06003941121053
265,6,6,1,8.71327899954005
266,6,6,1,8.85048910197951
267,6,6,1,9.99832644031274
269,6,6,1,7.60987706498386
270,6,6,1,9.30010701553465
271,6,6,1,10.3698624433639
272,6,6,1,8.1539607203372
273,6,6,1,9.08681764350772
274,6,6,1,8.79584906783513
275,6,6,1,8.42162113041493
276,6,6,1,8.29877147243087
277,6,6,1,9.39677512945273
278,6,6,1,9.18868076734167
280,6,6,1,9.50682249497475
281,6,6,1,8.79826375893847
282,6,6,1,8.66173635715457
283,6,6,1,7.3209341190744
284,6,6,1,8.8453149067521
285,6,6,1,9.58276012328552
286,6,6,1,8.14662416340681
287,6,6,1,8.95470528954929
288,6,6,1,9.97385556278644
289,6,6,1,7.54908511800821
291,6,6,1,9.45428158011847
292,6,6,1,9.72118006937726
293,6,6,1,7.48312485259508
294,6,6,1,9.33806640109253
295,6,6,1,8.59218598350806
296,6,6,1,7.3513472411387
297,6,6,1,9.98925306201136
298,6,6,1,8.09615100467597
299,6,6,1,9.67548835198123
300,6,6,1,9.2471010355079
203,6,6,1,8.33202615954179
201,7,6,1,7.62476592155882
213,7,6,1,8.59799668165333
224,7,6,1,8.66276120659958
235,7,6,1,7.96869216885553
246,7,6,1,9.0479426168935
257,7,6,1,7.07359302819635
268,7,6,1,8.16851844789467
279,7,6,1,11.294322501337
290,7,6,1,8.6857646499387
202,7,6,1,10.5322236931796
204,7,6,1,11.6479768691259
205,7,6,1,8.21864426818881
206,7,6,1,8.97987011250579
207,7,6,1,8.95256669565074
208,7,6,1,9.96886991089984
209,7,6,1,8.8453809271917
210,7,6,1,8.48472861013376
211,7,6,1,7.93515279063088
212,7,6,1,10.0836208809244
214,7,6,1,9.2499890442419
215,7,6,1,7.59239802044454
216,7,6,1,10.8177589824
217,7,6,1,8.73609406425145
218,7,6,1,10.9348987666704
219,7,6,1,10.2251792109257
220,7,6,1,9.87889890881302
221,7,6,1,10.7066524497443
222,7,6,1,9.19798411726314
223,7,6,1,10.792582501015
225,7,6,1,11.8064540732945
226,7,6,1,10.5619242051408
227,7,6,1,11.0507249973004
228,7,6,1,11.2537038205266
229,7,6,1,8.955541097954
230,7,6,1,9.26478228486477
231,7,6,1,10.3726105476269
232,7,6,1,8.99260503299405
233,7,6,1,10.2944874640151
234,7,6,1,6.84556224328614
236,7,6,1,9.12447349431844
237,7,6,1,10.8833573587306
238,7,6,1,8.78596659360559
239,7,6,1,9.0679021955287
240,7,6,1,9.55876862342767
241,7,6,1,9.13215053257084
242,7,6,1,7.40856829001037
243,7,6,1,8.66869894240806
244,7,6,1,10.874270385349
245,7,6,1,10.5182513876284
247,7,6,1,11.0130309836835
248,7,6,1,7.91478466956616
249,7,6,1,11.8701823115029
250,7,6,1,10.112568576987
251,7,6,1,9.63762367252727
252,7,6,1,11.4491128130222
253,7,6,1,7.33720478314778
254,7,6,1,8.98433901100221
255,7,6,1,8.74061748784795
256,7,6,1,9.92321551579029
258,7,6,1,10.152506174374
259,7,6,1,9.973036398368
260,7,6,1,7.87933659174899
261,7,6,1,10.6222071691715
262,7,6,1,9.06720721342255
263,7,6,1,10.8019840550816
264,7,6,1,7.77455446704767
265,7,6,1,9.09487254303612
266,7,6,1,9.99925321620903
267,7,6,1,9.87668155441138
269,7,6,1,9.38229631300069
270,7,6,1,9.73143094409991
271,7,6,1,10.2002636870273
272,7,6,1,10.8364775133417
273,7,6,1,9.44683353165862
274,7,6,1,10.1379402495063
275,7,6,1,10.1415121565701
276,7,6,1,9.41171369575491
277,7,6,1,9.22066489272796
278,7,6,1,10.9413406181561
280,7,6,1,11.4502265028887
281,7,6,1,9.94911550990356
282,7,6,1,10.9306782259766
283,7,6,1,8.4358552226147
284,7,6,1,9.4651224072864
285,7,6,1,10.383804279105
286,7,6,1,9.0641272289594
287,7,6,1,9.93959008782159
288,7,6,1,11.5743947598982
289,7,6,1,9.78411947370341
291,7,6,1,10.064920804777
292,7,6,1,8.32952017663699
293,7,6,1,8.68781974119075
294,7,6,1,8.74577791777612
295,7,6,1,9.71797090553003
296,7,6,1,8.68454565083756
297,7,6,1,9.59563964110234
298,7,6,1,10.0204462448327
299,7,6,1,8.82852354299324
300,7,6,1,10.5377522481717
203,7,6,1,8.26891753462328
201,8,6,1,9.29227616708505
213,8,6,1,9.11489891711048
224,8,6,1,9.43292336214417
235,8,6,1,8.19783113504147
246,8,6,1,9.63367476840028
257,8,6,1,8.36613161150293
268,8,6,1,10.0946664019916
279,8,6,1,10.6701445938994
290,8,6,1,9.70856488898382
202,8,6,1,11.369727464252
204,8,6,1,11.2651564014729
205,8,6,1,9.40058270086869
206,8,6,1,10.623967969603
207,8,6,1,10.9816954466721
208,8,6,1,11.2584260697097
209,8,6,1,9.28510783620846
210,8,6,1,10.7078655473382
211,8,6,1,8.81042753387778
212,8,6,1,10.5208124410041
214,8,6,1,10.2850775167503
215,8,6,1,9.80735353319224
216,8,6,1,10.6737696101997
217,8,6,1,10.5710228257083
218,8,6,1,11.0857062608971
219,8,6,1,10.2462804442611
220,8,6,1,9.78774869122962
221,8,6,1,10.834408737688
222,8,6,1,9.9024268821203
223,8,6,1,11.2800822189543
225,8,6,1,12.8993358573425
226,8,6,1,11.0036506008364
227,8,6,1,11.1411054494031
228,8,6,1,11.1157364713235
229,8,6,1,8.75096849680469
230,8,6,1,10.115013445041
231,8,6,1,9.79655146870522
232,8,6,1,9.59491839183401
233,8,6,1,9.30842109206515
234,8,6,1,7.6416963239627
236,8,6,1,11.0895589938524
237,8,6,1,11.0852237041128
238,8,6,1,10.5737812713098
239,8,6,1,9.65930586262558
240,8,6,1,10.9316362579476
241,8,6,1,9.60499979943805
242,8,6,1,10.4764550796216
243,8,6,1,9.87906979430501
244,8,6,1,12.0255044875375
245,8,6,1,11.1971889041155
247,8,6,1,11.6262535290215
248,8,6,1,9.87282504196981
249,8,6,1,10.4267629741491
250,8,6,1,9.55457835966064
251,8,6,1,10.8910041557084
252,8,6,1,12.5116132822771
253,8,6,1,8.47575280049332
254,8,6,1,9.75898139242082
255,8,6,1,9.70121007568927
256,8,6,1,12.9856754934236
258,8,6,1,12.2128069982246
259,8,6,1,10.2850099677776
260,8,6,1,8.88507110844509
261,8,6,1,10.7551840450727
262,8,6,1,9.35191527564334
263,8,6,1,10.0838360225922
264,8,6,1,7.1896103684683
265,8,6,1,8.9005819734084
266,8,6,1,9.97506459225694
267,8,6,1,11.6553421333661
269,8,6,1,10.3666503909531
270,8,6,1,9.21242777434055
271,8,6,1,11.4302652068981
272,8,6,1,8.38345305474851
273,8,6,1,11.3185739324349
274,8,6,1,10.6243375460302
275,8,6,1,10.8834917108076
276,8,6,1,10.1743765164111
277,8,6,1,11.5359739864463
278,8,6,1,10.4473575088536
280,8,6,1,11.6656268159873
281,8,6,1,10.3259582628351
282,8,6,1,10.8972423464791
283,8,6,1,9.63080076662773
284,8,6,1,9.31731354585275
285,8,6,1,9.3447525538612
286,8,6,1,10.5189155630116
287,8,6,1,11.1742701652861
288,8,6,1,13.0109743013813
289,8,6,1,10.8072050449329
291,8,6,1,10.356674646156
292,8,6,1,11.4279753098619
293,8,6,1,8.23297197430661
294,8,6,1,10.8586628590919
295,8,6,1,9.77999706710873
296,8,6,1,9.29913918262071
297,8,6,1,10.9507632387394
298,8,6,1,9.14478025523156
299,8,6,1,11.3808443160538
300,8,6,1,10.878144166908
203,8,6,1,9.64954994037523
301,1,99,0,5.39887045332994
313,1,99,0,4.32361192748951
324,1,99,0,6.02066397686383
335,1,99,0,5.81095454577023
346,1,99,0,5.67281847405534
357,1,99,0,4.70309079177329
368,1,99,0,4.77401627505698
379,1,99,0,5.63100199227035
390,1,99,0,3.76037967844132
302,1,99,0,6.55878901510039
304,1,99,0,4.1280771947704
305,1,99,0,7.54619701727362
306,1,99,0,6.07795322919787
307,1,99,0,4.84696515948145
308,1,99,0,4.95185176633705
309,1,99,0,5.89059321076489
310,1,99,0,5.58279971234529
311,1,99,0,6.71323976189041
312,1,99,0,5.50915896560717
314,1,99,0,5.51815558940044
315,1,99,0,5.54512588879549
316,1,99,0,6.1146071279727
317,1,99,0,4.83596490902849
318,1,99,0,4.25809511318571
319,1,99,0,3.17207889943861
320,1,99,0,7.51772204481787
321,1,99,0,5.04863735762717
322,1,99,0,4.91820100935538
323,1,99,0,4.58639420421802
325,1,99,0,4.666169156015
326,1,99,0,5.66599890530795
327,1,99,0,5.43332592995739
328,1,99,0,4.37663660913088
329,1,99,0,7.99534379143677
330,1,99,0,5.06314435865693
331,1,99,0,6.24412968249685
332,1,99,0,5.54949670731549
333,1,99,0,4.3173316673647
334,1,99,0,5.10379565324674
336,1,99,0,5.70057612404379
337,1,99,0,7.97759915985151
338,1,99,0,4.18970884343455
339,1,99,0,5.33167830193442
340,1,99,0,7.34861667383468
341,1,99,0,4.27107071526232
342,1,99,0,7.08601868480632
343,1,99,0,4.09348332302313
344,1,99,0,3.96234158889808
345,1,99,0,3.74044313772975
347,1,99,0,4.33364366817941
348,1,99,0,3.99229379572394
349,1,99,0,7.49272290880786
350,1,99,0,5.45451857919905
351,1,99,0,4.31271746520442
352,1,99,0,5.65250707806173
353,1,99,0,5.30100156722284
354,1,99,0,6.42926389099368
355,1,99,0,6.10987029866757
356,1,99,0,5.74983807124701
358,1,99,0,7.43384226489342
359,1,99,0,4.88070303205713
360,1,99,0,6.22928353330069
361,1,99,0,6.72893645541853
362,1,99,0,5.44939981400998
363,1,99,0,4.61123561864388
364,1,99,0,4.56566484111881
365,1,99,0,3.89366432782181
366,1,99,0,4.76021736599782
367,1,99,0,5.29168493891821
369,1,99,0,7.43347399791327
370,1,99,0,5.89404255427621
371,1,99,0,5.8678452190981
372,1,99,0,6.88945292042197
373,1,99,0,6.95472755834505
374,1,99,0,4.03460106326257
375,1,99,0,4.35631312961826
376,1,99,0,6.2621570215729
377,1,99,0,6.46629341669172
378,1,99,0,6.58244991594486
380,1,99,0,4.15639445471744
381,1,99,0,6.39411568112021
382,1,99,0,5.15669562372245
383,1,99,0,5.5076559934765
384,1,99,0,6.72019748000661
385,1,99,0,2.94111199921062
386,1,99,0,5.04072290148385
387,1,99,0,3.980848967958
388,1,99,0,4.16126466249318
389,1,99,0,6.8583294511839
391,1,99,0,4.29460189808918
392,1,99,0,6.67187075073593
393,1,99,0,1.64032425134574
394,1,99,0,5.67157028361245
395,1,99,0,5.94753210755894
396,1,99,0,2.46903200887326
397,1,99,0,5.3124942009664
398,1,99,0,6.03246149224547
399,1,99,0,5.25426013399868
400,1,99,0,5.13143706372079
303,1,99,0,6.17252592174357
301,2,99,0,6.61114527923747
313,2,99,0,4.32555114271878
324,2,99,0,6.83831389692508
335,2,99,0,3.74120715443766
346,2,99,0,6.81574309804997
357,2,99,0,3.93389789484298
368,2,99,0,4.62696799445021
379,2,99,0,6.15393660125247
390,2,99,0,4.33183435522749
302,2,99,0,5.13982668635016
304,2,99,0,4.35910407012903
305,2,99,0,6.04115056378156
306,2,99,0,5.60708172293316
307,2,99,0,5.85349775949234
308,2,99,0,3.09761093488273
309,2,99,0,6.42302416365096
310,2,99,0,5.12513911509279
311,2,99,0,7.82580500123436
312,2,99,0,4.8722798189941
314,2,99,0,6.28997919740098
315,2,99,0,5.64713299224511
316,2,99,0,5.37081012428774
317,2,99,0,4.12691598278805
318,2,99,0,4.69008369834222
319,2,99,0,5.590661644766
320,2,99,0,6.57424960513926
321,2,99,0,5.70679958544354
322,2,99,0,4.38485908784857
323,2,99,0,4.30778378516212
325,2,99,0,5.9324358454261
326,2,99,0,6.85096876201198
327,2,99,0,5.23855488655657
328,2,99,0,5.03079742165853
329,2,99,0,8.32711397214128
330,2,99,0,4.39272058649613
331,2,99,0,6.4775153352345
332,2,99,0,6.4262965360009
333,2,99,0,5.90555602685567
334,2,99,0,5.44595453789498
336,2,99,0,5.68729245028625
337,2,99,0,8.21018590069071
338,2,99,0,3.08641079109718
339,2,99,0,7.60123685404461
340,2,99,0,6.01008641494033
341,2,99,0,4.23298077679688
342,2,99,0,5.91587991615622
343,2,99,0,5.02344890550953
344,2,99,0,4.17216853754294
345,2,99,0,4.6777506550432
347,2,99,0,5.59228402826643
348,2,99,0,4.25744145337049
349,2,99,0,7.5458478430979
350,2,99,0,5.54586841937245
351,2,99,0,4.78254224492789
352,2,99,0,4.35351009100918
353,2,99,0,3.69793148972753
354,2,99,0,5.78586964470187
355,2,99,0,6.04849489372707
356,2,99,0,5.69285153090477
358,2,99,0,8.27062680939654
359,2,99,0,6.30278210390135
360,2,99,0,5.69632371163381
361,2,99,0,7.18408184868817
362,2,99,0,4.67034225236215
363,2,99,0,4.18323380835044
364,2,99,0,4.6176804717922
365,2,99,0,5.57819121754695
366,2,99,0,3.5776837023279
367,2,99,0,6.43245575708938
369,2,99,0,6.61350820139196
370,2,99,0,6.43416538935286
371,2,99,0,7.02432715158278
372,2,99,0,6.81496437637892
373,2,99,0,6.19872223135795
374,2,99,0,6.90315680207453
375,2,99,0,4.69442804107346
376,2,99,0,4.7572836071703
377,2,99,0,7.39317072392482
378,2,99,0,7.29741768574406
380,2,99,0,4.19671670284387
381,2,99,0,6.33324275588557
382,2,99,0,5.39173550655418
383,2,99,0,6.18044975161996
384,2,99,0,5.32032378201517
385,2,99,0,4.35972267830809
386,2,99,0,6.19966963974441
387,2,99,0,3.56365805402259
388,2,99,0,5.84857299353764
389,2,99,0,9.12506886116029
391,2,99,0,5.15534491827561
392,2,99,0,5.84433751980231
393,2,99,0,4.9045832149678
394,2,99,0,5.16308086423068
395,2,99,0,4.79242135580621
396,2,99,0,5.08385305309933
397,2,99,0,6.2570113346083
398,2,99,0,6.95365895626094
399,2,99,0,5.06709742845288
400,2,99,0,5.679895788416
303,2,99,0,5.77615694735533
301,3,99,0,7.17249853720631
313,3,99,0,4.58106024368891
324,3,99,0,7.33706210361978
335,3,99,0,4.7993554398365
346,3,99,0,7.992700138394
357,3,99,0,5.97423029887208
368,3,99,0,5.94298387254611
379,3,99,0,5.91309235455779
390,3,99,0,5.35543727208027
302,3,99,0,5.1592663157391
304,3,99,0,5.54626579377852
305,3,99,0,6.94274379488028
306,3,99,0,5.77576167553117
307,3,99,0,6.04971242756576
308,3,99,0,5.08619207070404
309,3,99,0,6.40755492537367
310,3,99,0,5.57977805891412
311,3,99,0,7.55831885093552
312,3,99,0,6.710135610222
314,3,99,0,4.95099990286892
315,3,99,0,6.71497071458765
316,3,99,0,6.69556480084541
317,3,99,0,6.175891041558
318,3,99,0,5.43766746648401
319,3,99,0,3.78442659626317
320,3,99,0,7.0034392352045
321,3,99,0,5.88888624624006
322,3,99,0,4.65593054623562
323,3,99,0,5.17626769166766
325,3,99,0,5.08354139513595
326,3,99,0,7.34366677209399
327,3,99,0,5.57818060226443
328,3,99,0,5.1075395695129
329,3,99,0,6.73835268899364
330,3,99,0,4.7276459559326
331,3,99,0,5.79174190446152
332,3,99,0,7.39137247744012
333,3,99,0,5.19622430659102
334,3,99,0,7.35660210424754
336,3,99,0,5.60748250300626
337,3,99,0,7.81721704478873
338,3,99,0,4.03934821232241
339,3,99,0,5.69933066539424
340,3,99,0,7.99731315431991
341,3,99,0,3.47381785787966
342,3,99,0,6.102250617287
343,3,99,0,4.74480118168293
344,3,99,0,5.41821448116509
345,3,99,0,4.92296068069503
347,3,99,0,7.24113850259324
348,3,99,0,4.93947643593202
349,3,99,0,8.29176726049588
350,3,99,0,5.41398158681625
351,3,99,0,4.99735118838395
352,3,99,0,4.41049407613416
353,3,99,0,5.21791359978616
354,3,99,0,5.90839311888158
355,3,99,0,6.63143355577141
356,3,99,0,6.27438783299026
358,3,99,0,7.10952954072779
359,3,99,0,4.57939203779339
360,3,99,0,5.51277975765442
361,3,99,0,6.19065972866866
362,3,99,0,4.24214858685656
363,3,99,0,5.76592119786615
364,3,99,0,4.6608837143915
365,3,99,0,5.12493961765066
366,3,99,0,4.29987679281205
367,3,99,0,7.20476143677014
369,3,99,0,8.01325601940806
370,3,99,0,7.02421649316761
371,3,99,0,7.88819542328543
372,3,99,0,8.9416898533531
373,3,99,0,7.17116232533713
374,3,99,0,7.12347936101341
375,3,99,0,4.12513540332109
376,3,99,0,5.59646160320882
377,3,99,0,7.98034766861675
378,3,99,0,7.6988458906872
380,3,99,0,4.36667263074674
381,3,99,0,6.09856335627176
382,3,99,0,7.13270555932807
383,3,99,0,5.09735540541941
384,3,99,0,6.90207434064142
385,3,99,0,5.48933484588207
386,3,99,0,5.67450022052484
387,3,99,0,3.92560716792261
388,3,99,0,4.48456264758038
389,3,99,0,7.01017866177067
391,3,99,0,5.98274884165079
392,3,99,0,7.29482913381563
393,3,99,0,4.83209617949349
394,3,99,0,5.92750102079106
395,3,99,0,6.37897965782446
396,3,99,0,3.97284151986029
397,3,99,0,6.32137957719793
398,3,99,0,7.05007099926614
399,3,99,0,6.1702991106416
400,3,99,0,5.78891424235028
303,3,99,0,7.14792154509936
301,4,99,0,7.87026291146421
313,4,99,0,6.20496412640954
324,4,99,0,6.8909238734386
335,4,99,0,4.65869008741389
346,4,99,0,5.99606167239878
357,4,99,0,6.1836469420057
368,4,99,0,4.68952286610193
379,4,99,0,6.81481069867781
390,4,99,0,5.7241090320408
302,4,99,0,6.93617698308781
304,4,99,0,5.45653231438569
305,4,99,0,7.60618942913208
306,4,99,0,7.17481977891517
307,4,99,0,4.53848058270463
308,4,99,0,6.36376223608771
309,4,99,0,7.44656223229698
310,4,99,0,6.43912254898655
311,4,99,0,6.89382486326963
312,4,99,0,6.02682475991298
314,4,99,0,4.83383202765068
315,4,99,0,5.02813540357324
316,4,99,0,6.71285519759097
317,4,99,0,5.54586805910631
318,4,99,0,5.28267882225593
319,4,99,0,5.32460046945706
320,4,99,0,7.33116654051123
321,4,99,0,5.92100297330051
322,4,99,0,4.72807415632012
323,4,99,0,5.4915586505648
325,4,99,0,6.15215570465776
326,4,99,0,7.15173097076853
327,4,99,0,5.60289858491702
328,4,99,0,5.71323646200814
329,4,99,0,8.64309249444744
330,4,99,0,6.51234786636685
331,4,99,0,6.29698363916221
332,4,99,0,6.89665707806841
333,4,99,0,6.19162346580342
334,4,99,0,6.17557677226287
336,4,99,0,5.2640662026191
337,4,99,0,7.60516793522786
338,4,99,0,3.78995931271663
339,4,99,0,7.27410860384353
340,4,99,0,7.1327712157185
341,4,99,0,4.94899841181514
342,4,99,0,7.04539147700765
343,4,99,0,5.49022161472677
344,4,99,0,6.02936944505251
345,4,99,0,2.40037839858906
347,4,99,0,6.72633689994175
348,4,99,0,4.25827844749258
349,4,99,0,7.94918909112965
350,4,99,0,6.97937499117865
351,4,99,0,5.75637053187907
352,4,99,0,4.38356094470731
353,4,99,0,5.57558184500843
354,4,99,0,6.80264225941841
355,4,99,0,6.33171137423217
356,4,99,0,6.81290299471499
358,4,99,0,8.08344814835807
359,4,99,0,6.72949029082605
360,4,99,0,5.70344003329254
361,4,99,0,7.6961850351813
362,4,99,0,4.18896037141618
363,4,99,0,5.78241323094418
364,4,99,0,5.15349234046034
365,4,99,0,5.22479882476146
366,4,99,0,5.66220747040165
367,4,99,0,7.84543830059056
369,4,99,0,8.01814319727476
370,4,99,0,7.33404583037559
371,4,99,0,8.99942883394558
372,4,99,0,7.01148770368009
373,4,99,0,7.46820871949314
374,4,99,0,6.7490689533909
375,4,99,0,4.63971394378208
376,4,99,0,5.45259362223439
377,4,99,0,6.74750956993294
378,4,99,0,7.99184776631858
380,4,99,0,4.90129197913279
381,4,99,0,5.850412204824
382,4,99,0,5.97774934691867
383,4,99,0,5.64542755275051
384,4,99,0,6.90407856594711
385,4,99,0,4.2888040484887
386,4,99,0,7.34894956393224
387,4,99,0,4.94931274206655
388,4,99,0,6.68734279103163
389,4,99,0,8.85454339371321
391,4,99,0,6.62041231882201
392,4,99,0,6.97668277342264
393,4,99,0,6.25067169708063
394,4,99,0,6.06505818210868
395,4,99,0,6.25189965554134
396,4,99,0,4.27062005150518
397,4,99,0,6.20115330266094
398,4,99,0,6.77770298822343
399,4,99,0,6.01781970994643
400,4,99,0,6.70254893407411
303,4,99,0,6.03890889951786
301,5,99,0,7.71210184715807
313,5,99,0,5.91174994920242
324,5,99,0,7.81196680285855
335,5,99,0,6.07331407576959
346,5,99,0,6.85174485112996
357,5,99,0,7.321846398552
368,5,99,0,5.6608106442308
379,5,99,0,6.57887778900644
390,5,99,0,6.82580526116216
302,5,99,0,6.54193543787491
304,5,99,0,4.3356724796744
305,5,99,0,6.96805869751781
306,5,99,0,6.68067479800611
307,5,99,0,7.81208495821832
308,5,99,0,5.46540107928353
309,5,99,0,8.35574611589265
310,5,99,0,6.16466249957158
311,5,99,0,6.79017738087881
312,5,99,0,7.11910890178977
314,5,99,0,5.60387420698488
315,5,99,0,6.85256849171332
316,5,99,0,5.30281403303499
317,5,99,0,6.31941235640357
318,5,99,0,6.84980966893185
319,5,99,0,5.28287542559095
320,5,99,0,8.11191538114217
321,5,99,0,6.1026335605729
322,5,99,0,6.06194429818084
323,5,99,0,6.68653734146003
325,5,99,0,7.19759192621582
326,5,99,0,8.24810693207145
327,5,99,0,6.18060921885855
328,5,99,0,5.72200993164317
329,5,99,0,7.92809051775704
330,5,99,0,6.17362629773078
331,5,99,0,4.51562128102289
332,5,99,0,6.76080815182384
333,5,99,0,7.42134817582362
334,5,99,0,6.510846028635
336,5,99,0,5.50995405199113
337,5,99,0,8.0851924942157
338,5,99,0,5.52098349720597
339,5,99,0,6.91879027773513
340,5,99,0,8.25602253090605
341,5,99,0,4.40192265941512
342,5,99,0,6.34345985642912
343,5,99,0,4.77397911202727
344,5,99,0,5.90591015723578
345,5,99,0,4.22537031798858
347,5,99,0,7.65591629378113
348,5,99,0,4.93176617489451
349,5,99,0,7.51721207267501
350,5,99,0,7.01821353268922
351,5,99,0,5.02663726388728
352,5,99,0,6.06656547106532
353,5,99,0,5.89893256537199
354,5,99,0,5.49704651821179
355,5,99,0,7.1615916758875
356,5,99,0,6.76990236901921
358,5,99,0,10.0911191979392
359,5,99,0,8.43244277019608
360,5,99,0,7.58630390414384
361,5,99,0,8.53039987063265
362,5,99,0,6.507256717642
363,5,99,0,5.40066171392044
364,5,99,0,5.2212404341454
365,5,99,0,5.80600860186172
366,5,99,0,5.69021051101481
367,5,99,0,7.08155094844222
369,5,99,0,7.63677115145816
370,5,99,0,7.63947442842948
371,5,99,0,8.08439589317669
372,5,99,0,7.95101315090188
373,5,99,0,8.87797916643382
374,5,99,0,7.907792959748
375,5,99,0,5.15794767561887
376,5,99,0,5.97330822503386
377,5,99,0,7.73096103856955
378,5,99,0,7.34890244152175
380,5,99,0,5.63268720230199
381,5,99,0,7.08987039530254
382,5,99,0,5.1578879480584
383,5,99,0,6.0163834529036
384,5,99,0,7.18924776141267
385,5,99,0,5.1854832504954
386,5,99,0,7.29745197322727
387,5,99,0,4.70293829528035
388,5,99,0,6.22415426025346
389,5,99,0,9.08957992783904
391,5,99,0,5.83762313770914
392,5,99,0,7.56219850783128
393,5,99,0,4.49570078041964
394,5,99,0,6.98665774382401
395,5,99,0,6.3467896800047
396,5,99,0,5.97168881145935
397,5,99,0,6.73314704494925
398,5,99,0,7.60384364934741
399,5,99,0,6.81584478840535
400,5,99,0,6.43376445911769
303,5,99,0,7.50258091075095
301,6,99,0,8.15478156386832
313,6,99,0,4.77787174158822
324,6,99,0,8.14485374298734
335,6,99,0,5.0166636246161
346,6,99,0,6.34807307012024
357,6,99,0,7.75512314540008
368,6,99,0,5.63644982037848
379,6,99,0,7.78731626291945
390,6,99,0,5.5812956774658
302,6,99,0,7.37358374404398
304,6,99,0,5.23037445305374
305,6,99,0,8.6319912631114
306,6,99,0,6.45531584775887
307,6,99,0,6.43109898954979
308,6,99,0,6.02460771630398
309,6,99,0,8.94215726120764
310,6,99,0,7.6248944651705
311,6,99,0,7.5314556356684
312,6,99,0,6.30298358854172
314,6,99,0,5.51199220931719
315,6,99,0,7.51973145377629
316,6,99,0,5.86645376797928
317,6,99,0,7.72884489343807
318,6,99,0,6.61552125400739
319,6,99,0,6.26141897525048
320,6,99,0,8.25529387049879
321,6,99,0,5.56377243185503
322,6,99,0,6.07644594296525
323,6,99,0,4.87465075899571
325,6,99,0,5.21671917507646
326,6,99,0,8.51810911644794
327,6,99,0,5.69515882034251
328,6,99,0,5.87061094218903
329,6,99,0,7.67253124446984
330,6,99,0,8.25912384204092
331,6,99,0,6.48313483348638
332,6,99,0,7.43940733968862
333,6,99,0,7.56831652106161
334,6,99,0,6.53846451161069
336,6,99,0,5.45805641320003
337,6,99,0,9.50784064446447
338,6,99,0,5.09839496092639
339,6,99,0,6.55977704233477
340,6,99,0,6.93468377417002
341,6,99,0,5.16555408687226
342,6,99,0,6.8782546278491
343,6,99,0,6.12998613231804
344,6,99,0,6.52504741620031
345,6,99,0,3.73616622465715
347,6,99,0,7.00779270352267
348,6,99,0,5.93116474413713
349,6,99,0,7.93807952404785
350,6,99,0,5.97479426776369
351,6,99,0,5.6830399692808
352,6,99,0,7.61213419416166
353,6,99,0,6.49820274761508
354,6,99,0,7.38277334324234
355,6,99,0,6.75044993900615
356,6,99,0,8.7396725735563
358,6,99,0,9.3087075243224
359,6,99,0,6.42091059837654
360,6,99,0,7.21355323300646
361,6,99,0,8.59873836245406
362,6,99,0,4.86649946750856
363,6,99,0,7.23721283627091
364,6,99,0,4.88761086434933
365,6,99,0,5.20752717528739
366,6,99,0,5.61097262375708
367,6,99,0,7.51563080582189
369,6,99,0,8.22651608341154
370,6,99,0,7.35230445209158
371,6,99,0,8.55454160048041
372,6,99,0,8.5396727950221
373,6,99,0,8.23438447583456
374,6,99,0,5.89301457470243
375,6,99,0,3.79374639573096
376,6,99,0,6.82853111089306
377,6,99,0,7.90098320240225
378,6,99,0,8.62860864805327
380,6,99,0,5.15669738377578
381,6,99,0,7.55547375671328
382,6,99,0,6.02787054783965
383,6,99,0,6.53976025264756
384,6,99,0,7.04326400339328
385,6,99,0,7.09783376988691
386,6,99,0,7.31059583526558
387,6,99,0,5.1562773078083
388,6,99,0,5.37178972744555
389,6,99,0,7.32461790748351
391,6,99,0,7.15820388672231
392,6,99,0,7.95010944697008
393,6,99,0,5.69193636250076
394,6,99,0,7.01267555075415
395,6,99,0,8.27298700809774
396,6,99,0,4.8279408105517
397,6,99,0,6.33776196315356
398,6,99,0,8.65913772630664
399,6,99,0,6.82428443880956
400,6,99,0,6.52880340915951
303,6,99,0,7.36908443118687
301,7,99,0,7.6225303504738
313,7,99,0,5.54607033646992
324,7,99,0,8.31434034143821
335,7,99,0,6.1151699823619
346,7,99,0,7.44447854043855
357,7,99,0,6.83640271536001
368,7,99,0,7.17132296865724
379,7,99,0,8.71175955255375
390,7,99,0,6.97646284752973
302,7,99,0,7.86986356893322
304,7,99,0,6.69508212492065
305,7,99,0,7.96542050228855
306,7,99,0,8.44899725529116
307,7,99,0,7.46432992380279
308,7,99,0,5.13505210437013
309,7,99,0,9.75857591931541
310,7,99,0,5.85363160915855
311,7,99,0,8.70226694081727
312,7,99,0,7.58799399806918
314,7,99,0,6.07008222135183
315,7,99,0,8.22697286602951
316,7,99,0,6.20942299729828
317,7,99,0,5.96354798712828
318,7,99,0,7.26102415687727
319,7,99,0,6.39668529817555
320,7,99,0,7.61999050319763
321,7,99,0,5.54100546857786
322,7,99,0,6.02977527081245
323,7,99,0,7.02973341094594
325,7,99,0,7.3478009165353
326,7,99,0,8.21377935043938
327,7,99,0,6.20029918337253
328,7,99,0,5.90294830677095
329,7,99,0,8.73482027555798
330,7,99,0,7.30602420752133
331,7,99,0,7.06854857841881
332,7,99,0,8.04694237122099
333,7,99,0,7.33123933883718
334,7,99,0,7.7434790225602
336,7,99,0,7.14792826749598
337,7,99,0,9.0267731775297
338,7,99,0,5.31919854613959
339,7,99,0,7.32733684764098
340,7,99,0,8.71309186005529
341,7,99,0,6.39582709504253
342,7,99,0,6.33364055013784
343,7,99,0,5.29557385970191
344,7,99,0,6.8853521701453
345,7,99,0,4.33032843228382
347,7,99,0,8.1481489511255
348,7,99,0,5.82697674700579
349,7,99,0,8.18603442982064
350,7,99,0,6.77541719596787
351,7,99,0,5.87721072082226
352,7,99,0,6.85946691501911
353,7,99,0,6.00040647131228
354,7,99,0,6.95270674853288
355,7,99,0,8.18018160507169
356,7,99,0,6.75735122924266
358,7,99,0,8.72307757711609
359,7,99,0,6.7749300934797
360,7,99,0,8.12995413938251
361,7,99,0,7.20229634339415
362,7,99,0,5.14957150658769
363,7,99,0,7.08982042392276
364,7,99,0,5.47323471264496
365,7,99,0,6.82993911136692
366,7,99,0,4.57585481947613
367,7,99,0,7.60908504316327
369,7,99,0,8.56337867651906
370,7,99,0,8.02706471473148
371,7,99,0,8.51543358188538
372,7,99,0,9.04279341216499
373,7,99,0,9.29276230039047
374,7,99,0,8.2784449817564
375,7,99,0,4.74427241252907
376,7,99,0,7.20879106307107
377,7,99,0,8.8932089999877
378,7,99,0,10.0340636993315
380,7,99,0,5.83666409805366
381,7,99,0,7.96289641526567
382,7,99,0,5.83863510212023
383,7,99,0,6.58713643971273
384,7,99,0,6.50245334983191
385,7,99,0,4.69272361946036
386,7,99,0,6.93261838860932
387,7,99,0,5.42959303539432
388,7,99,0,5.81677210841262
389,7,99,0,9.46947771441024
391,7,99,0,8.03962136155848
392,7,99,0,9.16321381580089
393,7,99,0,6.56904962744574
394,7,99,0,7.12581071709122
395,7,99,0,6.91889574536291
396,7,99,0,4.97989398669981
397,7,99,0,8.75591441357077
398,7,99,0,8.25168381584237
399,7,99,0,7.19386174744301
400,7,99,0,6.25008903376584
303,7,99,0,8.10979528225637
301,8,99,0,8.5672470857092
313,8,99,0,6.9530660239004
324,8,99,0,8.57766935813734
335,8,99,0,4.6208139939316
346,8,99,0,7.9027598420394
357,8,99,0,6.79089581443096
368,8,99,0,7.24857083992825
379,8,99,0,8.55530960541515
390,8,99,0,6.88444066512371
302,8,99,0,7.08775543668471
304,8,99,0,7.07870919360381
305,8,99,0,8.95792336524015
306,8,99,0,8.75246505208956
307,8,99,0,7.57807526839591
308,8,99,0,5.4597013371086
309,8,99,0,8.07770945685114
310,8,99,0,8.28909723924575
311,8,99,0,7.20218383273994
312,8,99,0,6.12919936846838
314,8,99,0,7.07187893685306
315,8,99,0,6.49676835055814
316,8,99,0,6.77707424016214
317,8,99,0,6.4197648242762
318,8,99,0,7.71207555890007
319,8,99,0,6.38982725529788
320,8,99,0,9.33850850844831
321,8,99,0,6.72068042253643
322,8,99,0,5.89844575622721
323,8,99,0,7.69559781905642
325,8,99,0,7.77582008272143
326,8,99,0,8.33776557541805
327,8,99,0,6.76011220953385
328,8,99,0,7.26190756354147
329,8,99,0,9.76358629020411
330,8,99,0,5.77799938655001
331,8,99,0,7.35497796811426
332,8,99,0,9.19801175722509
333,8,99,0,7.62413280676395
334,8,99,0,7.35392437350663
336,8,99,0,5.92408276643535
337,8,99,0,9.83937934210419
338,8,99,0,6.49628269723262
339,8,99,0,9.27648177919948
340,8,99,0,8.92228558651215
341,8,99,0,6.7386875124088
342,8,99,0,7.73969103819349
343,8,99,0,6.70315682229855
344,8,99,0,5.844656889785
345,8,99,0,4.63716299134309
347,8,99,0,7.92887483401186
348,8,99,0,5.34625139940745
349,8,99,0,8.59471320653341
350,8,99,0,6.30388672565741
351,8,99,0,7.32448754563513
352,8,99,0,6.30432720477648
353,8,99,0,6.92714662644088
354,8,99,0,7.21679954901762
355,8,99,0,7.54036914178455
356,8,99,0,6.57055936056518
358,8,99,0,9.67821703944752
359,8,99,0,8.35552402560008
360,8,99,0,9.03286915487476
361,8,99,0,7.98253397619954
362,8,99,0,5.63867105855738
363,8,99,0,7.62062408347876
364,8,99,0,6.4900812039336
365,8,99,0,6.686215946397
366,8,99,0,5.8443856875839
367,8,99,0,8.00629883825603
369,8,99,0,10.5471996205271
370,8,99,0,8.42978627844905
371,8,99,0,9.32104553664002
372,8,99,0,8.9532213208314
373,8,99,0,8.29969241931762
374,8,99,0,7.36455841617071
375,8,99,0,5.11780185367372
376,8,99,0,7.98731251881605
377,8,99,0,7.82905197860964
378,8,99,0,8.24709606110763
380,8,99,0,7.08961384321722
381,8,99,0,9.17229627544789
382,8,99,0,6.67615759180739
383,8,99,0,8.09031034323586
384,8,99,0,6.54578053354041
385,8,99,0,6.25214538245028
386,8,99,0,7.97007244186307
387,8,99,0,6.91393922275424
388,8,99,0,6.64914160292859
389,8,99,0,9.77542535527225
391,8,99,0,8.14723170794915
392,8,99,0,8.09965221610247
393,8,99,0,8.62186134791646
394,8,99,0,10.0378521945909
395,8,99,0,8.9941793278873
396,8,99,0,4.80346234236531
397,8,99,0,8.70252650089569
398,8,99,0,8.40016223654897
399,8,99,0,6.01426783153471
400,8,99,0,7.47804005141572
303,8,99,0,7.82968623362334
